{
  "notes": {
    "key_formulas": {
      "D_mu_nu": "D=(\u03b4_{\u03bc\u03bd}-p_\u03bc p_\u03bd/p^2)/p^2 + \u03be p_\u03bc p_\u03bd/p^4",
      "D_prime": "D' = D + \u03b5 p_\u03bc p_\u03bd/(p^2+\u039b^2)^2",
      "Residual": "W_\u03bd = p_\u03bc D'_{\u03bc\u03bd} - \u03be p_\u03bd/p^2",
      "Ward": "p_\u03bc D_{\u03bc\u03bd} = \u03be p_\u03bd/p^2"
    },
    "pressure_point": "Gauge invariance enforces Ward identities. Regulators or truncations that break gauge symmetry produce Ward identity violations, allowing unphysical longitudinal contamination."
  },
  "observables": {
    "summary": {
      "max_relative_ward_violation_over_samples": 0.04429065743944639
    }
  },
  "parameters": {
    "Lambda": 2.0,
    "directions_used": [
      [
        1.0,
        0.0,
        0.0,
        0.0
      ],
      [
        1.0,
        1.0,
        0.0,
        0.0
      ],
      [
        1.0,
        1.0,
        1.0,
        0.0
      ],
      [
        1.0,
        1.0,
        1.0,
        1.0
      ],
      [
        2.0,
        -1.0,
        0.5,
        -0.25
      ]
    ],
    "eps": 0.05,
    "p_magnitudes": [
      0.5,
      1.0,
      2.0,
      4.0,
      8.0
    ],
    "xi": 1.0
  },
  "sample_points": [
    {
      "causal_structure": {
        "note": "Gauge symmetry controls unphysical modes; violations contaminate observables."
      },
      "coordinates": {
        "p_magnitude": 0.5,
        "p_vector": [
          0.5,
          0.0,
          0.0,
          0.0
        ]
      },
      "curvature_invariants": {
        "kretschmann": null,
        "note": "QFT toy; no spacetime curvature.",
        "ricci_scalar": null
      },
      "local_observables": {
        "propagator": {
          "Lambda_regulator_scale": 2.0,
          "eps_gauge_breaking_strength": 0.05,
          "xi_gauge_parameter": 1.0
        },
        "ward_identity_test": {
          "W_norm": 0.000346020761245569,
          "W_vector": [
            0.000346020761245569,
            0.0,
            0.0,
            0.0
          ],
          "interpretation": "Ward identity residual measures gauge-invariance breaking in the longitudinal sector. In exact covariant gauge, residual would be zero (up to numerics).",
          "relative_violation_W_over_target": 0.0001730103806227845
        }
      }
    },
    {
      "causal_structure": {
        "note": "Gauge symmetry controls unphysical modes; violations contaminate observables."
      },
      "coordinates": {
        "p_magnitude": 0.5,
        "p_vector": [
          0.35355339059327373,
          0.35355339059327373,
          0.0,
          0.0
        ]
      },
      "curvature_invariants": {
        "kretschmann": null,
        "note": "QFT toy; no spacetime curvature.",
        "ricci_scalar": null
      },
      "local_observables": {
        "propagator": {
          "Lambda_regulator_scale": 2.0,
          "eps_gauge_breaking_strength": 0.05,
          "xi_gauge_parameter": 1.0
        },
        "ward_identity_test": {
          "W_norm": 0.00034602076124561103,
          "W_vector": [
            0.0002446736267081029,
            0.0002446736267081029,
            0.0,
            0.0
          ],
          "interpretation": "Ward identity residual measures gauge-invariance breaking in the longitudinal sector. In exact covariant gauge, residual would be zero (up to numerics).",
          "relative_violation_W_over_target": 0.00017301038062280552
        }
      }
    },
    {
      "causal_structure": {
        "note": "Gauge symmetry controls unphysical modes; violations contaminate observables."
      },
      "coordinates": {
        "p_magnitude": 0.5,
        "p_vector": [
          0.2886751345948129,
          0.2886751345948129,
          0.2886751345948129,
          0.0
        ]
      },
      "curvature_invariants": {
        "kretschmann": null,
        "note": "QFT toy; no spacetime curvature.",
        "ricci_scalar": null
      },
      "local_observables": {
        "propagator": {
          "Lambda_regulator_scale": 2.0,
          "eps_gauge_breaking_strength": 0.05,
          "xi_gauge_parameter": 1.0
        },
        "ward_identity_test": {
          "W_norm": 0.0003460207612451485,
          "W_vector": [
            0.00019977517965008573,
            0.00019977517965008573,
            0.00019977517965008573,
            0.0
          ],
          "interpretation": "Ward identity residual measures gauge-invariance breaking in the longitudinal sector. In exact covariant gauge, residual would be zero (up to numerics).",
          "relative_violation_W_over_target": 0.00017301038062257426
        }
      }
    },
    {
      "causal_structure": {
        "note": "Gauge symmetry controls unphysical modes; violations contaminate observables."
      },
      "coordinates": {
        "p_magnitude": 0.5,
        "p_vector": [
          0.25,
          0.25,
          0.25,
          0.25
        ]
      },
      "curvature_invariants": {
        "kretschmann": null,
        "note": "QFT toy; no spacetime curvature.",
        "ricci_scalar": null
      },
      "local_observables": {
        "propagator": {
          "Lambda_regulator_scale": 2.0,
          "eps_gauge_breaking_strength": 0.05,
          "xi_gauge_parameter": 1.0
        },
        "ward_identity_test": {
          "W_norm": 0.000346020761245569,
          "W_vector": [
            0.0001730103806227845,
            0.0001730103806227845,
            0.0001730103806227845,
            0.0001730103806227845
          ],
          "interpretation": "Ward identity residual measures gauge-invariance breaking in the longitudinal sector. In exact covariant gauge, residual would be zero (up to numerics).",
          "relative_violation_W_over_target": 0.0001730103806227845
        }
      }
    },
    {
      "causal_structure": {
        "note": "Gauge symmetry controls unphysical modes; violations contaminate observables."
      },
      "coordinates": {
        "p_magnitude": 0.5,
        "p_vector": [
          0.4338609156373123,
          -0.21693045781865616,
          0.10846522890932808,
          -0.05423261445466404
        ]
      },
      "curvature_invariants": {
        "kretschmann": null,
        "note": "QFT toy; no spacetime curvature.",
        "ricci_scalar": null
      },
      "local_observables": {
        "propagator": {
          "Lambda_regulator_scale": 2.0,
          "eps_gauge_breaking_strength": 0.05,
          "xi_gauge_parameter": 1.0
        },
        "ward_identity_test": {
          "W_norm": 0.00034602076124563223,
          "W_vector": [
            0.00030024976860709707,
            -0.00015012488430354853,
            7.506244215177427e-05,
            -3.753122107591489e-05
          ],
          "interpretation": "Ward identity residual measures gauge-invariance breaking in the longitudinal sector. In exact covariant gauge, residual would be zero (up to numerics).",
          "relative_violation_W_over_target": 0.00017301038062281611
        }
      }
    },
    {
      "causal_structure": {
        "note": "Gauge symmetry controls unphysical modes; violations contaminate observables."
      },
      "coordinates": {
        "p_magnitude": 1.0,
        "p_vector": [
          1.0,
          0.0,
          0.0,
          0.0
        ]
      },
      "curvature_invariants": {
        "kretschmann": null,
        "note": "QFT toy; no spacetime curvature.",
        "ricci_scalar": null
      },
      "local_observables": {
        "propagator": {
          "Lambda_regulator_scale": 2.0,
          "eps_gauge_breaking_strength": 0.05,
          "xi_gauge_parameter": 1.0
        },
        "ward_identity_test": {
          "W_norm": 0.0020000000000000018,
          "W_vector": [
            0.0020000000000000018,
            0.0,
            0.0,
            0.0
          ],
          "interpretation": "Ward identity residual measures gauge-invariance breaking in the longitudinal sector. In exact covariant gauge, residual would be zero (up to numerics).",
          "relative_violation_W_over_target": 0.0020000000000000018
        }
      }
    },
    {
      "causal_structure": {
        "note": "Gauge symmetry controls unphysical modes; violations contaminate observables."
      },
      "coordinates": {
        "p_magnitude": 1.0,
        "p_vector": [
          0.7071067811865475,
          0.7071067811865475,
          0.0,
          0.0
        ]
      },
      "curvature_invariants": {
        "kretschmann": null,
        "note": "QFT toy; no spacetime curvature.",
        "ricci_scalar": null
      },
      "local_observables": {
        "propagator": {
          "Lambda_regulator_scale": 2.0,
          "eps_gauge_breaking_strength": 0.05,
          "xi_gauge_parameter": 1.0
        },
        "ward_identity_test": {
          "W_norm": 0.0019999999999999146,
          "W_vector": [
            0.0014142135623730345,
            0.0014142135623730345,
            0.0,
            0.0
          ],
          "interpretation": "Ward identity residual measures gauge-invariance breaking in the longitudinal sector. In exact covariant gauge, residual would be zero (up to numerics).",
          "relative_violation_W_over_target": 0.0019999999999999146
        }
      }
    },
    {
      "causal_structure": {
        "note": "Gauge symmetry controls unphysical modes; violations contaminate observables."
      },
      "coordinates": {
        "p_magnitude": 1.0,
        "p_vector": [
          0.5773502691896258,
          0.5773502691896258,
          0.5773502691896258,
          0.0
        ]
      },
      "curvature_invariants": {
        "kretschmann": null,
        "note": "QFT toy; no spacetime curvature.",
        "ricci_scalar": null
      },
      "local_observables": {
        "propagator": {
          "Lambda_regulator_scale": 2.0,
          "eps_gauge_breaking_strength": 0.05,
          "xi_gauge_parameter": 1.0
        },
        "ward_identity_test": {
          "W_norm": 0.0019999999999997533,
          "W_vector": [
            0.001154700538379072,
            0.001154700538379072,
            0.001154700538379183,
            0.0
          ],
          "interpretation": "Ward identity residual measures gauge-invariance breaking in the longitudinal sector. In exact covariant gauge, residual would be zero (up to numerics).",
          "relative_violation_W_over_target": 0.0019999999999997533
        }
      }
    },
    {
      "causal_structure": {
        "note": "Gauge symmetry controls unphysical modes; violations contaminate observables."
      },
      "coordinates": {
        "p_magnitude": 1.0,
        "p_vector": [
          0.5,
          0.5,
          0.5,
          0.5
        ]
      },
      "curvature_invariants": {
        "kretschmann": null,
        "note": "QFT toy; no spacetime curvature.",
        "ricci_scalar": null
      },
      "local_observables": {
        "propagator": {
          "Lambda_regulator_scale": 2.0,
          "eps_gauge_breaking_strength": 0.05,
          "xi_gauge_parameter": 1.0
        },
        "ward_identity_test": {
          "W_norm": 0.0019999999999998352,
          "W_vector": [
            0.0009999999999998899,
            0.0009999999999998899,
            0.0009999999999998899,
            0.0010000000000000009
          ],
          "interpretation": "Ward identity residual measures gauge-invariance breaking in the longitudinal sector. In exact covariant gauge, residual would be zero (up to numerics).",
          "relative_violation_W_over_target": 0.0019999999999998352
        }
      }
    },
    {
      "causal_structure": {
        "note": "Gauge symmetry controls unphysical modes; violations contaminate observables."
      },
      "coordinates": {
        "p_magnitude": 1.0,
        "p_vector": [
          0.8677218312746247,
          -0.4338609156373123,
          0.21693045781865616,
          -0.10846522890932808
        ]
      },
      "curvature_invariants": {
        "kretschmann": null,
        "note": "QFT toy; no spacetime curvature.",
        "ricci_scalar": null
      },
      "local_observables": {
        "propagator": {
          "Lambda_regulator_scale": 2.0,
          "eps_gauge_breaking_strength": 0.05,
          "xi_gauge_parameter": 1.0
        },
        "ward_identity_test": {
          "W_norm": 0.0019999999999999276,
          "W_vector": [
            0.0017354436625491854,
            -0.0008677218312745927,
            0.00043386091563729634,
            -0.00021693045781866205
          ],
          "interpretation": "Ward identity residual measures gauge-invariance breaking in the longitudinal sector. In exact covariant gauge, residual would be zero (up to numerics).",
          "relative_violation_W_over_target": 0.0019999999999999276
        }
      }
    },
    {
      "causal_structure": {
        "note": "Gauge symmetry controls unphysical modes; violations contaminate observables."
      },
      "coordinates": {
        "p_magnitude": 2.0,
        "p_vector": [
          2.0,
          0.0,
          0.0,
          0.0
        ]
      },
      "curvature_invariants": {
        "kretschmann": null,
        "note": "QFT toy; no spacetime curvature.",
        "ricci_scalar": null
      },
      "local_observables": {
        "propagator": {
          "Lambda_regulator_scale": 2.0,
          "eps_gauge_breaking_strength": 0.05,
          "xi_gauge_parameter": 1.0
        },
        "ward_identity_test": {
          "W_norm": 0.006249999999999978,
          "W_vector": [
            0.006249999999999978,
            0.0,
            0.0,
            0.0
          ],
          "interpretation": "Ward identity residual measures gauge-invariance breaking in the longitudinal sector. In exact covariant gauge, residual would be zero (up to numerics).",
          "relative_violation_W_over_target": 0.012499999999999956
        }
      }
    },
    {
      "causal_structure": {
        "note": "Gauge symmetry controls unphysical modes; violations contaminate observables."
      },
      "coordinates": {
        "p_magnitude": 2.0,
        "p_vector": [
          1.414213562373095,
          1.414213562373095,
          0.0,
          0.0
        ]
      },
      "curvature_invariants": {
        "kretschmann": null,
        "note": "QFT toy; no spacetime curvature.",
        "ricci_scalar": null
      },
      "local_observables": {
        "propagator": {
          "Lambda_regulator_scale": 2.0,
          "eps_gauge_breaking_strength": 0.05,
          "xi_gauge_parameter": 1.0
        },
        "ward_identity_test": {
          "W_norm": 0.006250000000000066,
          "W_vector": [
            0.004419417382415969,
            0.004419417382415969,
            0.0,
            0.0
          ],
          "interpretation": "Ward identity residual measures gauge-invariance breaking in the longitudinal sector. In exact covariant gauge, residual would be zero (up to numerics).",
          "relative_violation_W_over_target": 0.012500000000000133
        }
      }
    },
    {
      "causal_structure": {
        "note": "Gauge symmetry controls unphysical modes; violations contaminate observables."
      },
      "coordinates": {
        "p_magnitude": 2.0,
        "p_vector": [
          1.1547005383792517,
          1.1547005383792517,
          1.1547005383792517,
          0.0
        ]
      },
      "curvature_invariants": {
        "kretschmann": null,
        "note": "QFT toy; no spacetime curvature.",
        "ricci_scalar": null
      },
      "local_observables": {
        "propagator": {
          "Lambda_regulator_scale": 2.0,
          "eps_gauge_breaking_strength": 0.05,
          "xi_gauge_parameter": 1.0
        },
        "ward_identity_test": {
          "W_norm": 0.006249999999999966,
          "W_vector": [
            0.0036084391824351414,
            0.0036084391824351414,
            0.0036084391824351414,
            0.0
          ],
          "interpretation": "Ward identity residual measures gauge-invariance breaking in the longitudinal sector. In exact covariant gauge, residual would be zero (up to numerics).",
          "relative_violation_W_over_target": 0.012499999999999931
        }
      }
    },
    {
      "causal_structure": {
        "note": "Gauge symmetry controls unphysical modes; violations contaminate observables."
      },
      "coordinates": {
        "p_magnitude": 2.0,
        "p_vector": [
          1.0,
          1.0,
          1.0,
          1.0
        ]
      },
      "curvature_invariants": {
        "kretschmann": null,
        "note": "QFT toy; no spacetime curvature.",
        "ricci_scalar": null
      },
      "local_observables": {
        "propagator": {
          "Lambda_regulator_scale": 2.0,
          "eps_gauge_breaking_strength": 0.05,
          "xi_gauge_parameter": 1.0
        },
        "ward_identity_test": {
          "W_norm": 0.006250000000000061,
          "W_vector": [
            0.0031250000000000444,
            0.0031250000000000444,
            0.0031250000000000444,
            0.003124999999999989
          ],
          "interpretation": "Ward identity residual measures gauge-invariance breaking in the longitudinal sector. In exact covariant gauge, residual would be zero (up to numerics).",
          "relative_violation_W_over_target": 0.012500000000000122
        }
      }
    },
    {
      "causal_structure": {
        "note": "Gauge symmetry controls unphysical modes; violations contaminate observables."
      },
      "coordinates": {
        "p_magnitude": 2.0,
        "p_vector": [
          1.7354436625492493,
          -0.8677218312746247,
          0.4338609156373123,
          -0.21693045781865616
        ]
      },
      "curvature_invariants": {
        "kretschmann": null,
        "note": "QFT toy; no spacetime curvature.",
        "ricci_scalar": null
      },
      "local_observables": {
        "propagator": {
          "Lambda_regulator_scale": 2.0,
          "eps_gauge_breaking_strength": 0.05,
          "xi_gauge_parameter": 1.0
        },
        "ward_identity_test": {
          "W_norm": 0.006250000000000042,
          "W_vector": [
            0.005423261445466454,
            -0.0027116307227331993,
            0.0013558153613665996,
            -0.0006779076806833068
          ],
          "interpretation": "Ward identity residual measures gauge-invariance breaking in the longitudinal sector. In exact covariant gauge, residual would be zero (up to numerics).",
          "relative_violation_W_over_target": 0.012500000000000084
        }
      }
    },
    {
      "causal_structure": {
        "note": "Gauge symmetry controls unphysical modes; violations contaminate observables."
      },
      "coordinates": {
        "p_magnitude": 4.0,
        "p_vector": [
          4.0,
          0.0,
          0.0,
          0.0
        ]
      },
      "curvature_invariants": {
        "kretschmann": null,
        "note": "QFT toy; no spacetime curvature.",
        "ricci_scalar": null
      },
      "local_observables": {
        "propagator": {
          "Lambda_regulator_scale": 2.0,
          "eps_gauge_breaking_strength": 0.05,
          "xi_gauge_parameter": 1.0
        },
        "ward_identity_test": {
          "W_norm": 0.008000000000000007,
          "W_vector": [
            0.008000000000000007,
            0.0,
            0.0,
            0.0
          ],
          "interpretation": "Ward identity residual measures gauge-invariance breaking in the longitudinal sector. In exact covariant gauge, residual would be zero (up to numerics).",
          "relative_violation_W_over_target": 0.03200000000000003
        }
      }
    },
    {
      "causal_structure": {
        "note": "Gauge symmetry controls unphysical modes; violations contaminate observables."
      },
      "coordinates": {
        "p_magnitude": 4.0,
        "p_vector": [
          2.82842712474619,
          2.82842712474619,
          0.0,
          0.0
        ]
      },
      "curvature_invariants": {
        "kretschmann": null,
        "note": "QFT toy; no spacetime curvature.",
        "ricci_scalar": null
      },
      "local_observables": {
        "propagator": {
          "Lambda_regulator_scale": 2.0,
          "eps_gauge_breaking_strength": 0.05,
          "xi_gauge_parameter": 1.0
        },
        "ward_identity_test": {
          "W_norm": 0.00800000000000001,
          "W_vector": [
            0.005656854249492388,
            0.005656854249492388,
            0.0,
            0.0
          ],
          "interpretation": "Ward identity residual measures gauge-invariance breaking in the longitudinal sector. In exact covariant gauge, residual would be zero (up to numerics).",
          "relative_violation_W_over_target": 0.03200000000000004
        }
      }
    },
    {
      "causal_structure": {
        "note": "Gauge symmetry controls unphysical modes; violations contaminate observables."
      },
      "coordinates": {
        "p_magnitude": 4.0,
        "p_vector": [
          2.3094010767585034,
          2.3094010767585034,
          2.3094010767585034,
          0.0
        ]
      },
      "curvature_invariants": {
        "kretschmann": null,
        "note": "QFT toy; no spacetime curvature.",
        "ricci_scalar": null
      },
      "local_observables": {
        "propagator": {
          "Lambda_regulator_scale": 2.0,
          "eps_gauge_breaking_strength": 0.05,
          "xi_gauge_parameter": 1.0
        },
        "ward_identity_test": {
          "W_norm": 0.007999999999999926,
          "W_vector": [
            0.004618802153516954,
            0.004618802153516954,
            0.004618802153516982,
            0.0
          ],
          "interpretation": "Ward identity residual measures gauge-invariance breaking in the longitudinal sector. In exact covariant gauge, residual would be zero (up to numerics).",
          "relative_violation_W_over_target": 0.0319999999999997
        }
      }
    },
    {
      "causal_structure": {
        "note": "Gauge symmetry controls unphysical modes; violations contaminate observables."
      },
      "coordinates": {
        "p_magnitude": 4.0,
        "p_vector": [
          2.0,
          2.0,
          2.0,
          2.0
        ]
      },
      "curvature_invariants": {
        "kretschmann": null,
        "note": "QFT toy; no spacetime curvature.",
        "ricci_scalar": null
      },
      "local_observables": {
        "propagator": {
          "Lambda_regulator_scale": 2.0,
          "eps_gauge_breaking_strength": 0.05,
          "xi_gauge_parameter": 1.0
        },
        "ward_identity_test": {
          "W_norm": 0.008000000000000007,
          "W_vector": [
            0.0040000000000000036,
            0.0040000000000000036,
            0.0040000000000000036,
            0.0040000000000000036
          ],
          "interpretation": "Ward identity residual measures gauge-invariance breaking in the longitudinal sector. In exact covariant gauge, residual would be zero (up to numerics).",
          "relative_violation_W_over_target": 0.03200000000000003
        }
      }
    },
    {
      "causal_structure": {
        "note": "Gauge symmetry controls unphysical modes; violations contaminate observables."
      },
      "coordinates": {
        "p_magnitude": 4.0,
        "p_vector": [
          3.4708873250984986,
          -1.7354436625492493,
          0.8677218312746247,
          -0.4338609156373123
        ]
      },
      "curvature_invariants": {
        "kretschmann": null,
        "note": "QFT toy; no spacetime curvature.",
        "ricci_scalar": null
      },
      "local_observables": {
        "propagator": {
          "Lambda_regulator_scale": 2.0,
          "eps_gauge_breaking_strength": 0.05,
          "xi_gauge_parameter": 1.0
        },
        "ward_identity_test": {
          "W_norm": 0.007999999999999991,
          "W_vector": [
            0.006941774650196991,
            -0.0034708873250984956,
            0.0017354436625492478,
            -0.0008677218312746239
          ],
          "interpretation": "Ward identity residual measures gauge-invariance breaking in the longitudinal sector. In exact covariant gauge, residual would be zero (up to numerics).",
          "relative_violation_W_over_target": 0.031999999999999966
        }
      }
    },
    {
      "causal_structure": {
        "note": "Gauge symmetry controls unphysical modes; violations contaminate observables."
      },
      "coordinates": {
        "p_magnitude": 8.0,
        "p_vector": [
          8.0,
          0.0,
          0.0,
          0.0
        ]
      },
      "curvature_invariants": {
        "kretschmann": null,
        "note": "QFT toy; no spacetime curvature.",
        "ricci_scalar": null
      },
      "local_observables": {
        "propagator": {
          "Lambda_regulator_scale": 2.0,
          "eps_gauge_breaking_strength": 0.05,
          "xi_gauge_parameter": 1.0
        },
        "ward_identity_test": {
          "W_norm": 0.005536332179930797,
          "W_vector": [
            0.005536332179930797,
            0.0,
            0.0,
            0.0
          ],
          "interpretation": "Ward identity residual measures gauge-invariance breaking in the longitudinal sector. In exact covariant gauge, residual would be zero (up to numerics).",
          "relative_violation_W_over_target": 0.04429065743944638
        }
      }
    },
    {
      "causal_structure": {
        "note": "Gauge symmetry controls unphysical modes; violations contaminate observables."
      },
      "coordinates": {
        "p_magnitude": 8.0,
        "p_vector": [
          5.65685424949238,
          5.65685424949238,
          0.0,
          0.0
        ]
      },
      "curvature_invariants": {
        "kretschmann": null,
        "note": "QFT toy; no spacetime curvature.",
        "ricci_scalar": null
      },
      "local_observables": {
        "propagator": {
          "Lambda_regulator_scale": 2.0,
          "eps_gauge_breaking_strength": 0.05,
          "xi_gauge_parameter": 1.0
        },
        "ward_identity_test": {
          "W_norm": 0.0055363321799307965,
          "W_vector": [
            0.003914778027330368,
            0.003914778027330368,
            0.0,
            0.0
          ],
          "interpretation": "Ward identity residual measures gauge-invariance breaking in the longitudinal sector. In exact covariant gauge, residual would be zero (up to numerics).",
          "relative_violation_W_over_target": 0.04429065743944637
        }
      }
    },
    {
      "causal_structure": {
        "note": "Gauge symmetry controls unphysical modes; violations contaminate observables."
      },
      "coordinates": {
        "p_magnitude": 8.0,
        "p_vector": [
          4.618802153517007,
          4.618802153517007,
          4.618802153517007,
          0.0
        ]
      },
      "curvature_invariants": {
        "kretschmann": null,
        "note": "QFT toy; no spacetime curvature.",
        "ricci_scalar": null
      },
      "local_observables": {
        "propagator": {
          "Lambda_regulator_scale": 2.0,
          "eps_gauge_breaking_strength": 0.05,
          "xi_gauge_parameter": 1.0
        },
        "ward_identity_test": {
          "W_norm": 0.00553633217993079,
          "W_vector": [
            0.003196402874406229,
            0.003196402874406229,
            0.003196402874406229,
            0.0
          ],
          "interpretation": "Ward identity residual measures gauge-invariance breaking in the longitudinal sector. In exact covariant gauge, residual would be zero (up to numerics).",
          "relative_violation_W_over_target": 0.04429065743944632
        }
      }
    },
    {
      "causal_structure": {
        "note": "Gauge symmetry controls unphysical modes; violations contaminate observables."
      },
      "coordinates": {
        "p_magnitude": 8.0,
        "p_vector": [
          4.0,
          4.0,
          4.0,
          4.0
        ]
      },
      "curvature_invariants": {
        "kretschmann": null,
        "note": "QFT toy; no spacetime curvature.",
        "ricci_scalar": null
      },
      "local_observables": {
        "propagator": {
          "Lambda_regulator_scale": 2.0,
          "eps_gauge_breaking_strength": 0.05,
          "xi_gauge_parameter": 1.0
        },
        "ward_identity_test": {
          "W_norm": 0.005536332179930777,
          "W_vector": [
            0.002768166089965385,
            0.002768166089965385,
            0.002768166089965385,
            0.0027681660899653987
          ],
          "interpretation": "Ward identity residual measures gauge-invariance breaking in the longitudinal sector. In exact covariant gauge, residual would be zero (up to numerics).",
          "relative_violation_W_over_target": 0.04429065743944621
        }
      }
    },
    {
      "causal_structure": {
        "note": "Gauge symmetry controls unphysical modes; violations contaminate observables."
      },
      "coordinates": {
        "p_magnitude": 8.0,
        "p_vector": [
          6.941774650196997,
          -3.4708873250984986,
          1.7354436625492493,
          -0.8677218312746247
        ]
      },
      "curvature_invariants": {
        "kretschmann": null,
        "note": "QFT toy; no spacetime curvature.",
        "ricci_scalar": null
      },
      "local_observables": {
        "propagator": {
          "Lambda_regulator_scale": 2.0,
          "eps_gauge_breaking_strength": 0.05,
          "xi_gauge_parameter": 1.0
        },
        "ward_identity_test": {
          "W_norm": 0.005536332179930799,
          "W_vector": [
            0.0048039962977141915,
            -0.002401998148857089,
            0.0012009990744285444,
            -0.0006004995372142739
          ],
          "interpretation": "Ward identity residual measures gauge-invariance breaking in the longitudinal sector. In exact covariant gauge, residual would be zero (up to numerics).",
          "relative_violation_W_over_target": 0.04429065743944639
        }
      }
    }
  ],
  "spacetime": "Euclidean momentum space (free U(1) gauge field, covariant gauge)",
  "theory": "Quantum Field Theory (toy): gauge symmetry + Ward identity diagnostic",
  "toy_id": "066",
  "units": {
    "G": 1,
    "c": 1
  }
}