{
  "notes": {
    "formula": "h = log((I - C_A)/C_A) for Gaussian fermions, with K_A = \u03a3_{ij} h_{ij} c_i\u2020 c_j",
    "pressure_point": "Reduced states are thermal with respect to the modular Hamiltonian K_A, but K_A is generically nonlocal. This defeats naive local-Gibbs intuition and highlights that entanglement thermality is not equivalent to local temperature."
  },
  "observables": {
    "nonlocality_profile": {
      "locality_cutoff_d0": 2,
      "mean_distance": 2.1967575992229467,
      "tail_fraction_d_gt_2": 0.25706761156234675,
      "total_abs_weight": 2003.575708205849,
      "w_by_distance": [
        0.00029410930184144553,
        1488.5207647234647,
        0.0002274802679151845,
        306.4635269454361,
        0.00013753223860756513,
        95.19396588947333,
        0.00012222584990690454,
        26.2740200534698,
        8.039034560213279e-05,
        18.25662954207106,
        9.712703099310773e-05,
        20.69782792475739,
        8.938787056961549e-05,
        14.262080402465063,
        9.151626299831751e-05,
        6.959892797891319,
        9.561867426076478e-05,
        3.8680871706016204,
        6.853590491656732e-05,
        5.309334749555275,
        6.0573163611288327e-05,
        4.060786312717308,
        7.152561106062425e-05,
        2.1052686176658186,
        5.874301510446367e-05,
        2.451104270302165,
        5.771216187698936e-05,
        2.508760493945007,
        4.5601571271489985e-05,
        1.4083906279179395,
        3.128667458906357e-05,
        1.301476379851081,
        3.8493153666136e-05,
        1.30375662724617,
        3.057982601469277e-05,
        0.8293274676333213,
        2.080486077628703e-05,
        0.8411596913974005,
        1.8262948540062832e-05,
        0.6621920359174343,
        1.4647809041862578e-05,
        0.2472831014743721,
        6.280142937877143e-06,
        0.04443548228530189,
        1.2593134602673484e-06,
        0.00376168233326758,
        1.0531604388710517e-07,
        0.00011477642822341601,
        2.513091117713208e-09,
        6.377202169296321e-07
      ]
    }
  },
  "parameters": {
    "N_total": 200,
    "mu_chemical_potential": 0.0,
    "nA_region": 50
  },
  "sample_points": [
    {
      "causal_structure": {
        "note": "Nonlocal modular couplings reflect entanglement structure, not signal propagation."
      },
      "coordinates": {
        "distance": 0,
        "i": 0,
        "j": 0
      },
      "curvature_invariants": {
        "kretschmann": null,
        "note": "QFT toy; no spacetime curvature.",
        "ricci_scalar": null
      },
      "local_observables": {
        "abs_h_ij": 1.558760502971224e-11,
        "h_ij": -1.558760502971224e-11
      }
    },
    {
      "causal_structure": {
        "note": "Nonlocal modular couplings reflect entanglement structure, not signal propagation."
      },
      "coordinates": {
        "distance": 1,
        "i": 0,
        "j": 1
      },
      "curvature_invariants": {
        "kretschmann": null,
        "note": "QFT toy; no spacetime curvature.",
        "ricci_scalar": null
      },
      "local_observables": {
        "abs_h_ij": 3.0641219998497586,
        "h_ij": -3.0641219998497586
      }
    },
    {
      "causal_structure": {
        "note": "Nonlocal modular couplings reflect entanglement structure, not signal propagation."
      },
      "coordinates": {
        "distance": 2,
        "i": 0,
        "j": 2
      },
      "curvature_invariants": {
        "kretschmann": null,
        "note": "QFT toy; no spacetime curvature.",
        "ricci_scalar": null
      },
      "local_observables": {
        "abs_h_ij": 3.814085268769044e-10,
        "h_ij": -3.814085268769044e-10
      }
    },
    {
      "causal_structure": {
        "note": "Nonlocal modular couplings reflect entanglement structure, not signal propagation."
      },
      "coordinates": {
        "distance": 10,
        "i": 0,
        "j": 10
      },
      "curvature_invariants": {
        "kretschmann": null,
        "note": "QFT toy; no spacetime curvature.",
        "ricci_scalar": null
      },
      "local_observables": {
        "abs_h_ij": 2.081077133062013e-08,
        "h_ij": 2.081077133062013e-08
      }
    },
    {
      "causal_structure": {
        "note": "Nonlocal modular couplings reflect entanglement structure, not signal propagation."
      },
      "coordinates": {
        "distance": 49,
        "i": 0,
        "j": 49
      },
      "curvature_invariants": {
        "kretschmann": null,
        "note": "QFT toy; no spacetime curvature.",
        "ricci_scalar": null
      },
      "local_observables": {
        "abs_h_ij": 3.1886010846481606e-07,
        "h_ij": 3.1886010846481606e-07
      }
    },
    {
      "causal_structure": {
        "note": "Nonlocal modular couplings reflect entanglement structure, not signal propagation."
      },
      "coordinates": {
        "distance": 1,
        "i": 25,
        "j": 26
      },
      "curvature_invariants": {
        "kretschmann": null,
        "note": "QFT toy; no spacetime curvature.",
        "ricci_scalar": null
      },
      "local_observables": {
        "abs_h_ij": 17.23742803745095,
        "h_ij": -17.23742803745095
      }
    }
  ],
  "spacetime": "1D lattice regulator",
  "theory": "Quantum Field Theory (toy): modular Hamiltonian nonlocality (Gaussian fermions)",
  "toy_id": "077",
  "units": {
    "G": 1,
    "c": 1
  }
}