{
  "notes": {},
  "observables": {
    "summary": {
      "split_dependence_gap": 0.0
    }
  },
  "parameters": {},
  "sample_points": [
    {
      "causal_structure": {
        "note": "System\u2013environment split is not invariant"
      },
      "coordinates": {
        "split": "comparison"
      },
      "curvature_invariants": {
        "analogy": null
      },
      "local_observables": {
        "difference": 0.0,
        "entropy_system_A": 0.6931471805599454,
        "entropy_system_AB": 0.6931471805599454
      }
    }
  ],
  "spacetime": "Three-qubit system",
  "theory": "Quantum Field Theory (open-system ambiguity)",
  "toy_id": "057",
  "units": {
    "hbar": 1
  }
}