{
  "notes": {
    "assumptions": [
      "Two-mode squeezed state",
      "Perfect global purity",
      "Local operators restricted to one subsystem"
    ],
    "pressure_point": "Quantum information can exist without local observability. Entanglement encodes structure inaccessible to local probes."
  },
  "observables": {
    "failure_flags": {
      "information_equals_observables": false,
      "local_completeness": false
    },
    "regime_classification": {
      "strong_entanglement": "large_hidden_information",
      "weak_entanglement": "low_hidden_information"
    }
  },
  "parameters": {
    "entanglement_strengths": [
      0.2,
      0.5,
      1.0,
      2.0
    ]
  },
  "sample_points": [
    {
      "causal_structure": {
        "information_locally_observable": false
      },
      "coordinates": {
        "squeezing_parameter_r": 0.2
      },
      "curvature_invariants": {
        "global_state_purity": true
      },
      "local_observables": {
        "entanglement_entropy": 0.17128808061535467,
        "local_operator_access": false
      }
    },
    {
      "causal_structure": {
        "information_locally_observable": false
      },
      "coordinates": {
        "squeezing_parameter_r": 0.5
      },
      "curvature_invariants": {
        "global_state_purity": true
      },
      "local_observables": {
        "entanglement_entropy": 0.6594529591680367,
        "local_operator_access": false
      }
    },
    {
      "causal_structure": {
        "information_locally_observable": false
      },
      "coordinates": {
        "squeezing_parameter_r": 1.0
      },
      "curvature_invariants": {
        "global_state_purity": true
      },
      "local_observables": {
        "entanglement_entropy": 1.6198220928977027,
        "local_operator_access": false
      }
    },
    {
      "causal_structure": {
        "information_locally_observable": false
      },
      "coordinates": {
        "squeezing_parameter_r": 2.0
      },
      "curvature_invariants": {
        "global_state_purity": true
      },
      "local_observables": {
        "entanglement_entropy": 3.6138174635076084,
        "local_operator_access": false
      }
    }
  ],
  "spacetime": "Abstract bipartite mode space",
  "theory": "Quantum Field Theory",
  "toy_id": "027",
  "units": {
    "c": 1,
    "hbar": 1
  }
}