{
  "notes": {
    "assumptions": [
      "Finite-resolution detector",
      "Gaussian smearing",
      "Boosted inertial observers"
    ],
    "pressure_point": "Exact Lorentz invariance is broken at the operational level by finite detector resolution, even though the theory is invariant."
  },
  "observables": {
    "failure_flags": {
      "detector_independence": false,
      "operational_lorentz_invariance": false
    },
    "regime_classification": {
      "finite_sigma": "frame_dependent_measurement",
      "sigma_to_zero": "lorentz_invariant_limit"
    }
  },
  "parameters": {
    "boost_rapidities": [
      0.0,
      0.5,
      1.0,
      1.5
    ],
    "gap": 1.0,
    "smearing_scale": 1.0
  },
  "sample_points": [
    {
      "causal_structure": {
        "operational_lorentz_invariance": false
      },
      "coordinates": {
        "boost_rapidity_eta": 0.0
      },
      "curvature_invariants": {
        "ideal_lorentz_invariant_response": 1.0
      },
      "local_observables": {
        "detector_response_proxy": 0.36787944117144233
      }
    },
    {
      "causal_structure": {
        "operational_lorentz_invariance": false
      },
      "coordinates": {
        "boost_rapidity_eta": 0.5
      },
      "curvature_invariants": {
        "ideal_lorentz_invariant_response": 1.0
      },
      "local_observables": {
        "detector_response_proxy": 0.3238010596476672
      }
    },
    {
      "causal_structure": {
        "operational_lorentz_invariance": false
      },
      "coordinates": {
        "boost_rapidity_eta": 1.0
      },
      "curvature_invariants": {
        "ideal_lorentz_invariant_response": 1.0
      },
      "local_observables": {
        "detector_response_proxy": 0.21372168777002964
      }
    },
    {
      "causal_structure": {
        "operational_lorentz_invariance": false
      },
      "coordinates": {
        "boost_rapidity_eta": 1.5
      },
      "curvature_invariants": {
        "ideal_lorentz_invariant_response": 1.0
      },
      "local_observables": {
        "detector_response_proxy": 0.09513963587468134
      }
    }
  ],
  "spacetime": "Flat Minkowski (1+1D)",
  "theory": "Quantum Field Theory",
  "toy_id": "031",
  "units": {
    "c": 1,
    "hbar": 1
  }
}