{
  "notes": {
    "pressure_point": "State distinguishability is relative to the measurement algebra. Globally distinct states can be operationally identical locally."
  },
  "observables": {
    "summary": {
      "global_vs_local_gap": 0.9999999999999998
    }
  },
  "parameters": {},
  "sample_points": [
    {
      "causal_structure": {
        "note": "Distinguishability depends on measurement algebra"
      },
      "coordinates": {
        "access": "comparison"
      },
      "curvature_invariants": {
        "analogy": null
      },
      "local_observables": {
        "trace_distance_global": 0.9999999999999998,
        "trace_distance_single_qubit": 0.0
      }
    }
  ],
  "spacetime": "Two-qubit system",
  "theory": "Quantum Field Theory (operational distinguishability proxy)",
  "toy_id": "053",
  "units": {
    "hbar": 1
  }
}