{
  "notes": {
    "pressure_point": "Vacuum states related by Bogoliubov transformations are generally inequivalent; particle number is observer- and basis-dependent."
  },
  "observables": {
    "statement": "No invariant notion of particles exists."
  },
  "parameters": {
    "alpha": 0.8,
    "beta": 0.6,
    "modes": [
      1,
      2,
      3,
      4,
      5
    ]
  },
  "sample_points": [
    {
      "causal_structure": {
        "vacuum_equivalence": false
      },
      "coordinates": {
        "mode_index": 1
      },
      "curvature_invariants": {
        "bogoliubov_alpha": 0.8,
        "bogoliubov_beta": 0.6
      },
      "local_observables": {
        "particle_number_expectation": 0.36
      }
    },
    {
      "causal_structure": {
        "vacuum_equivalence": false
      },
      "coordinates": {
        "mode_index": 2
      },
      "curvature_invariants": {
        "bogoliubov_alpha": 0.8,
        "bogoliubov_beta": 0.6
      },
      "local_observables": {
        "particle_number_expectation": 0.36
      }
    },
    {
      "causal_structure": {
        "vacuum_equivalence": false
      },
      "coordinates": {
        "mode_index": 3
      },
      "curvature_invariants": {
        "bogoliubov_alpha": 0.8,
        "bogoliubov_beta": 0.6
      },
      "local_observables": {
        "particle_number_expectation": 0.36
      }
    },
    {
      "causal_structure": {
        "vacuum_equivalence": false
      },
      "coordinates": {
        "mode_index": 4
      },
      "curvature_invariants": {
        "bogoliubov_alpha": 0.8,
        "bogoliubov_beta": 0.6
      },
      "local_observables": {
        "particle_number_expectation": 0.36
      }
    },
    {
      "causal_structure": {
        "vacuum_equivalence": false
      },
      "coordinates": {
        "mode_index": 5
      },
      "curvature_invariants": {
        "bogoliubov_alpha": 0.8,
        "bogoliubov_beta": 0.6
      },
      "local_observables": {
        "particle_number_expectation": 0.36
      }
    }
  ],
  "spacetime": "Flat Minkowski (mode space)",
  "theory": "Quantum Field Theory",
  "toy_id": "010",
  "units": {
    "c": 1,
    "hbar": 1
  }
}