{
  "notes": {
    "pressure_point": "Vacuum structure depends on boundary conditions. Different boundaries produce inequivalent zero-point energies."
  },
  "observables": {
    "summary": {
      "vacuum_energy_gap": 329.8672286269283
    }
  },
  "parameters": {
    "L": 1.0,
    "max_mode": 20
  },
  "sample_points": [
    {
      "causal_structure": {
        "note": "Boundary conditions select inequivalent vacua"
      },
      "coordinates": {
        "boundary": "comparison"
      },
      "curvature_invariants": {
        "analogy": null
      },
      "local_observables": {
        "energy_difference": 329.8672286269283,
        "vacuum_energy_dirichlet": 329.8672286269283,
        "vacuum_energy_periodic": 659.7344572538566
      }
    }
  ],
  "spacetime": "1D finite interval",
  "theory": "Quantum Field Theory (boundary dependence)",
  "toy_id": "055",
  "units": {
    "c": 1,
    "hbar": 1
  }
}