{
  "notes": {
    "assumptions": [
      "Free scalar field",
      "Multiple admissible time generators"
    ],
    "pressure_point": "There is no unique, preferred Hamiltonian in QFT. Time evolution depends on the choice of time slicing."
  },
  "observables": {
    "failure_flags": {
      "preferred_hamiltonian": false,
      "unique_time_evolution": false
    },
    "regime_classification": {
      "alternative_time": "stable",
      "standard_time": "stable_vacuum"
    }
  },
  "parameters": {
    "frequencies": [
      0.5,
      1.0,
      2.0,
      5.0
    ],
    "slicing_parameter": 1.0
  },
  "sample_points": [
    {
      "causal_structure": {
        "unique_time_evolution": false
      },
      "coordinates": {
        "mode_frequency": 0.5
      },
      "curvature_invariants": {
        "time_slicing": "choice_dependent"
      },
      "local_observables": {
        "energy_alternative_hamiltonian": 0.25,
        "energy_standard_hamiltonian": 0.5
      }
    },
    {
      "causal_structure": {
        "unique_time_evolution": false
      },
      "coordinates": {
        "mode_frequency": 1.0
      },
      "curvature_invariants": {
        "time_slicing": "choice_dependent"
      },
      "local_observables": {
        "energy_alternative_hamiltonian": 1.0,
        "energy_standard_hamiltonian": 1.0
      }
    },
    {
      "causal_structure": {
        "unique_time_evolution": false
      },
      "coordinates": {
        "mode_frequency": 2.0
      },
      "curvature_invariants": {
        "time_slicing": "choice_dependent"
      },
      "local_observables": {
        "energy_alternative_hamiltonian": 4.0,
        "energy_standard_hamiltonian": 2.0
      }
    },
    {
      "causal_structure": {
        "unique_time_evolution": false
      },
      "coordinates": {
        "mode_frequency": 5.0
      },
      "curvature_invariants": {
        "time_slicing": "choice_dependent"
      },
      "local_observables": {
        "energy_alternative_hamiltonian": 25.0,
        "energy_standard_hamiltonian": 5.0
      }
    }
  ],
  "spacetime": "Flat Minkowski (mode-space time choices)",
  "theory": "Quantum Field Theory",
  "toy_id": "037",
  "units": {
    "c": 1,
    "hbar": 1
  }
}