{
  "notes": {
    "pressure_point": "QFT claims require explicit cross-toy comparison. Absence, mismatch, or non-overlap is meaningful data.",
    "schema_requirements": [
      "toy_id",
      "theory",
      "spacetime",
      "units",
      "parameters",
      "notes",
      "sample_points",
      "observables"
    ]
  },
  "observables": {
    "summary": {
      "schema_issues": {
        "toy_002_unruh_detector.json": [],
        "toy_010_bogoliubov_inequivalent_vacua.json": []
      },
      "total_coordinate_signatures": 6
    }
  },
  "parameters": {
    "input_files": [
      "toy_002_unruh_detector.json",
      "toy_010_bogoliubov_inequivalent_vacua.json"
    ]
  },
  "sample_points": [
    {
      "causal_structure": {},
      "coordinates": {
        "mode_index": 1
      },
      "curvature_invariants": {},
      "local_observables": {
        "present_in_files": {
          "toy_002_unruh_detector.json": false,
          "toy_010_bogoliubov_inequivalent_vacua.json": true
        }
      }
    },
    {
      "causal_structure": {},
      "coordinates": {
        "mode_index": 2
      },
      "curvature_invariants": {},
      "local_observables": {
        "present_in_files": {
          "toy_002_unruh_detector.json": false,
          "toy_010_bogoliubov_inequivalent_vacua.json": true
        }
      }
    },
    {
      "causal_structure": {},
      "coordinates": {
        "mode_index": 3
      },
      "curvature_invariants": {},
      "local_observables": {
        "present_in_files": {
          "toy_002_unruh_detector.json": false,
          "toy_010_bogoliubov_inequivalent_vacua.json": true
        }
      }
    },
    {
      "causal_structure": {},
      "coordinates": {
        "mode_index": 4
      },
      "curvature_invariants": {},
      "local_observables": {
        "present_in_files": {
          "toy_002_unruh_detector.json": false,
          "toy_010_bogoliubov_inequivalent_vacua.json": true
        }
      }
    },
    {
      "causal_structure": {},
      "coordinates": {
        "mode_index": 5
      },
      "curvature_invariants": {},
      "local_observables": {
        "present_in_files": {
          "toy_002_unruh_detector.json": false,
          "toy_010_bogoliubov_inequivalent_vacua.json": true
        }
      }
    },
    {
      "causal_structure": {},
      "coordinates": {
        "tau": null,
        "trajectory": "accelerated"
      },
      "curvature_invariants": {},
      "local_observables": {
        "present_in_files": {
          "toy_002_unruh_detector.json": true,
          "toy_010_bogoliubov_inequivalent_vacua.json": false
        }
      }
    }
  ],
  "spacetime": "Cross-toy comparison space",
  "theory": "QFT Lab Meta-Comparator",
  "toy_id": "050",
  "units": {}
}