{
  "notes": {
    "pressure_point": "UV modifications that soften short-distance behavior can violate microcausality: commutators leak outside the light cone. Locality/causality is a boundary condition on UV completion.",
    "warning": "Finite cutoff K already induces artifacts; the toy tracks how UV softening changes leakage scaling."
  },
  "observables": {
    "summary": {
      "max_leakage_ratio_observed": 2.656443401655673,
      "worst_case_parameters": {
        "K": 30.0,
        "Lambda": 6.0,
        "alpha": 0.1,
        "t": 1.2
      }
    }
  },
  "parameters": {
    "K_samples": [
      30.0
    ],
    "Lambda_samples": [
      3.0,
      6.0,
      12.0
    ],
    "alpha_samples": [
      0.0,
      0.1,
      0.3,
      0.6
    ],
    "delta_proxy": "\u0394(t,x)=\u222b_{-K}^{K} (dk/2\u03c0) (1/\u03c9(k)) sin(\u03c9(k)t) sin(kx)",
    "dispersion": "omega(k)=sqrt(k^2+m^2)*(1 + alpha*(k^2/Lambda^2))",
    "mass_m": 1.0,
    "n_k": 6000,
    "n_x": 801,
    "t_samples": [
      0.8,
      1.2,
      1.6
    ],
    "x_max_factor_times_t": 2.5
  },
  "sample_points": [
    {
      "causal_structure": {
        "note": "UV-modified dispersion plus cutoff induces nonzero commutator support outside the lightcone (microcausality leakage), quantifiable by leakage_ratio."
      },
      "coordinates": {
        "K_momentum_cutoff": 30.0,
        "Lambda_uv_scale": 3.0,
        "alpha": 0.0,
        "t": 0.8
      },
      "curvature_invariants": {
        "kretschmann": null,
        "note": "Microcausality/commutator support proxy; no curvature.",
        "ricci_scalar": null
      },
      "local_observables": {
        "inside_lightcone_max_abs": 2.0224407298719356e-16,
        "leakage_ratio": 1.0306335576699932,
        "outside_lightcone_leakage_max_abs": 2.0843952846046106e-16,
        "x_max_used": 2.0
      }
    },
    {
      "causal_structure": {
        "note": "UV-modified dispersion plus cutoff induces nonzero commutator support outside the lightcone (microcausality leakage), quantifiable by leakage_ratio."
      },
      "coordinates": {
        "K_momentum_cutoff": 30.0,
        "Lambda_uv_scale": 6.0,
        "alpha": 0.0,
        "t": 0.8
      },
      "curvature_invariants": {
        "kretschmann": null,
        "note": "Microcausality/commutator support proxy; no curvature.",
        "ricci_scalar": null
      },
      "local_observables": {
        "inside_lightcone_max_abs": 2.0224407298719356e-16,
        "leakage_ratio": 1.0306335576699932,
        "outside_lightcone_leakage_max_abs": 2.0843952846046106e-16,
        "x_max_used": 2.0
      }
    },
    {
      "causal_structure": {
        "note": "UV-modified dispersion plus cutoff induces nonzero commutator support outside the lightcone (microcausality leakage), quantifiable by leakage_ratio."
      },
      "coordinates": {
        "K_momentum_cutoff": 30.0,
        "Lambda_uv_scale": 12.0,
        "alpha": 0.0,
        "t": 0.8
      },
      "curvature_invariants": {
        "kretschmann": null,
        "note": "Microcausality/commutator support proxy; no curvature.",
        "ricci_scalar": null
      },
      "local_observables": {
        "inside_lightcone_max_abs": 2.0224407298719356e-16,
        "leakage_ratio": 1.0306335576699932,
        "outside_lightcone_leakage_max_abs": 2.0843952846046106e-16,
        "x_max_used": 2.0
      }
    },
    {
      "causal_structure": {
        "note": "UV-modified dispersion plus cutoff induces nonzero commutator support outside the lightcone (microcausality leakage), quantifiable by leakage_ratio."
      },
      "coordinates": {
        "K_momentum_cutoff": 30.0,
        "Lambda_uv_scale": 3.0,
        "alpha": 0.1,
        "t": 0.8
      },
      "curvature_invariants": {
        "kretschmann": null,
        "note": "Microcausality/commutator support proxy; no curvature.",
        "ricci_scalar": null
      },
      "local_observables": {
        "inside_lightcone_max_abs": 1.2687366700474911e-16,
        "leakage_ratio": 1.123054047869445,
        "outside_lightcone_leakage_max_abs": 1.4248598529772353e-16,
        "x_max_used": 2.0
      }
    },
    {
      "causal_structure": {
        "note": "UV-modified dispersion plus cutoff induces nonzero commutator support outside the lightcone (microcausality leakage), quantifiable by leakage_ratio."
      },
      "coordinates": {
        "K_momentum_cutoff": 30.0,
        "Lambda_uv_scale": 6.0,
        "alpha": 0.1,
        "t": 0.8
      },
      "curvature_invariants": {
        "kretschmann": null,
        "note": "Microcausality/commutator support proxy; no curvature.",
        "ricci_scalar": null
      },
      "local_observables": {
        "inside_lightcone_max_abs": 1.2948715908736502e-16,
        "leakage_ratio": 1.7155779671271283,
        "outside_lightcone_leakage_max_abs": 2.2214531715616874e-16,
        "x_max_used": 2.0
      }
    },
    {
      "causal_structure": {
        "note": "UV-modified dispersion plus cutoff induces nonzero commutator support outside the lightcone (microcausality leakage), quantifiable by leakage_ratio."
      },
      "coordinates": {
        "K_momentum_cutoff": 30.0,
        "Lambda_uv_scale": 12.0,
        "alpha": 0.1,
        "t": 0.8
      },
      "curvature_invariants": {
        "kretschmann": null,
        "note": "Microcausality/commutator support proxy; no curvature.",
        "ricci_scalar": null
      },
      "local_observables": {
        "inside_lightcone_max_abs": 1.4765835544620817e-16,
        "leakage_ratio": 2.0437086309412513,
        "outside_lightcone_leakage_max_abs": 3.0177065545600677e-16,
        "x_max_used": 2.0
      }
    },
    {
      "causal_structure": {
        "note": "UV-modified dispersion plus cutoff induces nonzero commutator support outside the lightcone (microcausality leakage), quantifiable by leakage_ratio."
      },
      "coordinates": {
        "K_momentum_cutoff": 30.0,
        "Lambda_uv_scale": 3.0,
        "alpha": 0.3,
        "t": 0.8
      },
      "curvature_invariants": {
        "kretschmann": null,
        "note": "Microcausality/commutator support proxy; no curvature.",
        "ricci_scalar": null
      },
      "local_observables": {
        "inside_lightcone_max_abs": 9.952563341007033e-17,
        "leakage_ratio": 1.4716786081167181,
        "outside_lightcone_leakage_max_abs": 1.4646974564886705e-16,
        "x_max_used": 2.0
      }
    },
    {
      "causal_structure": {
        "note": "UV-modified dispersion plus cutoff induces nonzero commutator support outside the lightcone (microcausality leakage), quantifiable by leakage_ratio."
      },
      "coordinates": {
        "K_momentum_cutoff": 30.0,
        "Lambda_uv_scale": 6.0,
        "alpha": 0.3,
        "t": 0.8
      },
      "curvature_invariants": {
        "kretschmann": null,
        "note": "Microcausality/commutator support proxy; no curvature.",
        "ricci_scalar": null
      },
      "local_observables": {
        "inside_lightcone_max_abs": 1.0885621816224624e-16,
        "leakage_ratio": 1.5709510375167284,
        "outside_lightcone_leakage_max_abs": 1.7100778886212807e-16,
        "x_max_used": 2.0
      }
    },
    {
      "causal_structure": {
        "note": "UV-modified dispersion plus cutoff induces nonzero commutator support outside the lightcone (microcausality leakage), quantifiable by leakage_ratio."
      },
      "coordinates": {
        "K_momentum_cutoff": 30.0,
        "Lambda_uv_scale": 12.0,
        "alpha": 0.3,
        "t": 0.8
      },
      "curvature_invariants": {
        "kretschmann": null,
        "note": "Microcausality/commutator support proxy; no curvature.",
        "ricci_scalar": null
      },
      "local_observables": {
        "inside_lightcone_max_abs": 1.5841766185766401e-16,
        "leakage_ratio": 1.7812536591927908,
        "outside_lightcone_leakage_max_abs": 2.8218203986473023e-16,
        "x_max_used": 2.0
      }
    },
    {
      "causal_structure": {
        "note": "UV-modified dispersion plus cutoff induces nonzero commutator support outside the lightcone (microcausality leakage), quantifiable by leakage_ratio."
      },
      "coordinates": {
        "K_momentum_cutoff": 30.0,
        "Lambda_uv_scale": 3.0,
        "alpha": 0.6,
        "t": 0.8
      },
      "curvature_invariants": {
        "kretschmann": null,
        "note": "Microcausality/commutator support proxy; no curvature.",
        "ricci_scalar": null
      },
      "local_observables": {
        "inside_lightcone_max_abs": 8.777274877292726e-17,
        "leakage_ratio": 1.4617621819597297,
        "outside_lightcone_leakage_max_abs": 1.2830288476291735e-16,
        "x_max_used": 2.0
      }
    },
    {
      "causal_structure": {
        "note": "UV-modified dispersion plus cutoff induces nonzero commutator support outside the lightcone (microcausality leakage), quantifiable by leakage_ratio."
      },
      "coordinates": {
        "K_momentum_cutoff": 30.0,
        "Lambda_uv_scale": 6.0,
        "alpha": 0.6,
        "t": 0.8
      },
      "curvature_invariants": {
        "kretschmann": null,
        "note": "Microcausality/commutator support proxy; no curvature.",
        "ricci_scalar": null
      },
      "local_observables": {
        "inside_lightcone_max_abs": 1.1871862092268335e-16,
        "leakage_ratio": 1.2446366279069767,
        "outside_lightcone_leakage_max_abs": 1.4776154401497527e-16,
        "x_max_used": 2.0
      }
    },
    {
      "causal_structure": {
        "note": "UV-modified dispersion plus cutoff induces nonzero commutator support outside the lightcone (microcausality leakage), quantifiable by leakage_ratio."
      },
      "coordinates": {
        "K_momentum_cutoff": 30.0,
        "Lambda_uv_scale": 12.0,
        "alpha": 0.6,
        "t": 0.8
      },
      "curvature_invariants": {
        "kretschmann": null,
        "note": "Microcausality/commutator support proxy; no curvature.",
        "ricci_scalar": null
      },
      "local_observables": {
        "inside_lightcone_max_abs": 1.4998165124868346e-16,
        "leakage_ratio": 1.4860051358988284,
        "outside_lightcone_leakage_max_abs": 2.2287350404613057e-16,
        "x_max_used": 2.0
      }
    },
    {
      "causal_structure": {
        "note": "UV-modified dispersion plus cutoff induces nonzero commutator support outside the lightcone (microcausality leakage), quantifiable by leakage_ratio."
      },
      "coordinates": {
        "K_momentum_cutoff": 30.0,
        "Lambda_uv_scale": 3.0,
        "alpha": 0.0,
        "t": 1.2
      },
      "curvature_invariants": {
        "kretschmann": null,
        "note": "Microcausality/commutator support proxy; no curvature.",
        "ricci_scalar": null
      },
      "local_observables": {
        "inside_lightcone_max_abs": 2.505238991284718e-16,
        "leakage_ratio": 0.9362133568437293,
        "outside_lightcone_leakage_max_abs": 2.345438205726464e-16,
        "x_max_used": 3.0
      }
    },
    {
      "causal_structure": {
        "note": "UV-modified dispersion plus cutoff induces nonzero commutator support outside the lightcone (microcausality leakage), quantifiable by leakage_ratio."
      },
      "coordinates": {
        "K_momentum_cutoff": 30.0,
        "Lambda_uv_scale": 6.0,
        "alpha": 0.0,
        "t": 1.2
      },
      "curvature_invariants": {
        "kretschmann": null,
        "note": "Microcausality/commutator support proxy; no curvature.",
        "ricci_scalar": null
      },
      "local_observables": {
        "inside_lightcone_max_abs": 2.505238991284718e-16,
        "leakage_ratio": 0.9362133568437293,
        "outside_lightcone_leakage_max_abs": 2.345438205726464e-16,
        "x_max_used": 3.0
      }
    },
    {
      "causal_structure": {
        "note": "UV-modified dispersion plus cutoff induces nonzero commutator support outside the lightcone (microcausality leakage), quantifiable by leakage_ratio."
      },
      "coordinates": {
        "K_momentum_cutoff": 30.0,
        "Lambda_uv_scale": 12.0,
        "alpha": 0.0,
        "t": 1.2
      },
      "curvature_invariants": {
        "kretschmann": null,
        "note": "Microcausality/commutator support proxy; no curvature.",
        "ricci_scalar": null
      },
      "local_observables": {
        "inside_lightcone_max_abs": 2.505238991284718e-16,
        "leakage_ratio": 0.9362133568437293,
        "outside_lightcone_leakage_max_abs": 2.345438205726464e-16,
        "x_max_used": 3.0
      }
    },
    {
      "causal_structure": {
        "note": "UV-modified dispersion plus cutoff induces nonzero commutator support outside the lightcone (microcausality leakage), quantifiable by leakage_ratio."
      },
      "coordinates": {
        "K_momentum_cutoff": 30.0,
        "Lambda_uv_scale": 3.0,
        "alpha": 0.1,
        "t": 1.2
      },
      "curvature_invariants": {
        "kretschmann": null,
        "note": "Microcausality/commutator support proxy; no curvature.",
        "ricci_scalar": null
      },
      "local_observables": {
        "inside_lightcone_max_abs": 8.737638733068977e-17,
        "leakage_ratio": 2.373630681425454,
        "outside_lightcone_leakage_max_abs": 2.0739927380023955e-16,
        "x_max_used": 3.0
      }
    },
    {
      "causal_structure": {
        "note": "UV-modified dispersion plus cutoff induces nonzero commutator support outside the lightcone (microcausality leakage), quantifiable by leakage_ratio."
      },
      "coordinates": {
        "K_momentum_cutoff": 30.0,
        "Lambda_uv_scale": 6.0,
        "alpha": 0.1,
        "t": 1.2
      },
      "curvature_invariants": {
        "kretschmann": null,
        "note": "Microcausality/commutator support proxy; no curvature.",
        "ricci_scalar": null
      },
      "local_observables": {
        "inside_lightcone_max_abs": 9.74467633729104e-17,
        "leakage_ratio": 2.656443401655673,
        "outside_lightcone_leakage_max_abs": 2.5886181157466956e-16,
        "x_max_used": 3.0
      }
    },
    {
      "causal_structure": {
        "note": "UV-modified dispersion plus cutoff induces nonzero commutator support outside the lightcone (microcausality leakage), quantifiable by leakage_ratio."
      },
      "coordinates": {
        "K_momentum_cutoff": 30.0,
        "Lambda_uv_scale": 12.0,
        "alpha": 0.1,
        "t": 1.2
      },
      "curvature_invariants": {
        "kretschmann": null,
        "note": "Microcausality/commutator support proxy; no curvature.",
        "ricci_scalar": null
      },
      "local_observables": {
        "inside_lightcone_max_abs": 1.9596026877277432e-16,
        "leakage_ratio": 1.0552714259548868,
        "outside_lightcone_leakage_max_abs": 2.0679127225834843e-16,
        "x_max_used": 3.0
      }
    },
    {
      "causal_structure": {
        "note": "UV-modified dispersion plus cutoff induces nonzero commutator support outside the lightcone (microcausality leakage), quantifiable by leakage_ratio."
      },
      "coordinates": {
        "K_momentum_cutoff": 30.0,
        "Lambda_uv_scale": 3.0,
        "alpha": 0.3,
        "t": 1.2
      },
      "curvature_invariants": {
        "kretschmann": null,
        "note": "Microcausality/commutator support proxy; no curvature.",
        "ricci_scalar": null
      },
      "local_observables": {
        "inside_lightcone_max_abs": 8.976054152504977e-17,
        "leakage_ratio": 1.8412934326912458,
        "outside_lightcone_leakage_max_abs": 1.65275495624884e-16,
        "x_max_used": 3.0
      }
    },
    {
      "causal_structure": {
        "note": "UV-modified dispersion plus cutoff induces nonzero commutator support outside the lightcone (microcausality leakage), quantifiable by leakage_ratio."
      },
      "coordinates": {
        "K_momentum_cutoff": 30.0,
        "Lambda_uv_scale": 6.0,
        "alpha": 0.3,
        "t": 1.2
      },
      "curvature_invariants": {
        "kretschmann": null,
        "note": "Microcausality/commutator support proxy; no curvature.",
        "ricci_scalar": null
      },
      "local_observables": {
        "inside_lightcone_max_abs": 1.092042207476326e-16,
        "leakage_ratio": 1.8999181496123958,
        "outside_lightcone_leakage_max_abs": 2.0747908101270575e-16,
        "x_max_used": 3.0
      }
    },
    {
      "causal_structure": {
        "note": "UV-modified dispersion plus cutoff induces nonzero commutator support outside the lightcone (microcausality leakage), quantifiable by leakage_ratio."
      },
      "coordinates": {
        "K_momentum_cutoff": 30.0,
        "Lambda_uv_scale": 12.0,
        "alpha": 0.3,
        "t": 1.2
      },
      "curvature_invariants": {
        "kretschmann": null,
        "note": "Microcausality/commutator support proxy; no curvature.",
        "ricci_scalar": null
      },
      "local_observables": {
        "inside_lightcone_max_abs": 1.4022144485923684e-16,
        "leakage_ratio": 1.6227277789502637,
        "outside_lightcone_leakage_max_abs": 2.2754123377762627e-16,
        "x_max_used": 3.0
      }
    },
    {
      "causal_structure": {
        "note": "UV-modified dispersion plus cutoff induces nonzero commutator support outside the lightcone (microcausality leakage), quantifiable by leakage_ratio."
      },
      "coordinates": {
        "K_momentum_cutoff": 30.0,
        "Lambda_uv_scale": 3.0,
        "alpha": 0.6,
        "t": 1.2
      },
      "curvature_invariants": {
        "kretschmann": null,
        "note": "Microcausality/commutator support proxy; no curvature.",
        "ricci_scalar": null
      },
      "local_observables": {
        "inside_lightcone_max_abs": 9.821450875683518e-17,
        "leakage_ratio": 1.676654381325227,
        "outside_lightcone_leakage_max_abs": 1.6467178641685258e-16,
        "x_max_used": 3.0
      }
    },
    {
      "causal_structure": {
        "note": "UV-modified dispersion plus cutoff induces nonzero commutator support outside the lightcone (microcausality leakage), quantifiable by leakage_ratio."
      },
      "coordinates": {
        "K_momentum_cutoff": 30.0,
        "Lambda_uv_scale": 6.0,
        "alpha": 0.6,
        "t": 1.2
      },
      "curvature_invariants": {
        "kretschmann": null,
        "note": "Microcausality/commutator support proxy; no curvature.",
        "ricci_scalar": null
      },
      "local_observables": {
        "inside_lightcone_max_abs": 9.275297766502032e-17,
        "leakage_ratio": 1.6654453247160357,
        "outside_lightcone_leakage_max_abs": 1.5447501300569897e-16,
        "x_max_used": 3.0
      }
    },
    {
      "causal_structure": {
        "note": "UV-modified dispersion plus cutoff induces nonzero commutator support outside the lightcone (microcausality leakage), quantifiable by leakage_ratio."
      },
      "coordinates": {
        "K_momentum_cutoff": 30.0,
        "Lambda_uv_scale": 12.0,
        "alpha": 0.6,
        "t": 1.2
      },
      "curvature_invariants": {
        "kretschmann": null,
        "note": "Microcausality/commutator support proxy; no curvature.",
        "ricci_scalar": null
      },
      "local_observables": {
        "inside_lightcone_max_abs": 1.4756621047008504e-16,
        "leakage_ratio": 1.2491528079534318,
        "outside_lightcone_leakage_max_abs": 1.8433274616775383e-16,
        "x_max_used": 3.0
      }
    },
    {
      "causal_structure": {
        "note": "UV-modified dispersion plus cutoff induces nonzero commutator support outside the lightcone (microcausality leakage), quantifiable by leakage_ratio."
      },
      "coordinates": {
        "K_momentum_cutoff": 30.0,
        "Lambda_uv_scale": 3.0,
        "alpha": 0.0,
        "t": 1.6
      },
      "curvature_invariants": {
        "kretschmann": null,
        "note": "Microcausality/commutator support proxy; no curvature.",
        "ricci_scalar": null
      },
      "local_observables": {
        "inside_lightcone_max_abs": 1.7808069228218601e-16,
        "leakage_ratio": 1.1545402396862066,
        "outside_lightcone_leakage_max_abs": 2.0560132515096062e-16,
        "x_max_used": 4.0
      }
    },
    {
      "causal_structure": {
        "note": "UV-modified dispersion plus cutoff induces nonzero commutator support outside the lightcone (microcausality leakage), quantifiable by leakage_ratio."
      },
      "coordinates": {
        "K_momentum_cutoff": 30.0,
        "Lambda_uv_scale": 6.0,
        "alpha": 0.0,
        "t": 1.6
      },
      "curvature_invariants": {
        "kretschmann": null,
        "note": "Microcausality/commutator support proxy; no curvature.",
        "ricci_scalar": null
      },
      "local_observables": {
        "inside_lightcone_max_abs": 1.7808069228218601e-16,
        "leakage_ratio": 1.1545402396862066,
        "outside_lightcone_leakage_max_abs": 2.0560132515096062e-16,
        "x_max_used": 4.0
      }
    },
    {
      "causal_structure": {
        "note": "UV-modified dispersion plus cutoff induces nonzero commutator support outside the lightcone (microcausality leakage), quantifiable by leakage_ratio."
      },
      "coordinates": {
        "K_momentum_cutoff": 30.0,
        "Lambda_uv_scale": 12.0,
        "alpha": 0.0,
        "t": 1.6
      },
      "curvature_invariants": {
        "kretschmann": null,
        "note": "Microcausality/commutator support proxy; no curvature.",
        "ricci_scalar": null
      },
      "local_observables": {
        "inside_lightcone_max_abs": 1.7808069228218601e-16,
        "leakage_ratio": 1.1545402396862066,
        "outside_lightcone_leakage_max_abs": 2.0560132515096062e-16,
        "x_max_used": 4.0
      }
    },
    {
      "causal_structure": {
        "note": "UV-modified dispersion plus cutoff induces nonzero commutator support outside the lightcone (microcausality leakage), quantifiable by leakage_ratio."
      },
      "coordinates": {
        "K_momentum_cutoff": 30.0,
        "Lambda_uv_scale": 3.0,
        "alpha": 0.1,
        "t": 1.6
      },
      "curvature_invariants": {
        "kretschmann": null,
        "note": "Microcausality/commutator support proxy; no curvature.",
        "ricci_scalar": null
      },
      "local_observables": {
        "inside_lightcone_max_abs": 9.642963123478721e-17,
        "leakage_ratio": 2.257421525847283,
        "outside_lightcone_leakage_max_abs": 2.1768232527892415e-16,
        "x_max_used": 4.0
      }
    },
    {
      "causal_structure": {
        "note": "UV-modified dispersion plus cutoff induces nonzero commutator support outside the lightcone (microcausality leakage), quantifiable by leakage_ratio."
      },
      "coordinates": {
        "K_momentum_cutoff": 30.0,
        "Lambda_uv_scale": 6.0,
        "alpha": 0.1,
        "t": 1.6
      },
      "curvature_invariants": {
        "kretschmann": null,
        "note": "Microcausality/commutator support proxy; no curvature.",
        "ricci_scalar": null
      },
      "local_observables": {
        "inside_lightcone_max_abs": 1.0823272970723332e-16,
        "leakage_ratio": 1.4898729656650174,
        "outside_lightcone_leakage_max_abs": 1.6125301799093593e-16,
        "x_max_used": 4.0
      }
    },
    {
      "causal_structure": {
        "note": "UV-modified dispersion plus cutoff induces nonzero commutator support outside the lightcone (microcausality leakage), quantifiable by leakage_ratio."
      },
      "coordinates": {
        "K_momentum_cutoff": 30.0,
        "Lambda_uv_scale": 12.0,
        "alpha": 0.1,
        "t": 1.6
      },
      "curvature_invariants": {
        "kretschmann": null,
        "note": "Microcausality/commutator support proxy; no curvature.",
        "ricci_scalar": null
      },
      "local_observables": {
        "inside_lightcone_max_abs": 1.478322920303507e-16,
        "leakage_ratio": 1.5412736950228778,
        "outside_lightcone_leakage_max_abs": 2.2785002298131977e-16,
        "x_max_used": 4.0
      }
    },
    {
      "causal_structure": {
        "note": "UV-modified dispersion plus cutoff induces nonzero commutator support outside the lightcone (microcausality leakage), quantifiable by leakage_ratio."
      },
      "coordinates": {
        "K_momentum_cutoff": 30.0,
        "Lambda_uv_scale": 3.0,
        "alpha": 0.3,
        "t": 1.6
      },
      "curvature_invariants": {
        "kretschmann": null,
        "note": "Microcausality/commutator support proxy; no curvature.",
        "ricci_scalar": null
      },
      "local_observables": {
        "inside_lightcone_max_abs": 8.55408430134842e-17,
        "leakage_ratio": 1.4743595336249415,
        "outside_lightcone_leakage_max_abs": 1.261179574112449e-16,
        "x_max_used": 4.0
      }
    },
    {
      "causal_structure": {
        "note": "UV-modified dispersion plus cutoff induces nonzero commutator support outside the lightcone (microcausality leakage), quantifiable by leakage_ratio."
      },
      "coordinates": {
        "K_momentum_cutoff": 30.0,
        "Lambda_uv_scale": 6.0,
        "alpha": 0.3,
        "t": 1.6
      },
      "curvature_invariants": {
        "kretschmann": null,
        "note": "Microcausality/commutator support proxy; no curvature.",
        "ricci_scalar": null
      },
      "local_observables": {
        "inside_lightcone_max_abs": 8.579516918704877e-17,
        "leakage_ratio": 2.3194549895766605,
        "outside_lightcone_leakage_max_abs": 1.9899803325247402e-16,
        "x_max_used": 4.0
      }
    },
    {
      "causal_structure": {
        "note": "UV-modified dispersion plus cutoff induces nonzero commutator support outside the lightcone (microcausality leakage), quantifiable by leakage_ratio."
      },
      "coordinates": {
        "K_momentum_cutoff": 30.0,
        "Lambda_uv_scale": 12.0,
        "alpha": 0.3,
        "t": 1.6
      },
      "curvature_invariants": {
        "kretschmann": null,
        "note": "Microcausality/commutator support proxy; no curvature.",
        "ricci_scalar": null
      },
      "local_observables": {
        "inside_lightcone_max_abs": 1.0481887913116593e-16,
        "leakage_ratio": 2.0765909180703535,
        "outside_lightcone_leakage_max_abs": 2.1766593244609328e-16,
        "x_max_used": 4.0
      }
    },
    {
      "causal_structure": {
        "note": "UV-modified dispersion plus cutoff induces nonzero commutator support outside the lightcone (microcausality leakage), quantifiable by leakage_ratio."
      },
      "coordinates": {
        "K_momentum_cutoff": 30.0,
        "Lambda_uv_scale": 3.0,
        "alpha": 0.6,
        "t": 1.6
      },
      "curvature_invariants": {
        "kretschmann": null,
        "note": "Microcausality/commutator support proxy; no curvature.",
        "ricci_scalar": null
      },
      "local_observables": {
        "inside_lightcone_max_abs": 7.007981331192543e-17,
        "leakage_ratio": 1.6990133335549387,
        "outside_lightcone_leakage_max_abs": 1.1906653723000219e-16,
        "x_max_used": 4.0
      }
    },
    {
      "causal_structure": {
        "note": "UV-modified dispersion plus cutoff induces nonzero commutator support outside the lightcone (microcausality leakage), quantifiable by leakage_ratio."
      },
      "coordinates": {
        "K_momentum_cutoff": 30.0,
        "Lambda_uv_scale": 6.0,
        "alpha": 0.6,
        "t": 1.6
      },
      "curvature_invariants": {
        "kretschmann": null,
        "note": "Microcausality/commutator support proxy; no curvature.",
        "ricci_scalar": null
      },
      "local_observables": {
        "inside_lightcone_max_abs": 7.718539455006076e-17,
        "leakage_ratio": 2.0314750975842037,
        "outside_lightcone_leakage_max_abs": 1.5680020692565997e-16,
        "x_max_used": 4.0
      }
    },
    {
      "causal_structure": {
        "note": "UV-modified dispersion plus cutoff induces nonzero commutator support outside the lightcone (microcausality leakage), quantifiable by leakage_ratio."
      },
      "coordinates": {
        "K_momentum_cutoff": 30.0,
        "Lambda_uv_scale": 12.0,
        "alpha": 0.6,
        "t": 1.6
      },
      "curvature_invariants": {
        "kretschmann": null,
        "note": "Microcausality/commutator support proxy; no curvature.",
        "ricci_scalar": null
      },
      "local_observables": {
        "inside_lightcone_max_abs": 8.822104961181845e-17,
        "leakage_ratio": 1.7225051832726985,
        "outside_lightcone_leakage_max_abs": 1.5196121523011517e-16,
        "x_max_used": 4.0
      }
    }
  ],
  "spacetime": "1+1D commutator kernel proxy with modified dispersion",
  "theory": "Quantum Field Theory (toy): microcausality leakage under UV softening",
  "toy_id": "095",
  "units": {
    "G": 1,
    "c": 1
  }
}