{
  "notes": {
    "assumptions": [
      "Massless gauge-like field",
      "Charged excitation"
    ],
    "pressure_point": "Infrared divergences destroy sharp particle states. Physical states require soft dressing, which is not unique."
  },
  "observables": {
    "failure_flags": {
      "fock_particle_definition": false,
      "unique_dressing": false
    },
    "regime_classification": {
      "finite_ir_cutoff": "approximate_particles",
      "ir_cutoff_removed": "infraparticle_regime"
    }
  },
  "parameters": {
    "charge": 1.0,
    "ir_cutoffs": [
      1.0,
      0.5,
      0.2,
      0.1
    ]
  },
  "sample_points": [
    {
      "causal_structure": {
        "sharp_particle_state": false
      },
      "coordinates": {
        "ir_cutoff_epsilon": 1.0
      },
      "curvature_invariants": {
        "massless_field": true
      },
      "local_observables": {
        "dressing_norm_proxy": 0.6321205588285577,
        "particle_state_overlap": 1.0
      }
    },
    {
      "causal_structure": {
        "sharp_particle_state": false
      },
      "coordinates": {
        "ir_cutoff_epsilon": 0.5
      },
      "curvature_invariants": {
        "massless_field": true
      },
      "local_observables": {
        "dressing_norm_proxy": 0.8646647167633873,
        "particle_state_overlap": 0.5
      }
    },
    {
      "causal_structure": {
        "sharp_particle_state": false
      },
      "coordinates": {
        "ir_cutoff_epsilon": 0.2
      },
      "curvature_invariants": {
        "massless_field": true
      },
      "local_observables": {
        "dressing_norm_proxy": 0.9932620530009145,
        "particle_state_overlap": 0.2
      }
    },
    {
      "causal_structure": {
        "sharp_particle_state": false
      },
      "coordinates": {
        "ir_cutoff_epsilon": 0.1
      },
      "curvature_invariants": {
        "massless_field": true
      },
      "local_observables": {
        "dressing_norm_proxy": 0.9999546000702375,
        "particle_state_overlap": 0.09999999999999998
      }
    }
  ],
  "spacetime": "Flat Minkowski with massless modes",
  "theory": "Quantum Field Theory",
  "toy_id": "039",
  "units": {
    "c": 1,
    "hbar": 1
  }
}