{
  "notes": {
    "pressure_point": "Local reduced density matrices do not determine the global state. Global information is inaccessible to local observers."
  },
  "observables": {
    "summary": {
      "local_indistinguishability_norm": 0.7071067811865474
    }
  },
  "parameters": {},
  "sample_points": [
    {
      "causal_structure": {
        "note": "Identical local data, distinct global states"
      },
      "coordinates": {
        "subsystem": "AB"
      },
      "curvature_invariants": {
        "analogy": null
      },
      "local_observables": {
        "reduced_state_difference_norm": 0.7071067811865474
      }
    }
  ],
  "spacetime": "Three-qubit system",
  "theory": "Quantum Field Theory (state reconstruction failure proxy)",
  "toy_id": "051",
  "units": {
    "hbar": 1
  }
}