{
  "notes": {
    "pressure_point": "Turns qualitative origin mechanisms into quantitative scalings and asks: are viable regions broad (robust) or narrow (fine-tuned) under simple consistency proxies?",
    "warning": "This is an intentionally stripped-down proxy. It does not model reheating, detailed Boltzmann evolution, structure constraints, or observational likelihoods."
  },
  "observables": {
    "summary": {
      "counts": {
        "horizon_match": 0,
        "horizon_total": 42,
        "mirror_match": 0,
        "mirror_total": 20
      },
      "horizon_match_fraction": 0.0,
      "mirror_match_fraction": 0.0,
      "robustness_score_avg": 0.0
    }
  },
  "parameters": {
    "horizon": {
      "H_ref": 1.0,
      "N_duration_samples": [
        0.2,
        0.5,
        1.0,
        2.0,
        4.0,
        8.0
      ],
      "m_over_H_samples": [
        0.1,
        0.2,
        0.5,
        1.0,
        2.0,
        5.0,
        10.0
      ],
      "notes": "Omega_proxy ~ m * (H^3 * exp(-2\u03c0 m/H)) * (1-exp(-3N))."
    },
    "match_tolerance_dex": 0.5,
    "mirror": {
      "Lambda_d_samples": [
        0.0001,
        0.001,
        0.01,
        0.1,
        1.0
      ],
      "Nc": 3.0,
      "T_probe": 1.0,
      "alpha_collapse_threshold": 0.25,
      "collapse_width_logspace": 0.7,
      "eta_d_samples": [
        1e-14,
        1e-12,
        1e-10,
        1e-08
      ],
      "gstar": 100.0,
      "notes": "Omega_proxy ~ eta_d*((1-fc)*mB + fc*Mrem) with fc = sigmoid(log(rho_d/rho_crit)/width).",
      "xi_Mpl_remnant_mass": 2.0
    },
    "target_log10_Omega_proxy": 0.0
  },
  "sample_points": [
    {
      "causal_structure": {
        "note": "Mirror-sector density vs horizon/Jeans proxy determines collapse fraction into Planck-scale remnants."
      },
      "coordinates": {
        "Lambda_d": 0.0001,
        "eta_d": 1e-14,
        "mechanism": "mirror_remnants"
      },
      "curvature_invariants": {
        "kretschmann": null,
        "note": "Early-universe density threshold proxy; no spacetime curvature computed.",
        "ricci_scalar": null
      },
      "local_observables": {
        "Mrem": 2.0,
        "Omega_proxy": 3.0000000000000002e-18,
        "collapse_fraction": 6.703948410798982e-27,
        "delta_dex": 17.522878745280337,
        "log10_Omega_proxy": -17.522878745280337,
        "mB": 0.00030000000000000003,
        "match_target": false,
        "rho_crit": 275.9351442037064,
        "rho_d": 1.3159472534785812e-16,
        "rho_ratio": 4.769045484496517e-19
      }
    },
    {
      "causal_structure": {
        "note": "Mirror-sector density vs horizon/Jeans proxy determines collapse fraction into Planck-scale remnants."
      },
      "coordinates": {
        "Lambda_d": 0.001,
        "eta_d": 1e-14,
        "mechanism": "mirror_remnants"
      },
      "curvature_invariants": {
        "kretschmann": null,
        "note": "Early-universe density threshold proxy; no spacetime curvature computed.",
        "ricci_scalar": null
      },
      "local_observables": {
        "Mrem": 2.0,
        "Omega_proxy": 3e-17,
        "collapse_fraction": 1.7984654213422839e-25,
        "delta_dex": 16.522878745280337,
        "log10_Omega_proxy": -16.522878745280337,
        "mB": 0.003,
        "match_target": false,
        "rho_crit": 275.9351442037064,
        "rho_d": 1.315947253478581e-15,
        "rho_ratio": 4.7690454844965166e-18
      }
    },
    {
      "causal_structure": {
        "note": "Mirror-sector density vs horizon/Jeans proxy determines collapse fraction into Planck-scale remnants."
      },
      "coordinates": {
        "Lambda_d": 0.01,
        "eta_d": 1e-14,
        "mechanism": "mirror_remnants"
      },
      "curvature_invariants": {
        "kretschmann": null,
        "note": "Early-universe density threshold proxy; no spacetime curvature computed.",
        "ricci_scalar": null
      },
      "local_observables": {
        "Mrem": 2.0,
        "Omega_proxy": 3e-16,
        "collapse_fraction": 4.824735623790913e-24,
        "delta_dex": 15.522878745280337,
        "log10_Omega_proxy": -15.522878745280337,
        "mB": 0.03,
        "match_target": false,
        "rho_crit": 275.9351442037064,
        "rho_d": 1.315947253478581e-14,
        "rho_ratio": 4.769045484496516e-17
      }
    },
    {
      "causal_structure": {
        "note": "Mirror-sector density vs horizon/Jeans proxy determines collapse fraction into Planck-scale remnants."
      },
      "coordinates": {
        "Lambda_d": 0.1,
        "eta_d": 1e-14,
        "mechanism": "mirror_remnants"
      },
      "curvature_invariants": {
        "kretschmann": null,
        "note": "Early-universe density threshold proxy; no spacetime curvature computed.",
        "ricci_scalar": null
      },
      "local_observables": {
        "Mrem": 2.0,
        "Omega_proxy": 3.0000000000000006e-15,
        "collapse_fraction": 1.2943297971280063e-22,
        "delta_dex": 14.522878745280337,
        "log10_Omega_proxy": -14.522878745280337,
        "mB": 0.30000000000000004,
        "match_target": false,
        "rho_crit": 275.9351442037064,
        "rho_d": 1.3159472534785812e-13,
        "rho_ratio": 4.7690454844965175e-16
      }
    },
    {
      "causal_structure": {
        "note": "Mirror-sector density vs horizon/Jeans proxy determines collapse fraction into Planck-scale remnants."
      },
      "coordinates": {
        "Lambda_d": 1.0,
        "eta_d": 1e-14,
        "mechanism": "mirror_remnants"
      },
      "curvature_invariants": {
        "kretschmann": null,
        "note": "Early-universe density threshold proxy; no spacetime curvature computed.",
        "ricci_scalar": null
      },
      "local_observables": {
        "Mrem": 2.0,
        "Omega_proxy": 3e-14,
        "collapse_fraction": 3.472293104460604e-21,
        "delta_dex": 13.522878745280337,
        "log10_Omega_proxy": -13.522878745280337,
        "mB": 3.0,
        "match_target": false,
        "rho_crit": 275.9351442037064,
        "rho_d": 1.3159472534785811e-12,
        "rho_ratio": 4.769045484496517e-15
      }
    },
    {
      "causal_structure": {
        "note": "Mirror-sector density vs horizon/Jeans proxy determines collapse fraction into Planck-scale remnants."
      },
      "coordinates": {
        "Lambda_d": 0.0001,
        "eta_d": 1e-12,
        "mechanism": "mirror_remnants"
      },
      "curvature_invariants": {
        "kretschmann": null,
        "note": "Early-universe density threshold proxy; no spacetime curvature computed.",
        "ricci_scalar": null
      },
      "local_observables": {
        "Mrem": 2.0,
        "Omega_proxy": 3.0000000000000004e-16,
        "collapse_fraction": 4.824735623790913e-24,
        "delta_dex": 15.522878745280337,
        "log10_Omega_proxy": -15.522878745280337,
        "mB": 0.00030000000000000003,
        "match_target": false,
        "rho_crit": 275.9351442037064,
        "rho_d": 1.315947253478581e-14,
        "rho_ratio": 4.769045484496516e-17
      }
    },
    {
      "causal_structure": {
        "note": "Mirror-sector density vs horizon/Jeans proxy determines collapse fraction into Planck-scale remnants."
      },
      "coordinates": {
        "Lambda_d": 0.001,
        "eta_d": 1e-12,
        "mechanism": "mirror_remnants"
      },
      "curvature_invariants": {
        "kretschmann": null,
        "note": "Early-universe density threshold proxy; no spacetime curvature computed.",
        "ricci_scalar": null
      },
      "local_observables": {
        "Mrem": 2.0,
        "Omega_proxy": 3e-15,
        "collapse_fraction": 1.2943297971280063e-22,
        "delta_dex": 14.522878745280337,
        "log10_Omega_proxy": -14.522878745280337,
        "mB": 0.003,
        "match_target": false,
        "rho_crit": 275.9351442037064,
        "rho_d": 1.315947253478581e-13,
        "rho_ratio": 4.769045484496517e-16
      }
    },
    {
      "causal_structure": {
        "note": "Mirror-sector density vs horizon/Jeans proxy determines collapse fraction into Planck-scale remnants."
      },
      "coordinates": {
        "Lambda_d": 0.01,
        "eta_d": 1e-12,
        "mechanism": "mirror_remnants"
      },
      "curvature_invariants": {
        "kretschmann": null,
        "note": "Early-universe density threshold proxy; no spacetime curvature computed.",
        "ricci_scalar": null
      },
      "local_observables": {
        "Mrem": 2.0,
        "Omega_proxy": 3e-14,
        "collapse_fraction": 3.472293104460604e-21,
        "delta_dex": 13.522878745280337,
        "log10_Omega_proxy": -13.522878745280337,
        "mB": 0.03,
        "match_target": false,
        "rho_crit": 275.9351442037064,
        "rho_d": 1.315947253478581e-12,
        "rho_ratio": 4.769045484496516e-15
      }
    },
    {
      "causal_structure": {
        "note": "Mirror-sector density vs horizon/Jeans proxy determines collapse fraction into Planck-scale remnants."
      },
      "coordinates": {
        "Lambda_d": 0.1,
        "eta_d": 1e-12,
        "mechanism": "mirror_remnants"
      },
      "curvature_invariants": {
        "kretschmann": null,
        "note": "Early-universe density threshold proxy; no spacetime curvature computed.",
        "ricci_scalar": null
      },
      "local_observables": {
        "Mrem": 2.0,
        "Omega_proxy": 3.0000000000000003e-13,
        "collapse_fraction": 9.315106111315224e-20,
        "delta_dex": 12.522878745280337,
        "log10_Omega_proxy": -12.522878745280337,
        "mB": 0.30000000000000004,
        "match_target": false,
        "rho_crit": 275.9351442037064,
        "rho_d": 1.3159472534785811e-11,
        "rho_ratio": 4.769045484496517e-14
      }
    },
    {
      "causal_structure": {
        "note": "Mirror-sector density vs horizon/Jeans proxy determines collapse fraction into Planck-scale remnants."
      },
      "coordinates": {
        "Lambda_d": 1.0,
        "eta_d": 1e-12,
        "mechanism": "mirror_remnants"
      },
      "curvature_invariants": {
        "kretschmann": null,
        "note": "Early-universe density threshold proxy; no spacetime curvature computed.",
        "ricci_scalar": null
      },
      "local_observables": {
        "Mrem": 2.0,
        "Omega_proxy": 3e-12,
        "collapse_fraction": 2.4989595997409768e-18,
        "delta_dex": 11.522878745280337,
        "log10_Omega_proxy": -11.522878745280337,
        "mB": 3.0,
        "match_target": false,
        "rho_crit": 275.9351442037064,
        "rho_d": 1.315947253478581e-10,
        "rho_ratio": 4.769045484496516e-13
      }
    },
    {
      "causal_structure": {
        "note": "Mirror-sector density vs horizon/Jeans proxy determines collapse fraction into Planck-scale remnants."
      },
      "coordinates": {
        "Lambda_d": 0.0001,
        "eta_d": 1e-10,
        "mechanism": "mirror_remnants"
      },
      "curvature_invariants": {
        "kretschmann": null,
        "note": "Early-universe density threshold proxy; no spacetime curvature computed.",
        "ricci_scalar": null
      },
      "local_observables": {
        "Mrem": 2.0,
        "Omega_proxy": 3.0000000000000005e-14,
        "collapse_fraction": 3.472293104460604e-21,
        "delta_dex": 13.522878745280337,
        "log10_Omega_proxy": -13.522878745280337,
        "mB": 0.00030000000000000003,
        "match_target": false,
        "rho_crit": 275.9351442037064,
        "rho_d": 1.3159472534785811e-12,
        "rho_ratio": 4.769045484496517e-15
      }
    },
    {
      "causal_structure": {
        "note": "Mirror-sector density vs horizon/Jeans proxy determines collapse fraction into Planck-scale remnants."
      },
      "coordinates": {
        "Lambda_d": 0.001,
        "eta_d": 1e-10,
        "mechanism": "mirror_remnants"
      },
      "curvature_invariants": {
        "kretschmann": null,
        "note": "Early-universe density threshold proxy; no spacetime curvature computed.",
        "ricci_scalar": null
      },
      "local_observables": {
        "Mrem": 2.0,
        "Omega_proxy": 3.0000000000000003e-13,
        "collapse_fraction": 9.315106111315224e-20,
        "delta_dex": 12.522878745280337,
        "log10_Omega_proxy": -12.522878745280337,
        "mB": 0.003,
        "match_target": false,
        "rho_crit": 275.9351442037064,
        "rho_d": 1.315947253478581e-11,
        "rho_ratio": 4.769045484496516e-14
      }
    },
    {
      "causal_structure": {
        "note": "Mirror-sector density vs horizon/Jeans proxy determines collapse fraction into Planck-scale remnants."
      },
      "coordinates": {
        "Lambda_d": 0.01,
        "eta_d": 1e-10,
        "mechanism": "mirror_remnants"
      },
      "curvature_invariants": {
        "kretschmann": null,
        "note": "Early-universe density threshold proxy; no spacetime curvature computed.",
        "ricci_scalar": null
      },
      "local_observables": {
        "Mrem": 2.0,
        "Omega_proxy": 3.0000000000000005e-12,
        "collapse_fraction": 2.4989595997409768e-18,
        "delta_dex": 11.522878745280337,
        "log10_Omega_proxy": -11.522878745280337,
        "mB": 0.03,
        "match_target": false,
        "rho_crit": 275.9351442037064,
        "rho_d": 1.315947253478581e-10,
        "rho_ratio": 4.769045484496516e-13
      }
    },
    {
      "causal_structure": {
        "note": "Mirror-sector density vs horizon/Jeans proxy determines collapse fraction into Planck-scale remnants."
      },
      "coordinates": {
        "Lambda_d": 0.1,
        "eta_d": 1e-10,
        "mechanism": "mirror_remnants"
      },
      "curvature_invariants": {
        "kretschmann": null,
        "note": "Early-universe density threshold proxy; no spacetime curvature computed.",
        "ricci_scalar": null
      },
      "local_observables": {
        "Mrem": 2.0,
        "Omega_proxy": 3.000000000000001e-11,
        "collapse_fraction": 6.703948410799056e-17,
        "delta_dex": 10.522878745280337,
        "log10_Omega_proxy": -10.522878745280337,
        "mB": 0.30000000000000004,
        "match_target": false,
        "rho_crit": 275.9351442037064,
        "rho_d": 1.3159472534785812e-09,
        "rho_ratio": 4.769045484496517e-12
      }
    },
    {
      "causal_structure": {
        "note": "Mirror-sector density vs horizon/Jeans proxy determines collapse fraction into Planck-scale remnants."
      },
      "coordinates": {
        "Lambda_d": 1.0,
        "eta_d": 1e-10,
        "mechanism": "mirror_remnants"
      },
      "curvature_invariants": {
        "kretschmann": null,
        "note": "Early-universe density threshold proxy; no spacetime curvature computed.",
        "ricci_scalar": null
      },
      "local_observables": {
        "Mrem": 2.0,
        "Omega_proxy": 2.9999999999999984e-10,
        "collapse_fraction": 1.798465421342275e-15,
        "delta_dex": 9.522878745280337,
        "log10_Omega_proxy": -9.522878745280337,
        "mB": 3.0,
        "match_target": false,
        "rho_crit": 275.9351442037064,
        "rho_d": 1.3159472534785809e-08,
        "rho_ratio": 4.769045484496516e-11
      }
    },
    {
      "causal_structure": {
        "note": "Mirror-sector density vs horizon/Jeans proxy determines collapse fraction into Planck-scale remnants."
      },
      "coordinates": {
        "Lambda_d": 0.0001,
        "eta_d": 1e-08,
        "mechanism": "mirror_remnants"
      },
      "curvature_invariants": {
        "kretschmann": null,
        "note": "Early-universe density threshold proxy; no spacetime curvature computed.",
        "ricci_scalar": null
      },
      "local_observables": {
        "Mrem": 2.0,
        "Omega_proxy": 3.0000000000000502e-12,
        "collapse_fraction": 2.4989595997409768e-18,
        "delta_dex": 11.52287874528033,
        "log10_Omega_proxy": -11.52287874528033,
        "mB": 0.00030000000000000003,
        "match_target": false,
        "rho_crit": 275.9351442037064,
        "rho_d": 1.3159472534785813e-10,
        "rho_ratio": 4.769045484496517e-13
      }
    },
    {
      "causal_structure": {
        "note": "Mirror-sector density vs horizon/Jeans proxy determines collapse fraction into Planck-scale remnants."
      },
      "coordinates": {
        "Lambda_d": 0.001,
        "eta_d": 1e-08,
        "mechanism": "mirror_remnants"
      },
      "curvature_invariants": {
        "kretschmann": null,
        "note": "Early-universe density threshold proxy; no spacetime curvature computed.",
        "ricci_scalar": null
      },
      "local_observables": {
        "Mrem": 2.0,
        "Omega_proxy": 3.000000000000134e-11,
        "collapse_fraction": 6.703948410799056e-17,
        "delta_dex": 10.522878745280318,
        "log10_Omega_proxy": -10.522878745280318,
        "mB": 0.003,
        "match_target": false,
        "rho_crit": 275.9351442037064,
        "rho_d": 1.315947253478581e-09,
        "rho_ratio": 4.7690454844965165e-12
      }
    },
    {
      "causal_structure": {
        "note": "Mirror-sector density vs horizon/Jeans proxy determines collapse fraction into Planck-scale remnants."
      },
      "coordinates": {
        "Lambda_d": 0.01,
        "eta_d": 1e-08,
        "mechanism": "mirror_remnants"
      },
      "curvature_invariants": {
        "kretschmann": null,
        "note": "Early-universe density threshold proxy; no spacetime curvature computed.",
        "ricci_scalar": null
      },
      "local_observables": {
        "Mrem": 2.0,
        "Omega_proxy": 3.0000000000003546e-10,
        "collapse_fraction": 1.798465421342275e-15,
        "delta_dex": 9.522878745280286,
        "log10_Omega_proxy": -9.522878745280286,
        "mB": 0.03,
        "match_target": false,
        "rho_crit": 275.9351442037064,
        "rho_d": 1.315947253478581e-08,
        "rho_ratio": 4.7690454844965166e-11
      }
    },
    {
      "causal_structure": {
        "note": "Mirror-sector density vs horizon/Jeans proxy determines collapse fraction into Planck-scale remnants."
      },
      "coordinates": {
        "Lambda_d": 0.1,
        "eta_d": 1e-08,
        "mechanism": "mirror_remnants"
      },
      "curvature_invariants": {
        "kretschmann": null,
        "note": "Early-universe density threshold proxy; no spacetime curvature computed.",
        "ricci_scalar": null
      },
      "local_observables": {
        "Mrem": 2.0,
        "Omega_proxy": 3.0000000000008205e-09,
        "collapse_fraction": 4.824735623790683e-14,
        "delta_dex": 8.522878745280218,
        "log10_Omega_proxy": -8.522878745280218,
        "mB": 0.30000000000000004,
        "match_target": false,
        "rho_crit": 275.9351442037064,
        "rho_d": 1.3159472534785813e-07,
        "rho_ratio": 4.769045484496518e-10
      }
    },
    {
      "causal_structure": {
        "note": "Mirror-sector density vs horizon/Jeans proxy determines collapse fraction into Planck-scale remnants."
      },
      "coordinates": {
        "Lambda_d": 1.0,
        "eta_d": 1e-08,
        "mechanism": "mirror_remnants"
      },
      "curvature_invariants": {
        "kretschmann": null,
        "note": "Early-universe density threshold proxy; no spacetime curvature computed.",
        "ricci_scalar": null
      },
      "local_observables": {
        "Mrem": 2.0,
        "Omega_proxy": 2.9999999999987054e-08,
        "collapse_fraction": 1.2943297971263456e-12,
        "delta_dex": 7.522878745280525,
        "log10_Omega_proxy": -7.522878745280525,
        "mB": 3.0,
        "match_target": false,
        "rho_crit": 275.9351442037064,
        "rho_d": 1.315947253478581e-06,
        "rho_ratio": 4.769045484496516e-09
      }
    },
    {
      "causal_structure": {
        "note": "Horizon thermal suppression exp(-2\u03c0 m/H) competes with duration; abundance is highly sensitive to m/H."
      },
      "coordinates": {
        "N_duration": 0.2,
        "m_over_H": 0.1,
        "mechanism": "horizon_radiation"
      },
      "curvature_invariants": {
        "kretschmann": null,
        "note": "Horizon production proxy (Gibbons\u2013Hawking-like); no curvature computed.",
        "ricci_scalar": null
      },
      "local_observables": {
        "H_ref": 1.0,
        "Omega_proxy": 0.024070361898271594,
        "delta_dex": 1.6185173800514832,
        "duration_factor": 0.4511883639059736,
        "log10_Omega_proxy": -1.6185173800514832,
        "m": 0.1,
        "match_target": false,
        "n_eff": 0.24070361898271592,
        "suppression": 0.5334880910911033
      }
    },
    {
      "causal_structure": {
        "note": "Horizon thermal suppression exp(-2\u03c0 m/H) competes with duration; abundance is highly sensitive to m/H."
      },
      "coordinates": {
        "N_duration": 0.5,
        "m_over_H": 0.1,
        "mechanism": "horizon_radiation"
      },
      "curvature_invariants": {
        "kretschmann": null,
        "note": "Horizon production proxy (Gibbons\u2013Hawking-like); no curvature computed.",
        "ricci_scalar": null
      },
      "local_observables": {
        "H_ref": 1.0,
        "Omega_proxy": 0.04144508078886653,
        "delta_dex": 1.3825270094570574,
        "duration_factor": 0.7768698398515702,
        "log10_Omega_proxy": -1.3825270094570574,
        "m": 0.1,
        "match_target": false,
        "n_eff": 0.4144508078886653,
        "suppression": 0.5334880910911033
      }
    },
    {
      "causal_structure": {
        "note": "Horizon thermal suppression exp(-2\u03c0 m/H) competes with duration; abundance is highly sensitive to m/H."
      },
      "coordinates": {
        "N_duration": 1.0,
        "m_over_H": 0.1,
        "mechanism": "horizon_radiation"
      },
      "curvature_invariants": {
        "kretschmann": null,
        "note": "Horizon production proxy (Gibbons\u2013Hawking-like); no curvature computed.",
        "ricci_scalar": null
      },
      "local_observables": {
        "H_ref": 1.0,
        "Omega_proxy": 0.050692728302650925,
        "delta_dex": 1.2950543342471024,
        "duration_factor": 0.950212931632136,
        "log10_Omega_proxy": -1.2950543342471024,
        "m": 0.1,
        "match_target": false,
        "n_eff": 0.5069272830265092,
        "suppression": 0.5334880910911033
      }
    },
    {
      "causal_structure": {
        "note": "Horizon thermal suppression exp(-2\u03c0 m/H) competes with duration; abundance is highly sensitive to m/H."
      },
      "coordinates": {
        "N_duration": 2.0,
        "m_over_H": 0.1,
        "mechanism": "horizon_radiation"
      },
      "curvature_invariants": {
        "kretschmann": null,
        "note": "Horizon production proxy (Gibbons\u2013Hawking-like); no curvature computed.",
        "ricci_scalar": null
      },
      "local_observables": {
        "H_ref": 1.0,
        "Omega_proxy": 0.05321657063240857,
        "delta_dex": 1.2739531155683328,
        "duration_factor": 0.9975212478233336,
        "log10_Omega_proxy": -1.2739531155683328,
        "m": 0.1,
        "match_target": false,
        "n_eff": 0.5321657063240857,
        "suppression": 0.5334880910911033
      }
    },
    {
      "causal_structure": {
        "note": "Horizon thermal suppression exp(-2\u03c0 m/H) competes with duration; abundance is highly sensitive to m/H."
      },
      "coordinates": {
        "N_duration": 4.0,
        "m_over_H": 0.1,
        "mechanism": "horizon_radiation"
      },
      "curvature_invariants": {
        "kretschmann": null,
        "note": "Horizon production proxy (Gibbons\u2013Hawking-like); no curvature computed.",
        "ricci_scalar": null
      },
      "local_observables": {
        "H_ref": 1.0,
        "Omega_proxy": 0.053348481322698364,
        "delta_dex": 1.2728779391740865,
        "duration_factor": 0.9999938557876467,
        "log10_Omega_proxy": -1.2728779391740865,
        "m": 0.1,
        "match_target": false,
        "n_eff": 0.5334848132269836,
        "suppression": 0.5334880910911033
      }
    },
    {
      "causal_structure": {
        "note": "Horizon thermal suppression exp(-2\u03c0 m/H) competes with duration; abundance is highly sensitive to m/H."
      },
      "coordinates": {
        "N_duration": 8.0,
        "m_over_H": 0.1,
        "mechanism": "horizon_radiation"
      },
      "curvature_invariants": {
        "kretschmann": null,
        "note": "Horizon production proxy (Gibbons\u2013Hawking-like); no curvature computed.",
        "ricci_scalar": null
      },
      "local_observables": {
        "H_ref": 1.0,
        "Omega_proxy": 0.05334880910709634,
        "delta_dex": 1.2728752707847635,
        "duration_factor": 0.9999999999622486,
        "log10_Omega_proxy": -1.2728752707847635,
        "m": 0.1,
        "match_target": false,
        "n_eff": 0.5334880910709634,
        "suppression": 0.5334880910911033
      }
    },
    {
      "causal_structure": {
        "note": "Horizon thermal suppression exp(-2\u03c0 m/H) competes with duration; abundance is highly sensitive to m/H."
      },
      "coordinates": {
        "N_duration": 0.2,
        "m_over_H": 0.2,
        "mechanism": "horizon_radiation"
      },
      "curvature_invariants": {
        "kretschmann": null,
        "note": "Horizon production proxy (Gibbons\u2013Hawking-like); no curvature computed.",
        "ricci_scalar": null
      },
      "local_observables": {
        "H_ref": 1.0,
        "Omega_proxy": 0.02568250284196187,
        "delta_dex": 1.5903626551558703,
        "duration_factor": 0.4511883639059736,
        "log10_Omega_proxy": -1.5903626551558703,
        "m": 0.2,
        "match_target": false,
        "n_eff": 0.12841251420980934,
        "suppression": 0.2846095433360293
      }
    },
    {
      "causal_structure": {
        "note": "Horizon thermal suppression exp(-2\u03c0 m/H) competes with duration; abundance is highly sensitive to m/H."
      },
      "coordinates": {
        "N_duration": 0.5,
        "m_over_H": 0.2,
        "mechanism": "horizon_radiation"
      },
      "curvature_invariants": {
        "kretschmann": null,
        "note": "Horizon production proxy (Gibbons\u2013Hawking-like); no curvature computed.",
        "ricci_scalar": null
      },
      "local_observables": {
        "H_ref": 1.0,
        "Omega_proxy": 0.04422091407033792,
        "delta_dex": 1.3543722845614443,
        "duration_factor": 0.7768698398515702,
        "log10_Omega_proxy": -1.3543722845614443,
        "m": 0.2,
        "match_target": false,
        "n_eff": 0.2211045703516896,
        "suppression": 0.2846095433360293
      }
    },
    {
      "causal_structure": {
        "note": "Horizon thermal suppression exp(-2\u03c0 m/H) competes with duration; abundance is highly sensitive to m/H."
      },
      "coordinates": {
        "N_duration": 1.0,
        "m_over_H": 0.2,
        "mechanism": "horizon_radiation"
      },
      "curvature_invariants": {
        "kretschmann": null,
        "note": "Horizon production proxy (Gibbons\u2013Hawking-like); no curvature computed.",
        "ricci_scalar": null
      },
      "local_observables": {
        "H_ref": 1.0,
        "Omega_proxy": 0.05408793370876237,
        "delta_dex": 1.2668996093514893,
        "duration_factor": 0.950212931632136,
        "log10_Omega_proxy": -1.2668996093514893,
        "m": 0.2,
        "match_target": false,
        "n_eff": 0.27043966854381185,
        "suppression": 0.2846095433360293
      }
    },
    {
      "causal_structure": {
        "note": "Horizon thermal suppression exp(-2\u03c0 m/H) competes with duration; abundance is highly sensitive to m/H."
      },
      "coordinates": {
        "N_duration": 2.0,
        "m_over_H": 0.2,
        "mechanism": "horizon_radiation"
      },
      "curvature_invariants": {
        "kretschmann": null,
        "note": "Horizon production proxy (Gibbons\u2013Hawking-like); no curvature computed.",
        "ricci_scalar": null
      },
      "local_observables": {
        "H_ref": 1.0,
        "Omega_proxy": 0.056780813362197015,
        "delta_dex": 1.24579839067272,
        "duration_factor": 0.9975212478233336,
        "log10_Omega_proxy": -1.24579839067272,
        "m": 0.2,
        "match_target": false,
        "n_eff": 0.28390406681098507,
        "suppression": 0.2846095433360293
      }
    },
    {
      "causal_structure": {
        "note": "Horizon thermal suppression exp(-2\u03c0 m/H) competes with duration; abundance is highly sensitive to m/H."
      },
      "coordinates": {
        "N_duration": 4.0,
        "m_over_H": 0.2,
        "mechanism": "horizon_radiation"
      },
      "curvature_invariants": {
        "kretschmann": null,
        "note": "Horizon production proxy (Gibbons\u2013Hawking-like); no curvature computed.",
        "ricci_scalar": null
      },
      "local_observables": {
        "H_ref": 1.0,
        "Omega_proxy": 0.05692155892691145,
        "delta_dex": 1.2447232142784737,
        "duration_factor": 0.9999938557876467,
        "log10_Omega_proxy": -1.2447232142784737,
        "m": 0.2,
        "match_target": false,
        "n_eff": 0.2846077946345572,
        "suppression": 0.2846095433360293
      }
    },
    {
      "causal_structure": {
        "note": "Horizon thermal suppression exp(-2\u03c0 m/H) competes with duration; abundance is highly sensitive to m/H."
      },
      "coordinates": {
        "N_duration": 8.0,
        "m_over_H": 0.2,
        "mechanism": "horizon_radiation"
      },
      "curvature_invariants": {
        "kretschmann": null,
        "note": "Horizon production proxy (Gibbons\u2013Hawking-like); no curvature computed.",
        "ricci_scalar": null
      },
      "local_observables": {
        "H_ref": 1.0,
        "Omega_proxy": 0.056921908665056975,
        "delta_dex": 1.2447205458891506,
        "duration_factor": 0.9999999999622486,
        "log10_Omega_proxy": -1.2447205458891506,
        "m": 0.2,
        "match_target": false,
        "n_eff": 0.2846095433252849,
        "suppression": 0.2846095433360293
      }
    },
    {
      "causal_structure": {
        "note": "Horizon thermal suppression exp(-2\u03c0 m/H) competes with duration; abundance is highly sensitive to m/H."
      },
      "coordinates": {
        "N_duration": 0.2,
        "m_over_H": 0.5,
        "mechanism": "horizon_radiation"
      },
      "curvature_invariants": {
        "kretschmann": null,
        "note": "Horizon production proxy (Gibbons\u2013Hawking-like); no curvature computed.",
        "ricci_scalar": null
      },
      "local_observables": {
        "H_ref": 1.0,
        "Omega_proxy": 0.009748808539698938,
        "delta_dex": 2.0110484587889377,
        "duration_factor": 0.4511883639059736,
        "log10_Omega_proxy": -2.0110484587889377,
        "m": 0.5,
        "match_target": false,
        "n_eff": 0.019497617079397876,
        "suppression": 0.04321391826377226
      }
    },
    {
      "causal_structure": {
        "note": "Horizon thermal suppression exp(-2\u03c0 m/H) competes with duration; abundance is highly sensitive to m/H."
      },
      "coordinates": {
        "N_duration": 0.5,
        "m_over_H": 0.5,
        "mechanism": "horizon_radiation"
      },
      "curvature_invariants": {
        "kretschmann": null,
        "note": "Horizon production proxy (Gibbons\u2013Hawking-like); no curvature computed.",
        "ricci_scalar": null
      },
      "local_observables": {
        "H_ref": 1.0,
        "Omega_proxy": 0.0167857948804678,
        "delta_dex": 1.7750580881945115,
        "duration_factor": 0.7768698398515702,
        "log10_Omega_proxy": -1.7750580881945115,
        "m": 0.5,
        "match_target": false,
        "n_eff": 0.0335715897609356,
        "suppression": 0.04321391826377226
      }
    },
    {
      "causal_structure": {
        "note": "Horizon thermal suppression exp(-2\u03c0 m/H) competes with duration; abundance is highly sensitive to m/H."
      },
      "coordinates": {
        "N_duration": 1.0,
        "m_over_H": 0.5,
        "mechanism": "horizon_radiation"
      },
      "curvature_invariants": {
        "kretschmann": null,
        "note": "Horizon production proxy (Gibbons\u2013Hawking-like); no curvature computed.",
        "ricci_scalar": null
      },
      "local_observables": {
        "H_ref": 1.0,
        "Omega_proxy": 0.020531211980365272,
        "delta_dex": 1.6875854129845564,
        "duration_factor": 0.950212931632136,
        "log10_Omega_proxy": -1.6875854129845564,
        "m": 0.5,
        "match_target": false,
        "n_eff": 0.041062423960730544,
        "suppression": 0.04321391826377226
      }
    },
    {
      "causal_structure": {
        "note": "Horizon thermal suppression exp(-2\u03c0 m/H) competes with duration; abundance is highly sensitive to m/H."
      },
      "coordinates": {
        "N_duration": 2.0,
        "m_over_H": 0.5,
        "mechanism": "horizon_radiation"
      },
      "curvature_invariants": {
        "kretschmann": null,
        "note": "Horizon production proxy (Gibbons\u2013Hawking-like); no curvature computed.",
        "ricci_scalar": null
      },
      "local_observables": {
        "H_ref": 1.0,
        "Omega_proxy": 0.021553400834906825,
        "delta_dex": 1.666484194305787,
        "duration_factor": 0.9975212478233336,
        "log10_Omega_proxy": -1.666484194305787,
        "m": 0.5,
        "match_target": false,
        "n_eff": 0.04310680166981365,
        "suppression": 0.04321391826377226
      }
    },
    {
      "causal_structure": {
        "note": "Horizon thermal suppression exp(-2\u03c0 m/H) competes with duration; abundance is highly sensitive to m/H."
      },
      "coordinates": {
        "N_duration": 4.0,
        "m_over_H": 0.5,
        "mechanism": "horizon_radiation"
      },
      "curvature_invariants": {
        "kretschmann": null,
        "note": "Horizon production proxy (Gibbons\u2013Hawking-like); no curvature computed.",
        "ricci_scalar": null
      },
      "local_observables": {
        "H_ref": 1.0,
        "Omega_proxy": 0.021606826374140912,
        "delta_dex": 1.6654090179115408,
        "duration_factor": 0.9999938557876467,
        "log10_Omega_proxy": -1.6654090179115408,
        "m": 0.5,
        "match_target": false,
        "n_eff": 0.043213652748281824,
        "suppression": 0.04321391826377226
      }
    },
    {
      "causal_structure": {
        "note": "Horizon thermal suppression exp(-2\u03c0 m/H) competes with duration; abundance is highly sensitive to m/H."
      },
      "coordinates": {
        "N_duration": 8.0,
        "m_over_H": 0.5,
        "mechanism": "horizon_radiation"
      },
      "curvature_invariants": {
        "kretschmann": null,
        "note": "Horizon production proxy (Gibbons\u2013Hawking-like); no curvature computed.",
        "ricci_scalar": null
      },
      "local_observables": {
        "H_ref": 1.0,
        "Omega_proxy": 0.021606959131070438,
        "delta_dex": 1.6654063495222176,
        "duration_factor": 0.9999999999622486,
        "log10_Omega_proxy": -1.6654063495222176,
        "m": 0.5,
        "match_target": false,
        "n_eff": 0.043213918262140875,
        "suppression": 0.04321391826377226
      }
    },
    {
      "causal_structure": {
        "note": "Horizon thermal suppression exp(-2\u03c0 m/H) competes with duration; abundance is highly sensitive to m/H."
      },
      "coordinates": {
        "N_duration": 0.2,
        "m_over_H": 1.0,
        "mechanism": "horizon_radiation"
      },
      "curvature_invariants": {
        "kretschmann": null,
        "note": "Horizon production proxy (Gibbons\u2013Hawking-like); no curvature computed.",
        "ricci_scalar": null
      },
      "local_observables": {
        "H_ref": 1.0,
        "Omega_proxy": 0.0008425684308074297,
        "delta_dex": 3.0743948169667976,
        "duration_factor": 0.4511883639059736,
        "log10_Omega_proxy": -3.0743948169667976,
        "m": 1.0,
        "match_target": false,
        "n_eff": 0.0008425684308074297,
        "suppression": 0.0018674427317079893
      }
    },
    {
      "causal_structure": {
        "note": "Horizon thermal suppression exp(-2\u03c0 m/H) competes with duration; abundance is highly sensitive to m/H."
      },
      "coordinates": {
        "N_duration": 0.5,
        "m_over_H": 1.0,
        "mechanism": "horizon_radiation"
      },
      "curvature_invariants": {
        "kretschmann": null,
        "note": "Horizon production proxy (Gibbons\u2013Hawking-like); no curvature computed.",
        "ricci_scalar": null
      },
      "local_observables": {
        "H_ref": 1.0,
        "Omega_proxy": 0.0014507599359139644,
        "delta_dex": 2.8384044463723717,
        "duration_factor": 0.7768698398515702,
        "log10_Omega_proxy": -2.8384044463723717,
        "m": 1.0,
        "match_target": false,
        "n_eff": 0.0014507599359139644,
        "suppression": 0.0018674427317079893
      }
    },
    {
      "causal_structure": {
        "note": "Horizon thermal suppression exp(-2\u03c0 m/H) competes with duration; abundance is highly sensitive to m/H."
      },
      "coordinates": {
        "N_duration": 1.0,
        "m_over_H": 1.0,
        "mechanism": "horizon_radiation"
      },
      "curvature_invariants": {
        "kretschmann": null,
        "note": "Horizon production proxy (Gibbons\u2013Hawking-like); no curvature computed.",
        "ricci_scalar": null
      },
      "local_observables": {
        "H_ref": 1.0,
        "Omega_proxy": 0.001774468232751373,
        "delta_dex": 2.7509317711624166,
        "duration_factor": 0.950212931632136,
        "log10_Omega_proxy": -2.7509317711624166,
        "m": 1.0,
        "match_target": false,
        "n_eff": 0.001774468232751373,
        "suppression": 0.0018674427317079893
      }
    },
    {
      "causal_structure": {
        "note": "Horizon thermal suppression exp(-2\u03c0 m/H) competes with duration; abundance is highly sensitive to m/H."
      },
      "coordinates": {
        "N_duration": 2.0,
        "m_over_H": 1.0,
        "mechanism": "horizon_radiation"
      },
      "curvature_invariants": {
        "kretschmann": null,
        "note": "Horizon production proxy (Gibbons\u2013Hawking-like); no curvature computed.",
        "ricci_scalar": null
      },
      "local_observables": {
        "H_ref": 1.0,
        "Omega_proxy": 0.0018628138039719683,
        "delta_dex": 2.729830552483647,
        "duration_factor": 0.9975212478233336,
        "log10_Omega_proxy": -2.729830552483647,
        "m": 1.0,
        "match_target": false,
        "n_eff": 0.0018628138039719683,
        "suppression": 0.0018674427317079893
      }
    },
    {
      "causal_structure": {
        "note": "Horizon thermal suppression exp(-2\u03c0 m/H) competes with duration; abundance is highly sensitive to m/H."
      },
      "coordinates": {
        "N_duration": 4.0,
        "m_over_H": 1.0,
        "mechanism": "horizon_radiation"
      },
      "curvature_invariants": {
        "kretschmann": null,
        "note": "Horizon production proxy (Gibbons\u2013Hawking-like); no curvature computed.",
        "ricci_scalar": null
      },
      "local_observables": {
        "H_ref": 1.0,
        "Omega_proxy": 0.001867431257743288,
        "delta_dex": 2.728755376089401,
        "duration_factor": 0.9999938557876467,
        "log10_Omega_proxy": -2.728755376089401,
        "m": 1.0,
        "match_target": false,
        "n_eff": 0.001867431257743288,
        "suppression": 0.0018674427317079893
      }
    },
    {
      "causal_structure": {
        "note": "Horizon thermal suppression exp(-2\u03c0 m/H) competes with duration; abundance is highly sensitive to m/H."
      },
      "coordinates": {
        "N_duration": 8.0,
        "m_over_H": 1.0,
        "mechanism": "horizon_radiation"
      },
      "curvature_invariants": {
        "kretschmann": null,
        "note": "Horizon production proxy (Gibbons\u2013Hawking-like); no curvature computed.",
        "ricci_scalar": null
      },
      "local_observables": {
        "H_ref": 1.0,
        "Omega_proxy": 0.0018674427316374908,
        "delta_dex": 2.7287527077000777,
        "duration_factor": 0.9999999999622486,
        "log10_Omega_proxy": -2.7287527077000777,
        "m": 1.0,
        "match_target": false,
        "n_eff": 0.0018674427316374908,
        "suppression": 0.0018674427317079893
      }
    },
    {
      "causal_structure": {
        "note": "Horizon thermal suppression exp(-2\u03c0 m/H) competes with duration; abundance is highly sensitive to m/H."
      },
      "coordinates": {
        "N_duration": 0.2,
        "m_over_H": 2.0,
        "mechanism": "horizon_radiation"
      },
      "curvature_invariants": {
        "kretschmann": null,
        "note": "Horizon production proxy (Gibbons\u2013Hawking-like); no curvature computed.",
        "ricci_scalar": null
      },
      "local_observables": {
        "H_ref": 1.0,
        "Omega_proxy": 3.146896584155881e-06,
        "delta_dex": 5.502117528986499,
        "duration_factor": 0.4511883639059736,
        "log10_Omega_proxy": -5.502117528986499,
        "m": 2.0,
        "match_target": false,
        "n_eff": 1.5734482920779405e-06,
        "suppression": 3.4873423562089973e-06
      }
    },
    {
      "causal_structure": {
        "note": "Horizon thermal suppression exp(-2\u03c0 m/H) competes with duration; abundance is highly sensitive to m/H."
      },
      "coordinates": {
        "N_duration": 0.5,
        "m_over_H": 2.0,
        "mechanism": "horizon_radiation"
      },
      "curvature_invariants": {
        "kretschmann": null,
        "note": "Horizon production proxy (Gibbons\u2013Hawking-like); no curvature computed.",
        "ricci_scalar": null
      },
      "local_observables": {
        "H_ref": 1.0,
        "Omega_proxy": 5.418422195551362e-06,
        "delta_dex": 5.266127158392073,
        "duration_factor": 0.7768698398515702,
        "log10_Omega_proxy": -5.266127158392073,
        "m": 2.0,
        "match_target": false,
        "n_eff": 2.709211097775681e-06,
        "suppression": 3.4873423562089973e-06
      }
    },
    {
      "causal_structure": {
        "note": "Horizon thermal suppression exp(-2\u03c0 m/H) competes with duration; abundance is highly sensitive to m/H."
      },
      "coordinates": {
        "N_duration": 1.0,
        "m_over_H": 2.0,
        "mechanism": "horizon_radiation"
      },
      "curvature_invariants": {
        "kretschmann": null,
        "note": "Horizon production proxy (Gibbons\u2013Hawking-like); no curvature computed.",
        "ricci_scalar": null
      },
      "local_observables": {
        "H_ref": 1.0,
        "Omega_proxy": 6.627435607796544e-06,
        "delta_dex": 5.178654483182118,
        "duration_factor": 0.950212931632136,
        "log10_Omega_proxy": -5.178654483182118,
        "m": 2.0,
        "match_target": false,
        "n_eff": 3.313717803898272e-06,
        "suppression": 3.4873423562089973e-06
      }
    },
    {
      "causal_structure": {
        "note": "Horizon thermal suppression exp(-2\u03c0 m/H) competes with duration; abundance is highly sensitive to m/H."
      },
      "coordinates": {
        "N_duration": 2.0,
        "m_over_H": 2.0,
        "mechanism": "horizon_radiation"
      },
      "curvature_invariants": {
        "kretschmann": null,
        "note": "Horizon production proxy (Gibbons\u2013Hawking-like); no curvature computed.",
        "ricci_scalar": null
      },
      "local_observables": {
        "H_ref": 1.0,
        "Omega_proxy": 6.957396197505526e-06,
        "delta_dex": 5.157553264503348,
        "duration_factor": 0.9975212478233336,
        "log10_Omega_proxy": -5.157553264503348,
        "m": 2.0,
        "match_target": false,
        "n_eff": 3.478698098752763e-06,
        "suppression": 3.4873423562089973e-06
      }
    },
    {
      "causal_structure": {
        "note": "Horizon thermal suppression exp(-2\u03c0 m/H) competes with duration; abundance is highly sensitive to m/H."
      },
      "coordinates": {
        "N_duration": 4.0,
        "m_over_H": 2.0,
        "mechanism": "horizon_radiation"
      },
      "curvature_invariants": {
        "kretschmann": null,
        "note": "Horizon production proxy (Gibbons\u2013Hawking-like); no curvature computed.",
        "ricci_scalar": null
      },
      "local_observables": {
        "H_ref": 1.0,
        "Omega_proxy": 6.9746418584740235e-06,
        "delta_dex": 5.156478088109102,
        "duration_factor": 0.9999938557876467,
        "log10_Omega_proxy": -5.156478088109102,
        "m": 2.0,
        "match_target": false,
        "n_eff": 3.4873209292370117e-06,
        "suppression": 3.4873423562089973e-06
      }
    },
    {
      "causal_structure": {
        "note": "Horizon thermal suppression exp(-2\u03c0 m/H) competes with duration; abundance is highly sensitive to m/H."
      },
      "coordinates": {
        "N_duration": 8.0,
        "m_over_H": 2.0,
        "mechanism": "horizon_radiation"
      },
      "curvature_invariants": {
        "kretschmann": null,
        "note": "Horizon production proxy (Gibbons\u2013Hawking-like); no curvature computed.",
        "ricci_scalar": null
      },
      "local_observables": {
        "H_ref": 1.0,
        "Omega_proxy": 6.974684712154691e-06,
        "delta_dex": 5.156475419719779,
        "duration_factor": 0.9999999999622486,
        "log10_Omega_proxy": -5.156475419719779,
        "m": 2.0,
        "match_target": false,
        "n_eff": 3.4873423560773455e-06,
        "suppression": 3.4873423562089973e-06
      }
    },
    {
      "causal_structure": {
        "note": "Horizon thermal suppression exp(-2\u03c0 m/H) competes with duration; abundance is highly sensitive to m/H."
      },
      "coordinates": {
        "N_duration": 0.2,
        "m_over_H": 5.0,
        "mechanism": "horizon_radiation"
      },
      "curvature_invariants": {
        "kretschmann": null,
        "note": "Horizon production proxy (Gibbons\u2013Hawking-like); no curvature computed.",
        "ricci_scalar": null
      },
      "local_observables": {
        "H_ref": 1.0,
        "Omega_proxy": 5.1234718764112896e-14,
        "delta_dex": 13.290435643365509,
        "duration_factor": 0.4511883639059736,
        "log10_Omega_proxy": -13.290435643365509,
        "m": 5.0,
        "match_target": false,
        "n_eff": 1.0246943752822579e-14,
        "suppression": 2.2711010683240965e-14
      }
    },
    {
      "causal_structure": {
        "note": "Horizon thermal suppression exp(-2\u03c0 m/H) competes with duration; abundance is highly sensitive to m/H."
      },
      "coordinates": {
        "N_duration": 0.5,
        "m_over_H": 5.0,
        "mechanism": "horizon_radiation"
      },
      "curvature_invariants": {
        "kretschmann": null,
        "note": "Horizon production proxy (Gibbons\u2013Hawking-like); no curvature computed.",
        "ricci_scalar": null
      },
      "local_observables": {
        "H_ref": 1.0,
        "Omega_proxy": 8.821749616178356e-14,
        "delta_dex": 13.054445272771083,
        "duration_factor": 0.7768698398515702,
        "log10_Omega_proxy": -13.054445272771083,
        "m": 5.0,
        "match_target": false,
        "n_eff": 1.764349923235671e-14,
        "suppression": 2.2711010683240965e-14
      }
    },
    {
      "causal_structure": {
        "note": "Horizon thermal suppression exp(-2\u03c0 m/H) competes with duration; abundance is highly sensitive to m/H."
      },
      "coordinates": {
        "N_duration": 1.0,
        "m_over_H": 5.0,
        "mechanism": "horizon_radiation"
      },
      "curvature_invariants": {
        "kretschmann": null,
        "note": "Horizon production proxy (Gibbons\u2013Hawking-like); no curvature computed.",
        "ricci_scalar": null
      },
      "local_observables": {
        "H_ref": 1.0,
        "Omega_proxy": 1.079014802082558e-13,
        "delta_dex": 12.966972597561128,
        "duration_factor": 0.950212931632136,
        "log10_Omega_proxy": -12.966972597561128,
        "m": 5.0,
        "match_target": false,
        "n_eff": 2.158029604165116e-14,
        "suppression": 2.2711010683240965e-14
      }
    },
    {
      "causal_structure": {
        "note": "Horizon thermal suppression exp(-2\u03c0 m/H) competes with duration; abundance is highly sensitive to m/H."
      },
      "coordinates": {
        "N_duration": 2.0,
        "m_over_H": 5.0,
        "mechanism": "horizon_radiation"
      },
      "curvature_invariants": {
        "kretschmann": null,
        "note": "Horizon production proxy (Gibbons\u2013Hawking-like); no curvature computed.",
        "ricci_scalar": null
      },
      "local_observables": {
        "H_ref": 1.0,
        "Omega_proxy": 1.1327357858037794e-13,
        "delta_dex": 12.945871378882359,
        "duration_factor": 0.9975212478233336,
        "log10_Omega_proxy": -12.945871378882359,
        "m": 5.0,
        "match_target": false,
        "n_eff": 2.2654715716075587e-14,
        "suppression": 2.2711010683240965e-14
      }
    },
    {
      "causal_structure": {
        "note": "Horizon thermal suppression exp(-2\u03c0 m/H) competes with duration; abundance is highly sensitive to m/H."
      },
      "coordinates": {
        "N_duration": 4.0,
        "m_over_H": 5.0,
        "mechanism": "horizon_radiation"
      },
      "curvature_invariants": {
        "kretschmann": null,
        "note": "Horizon production proxy (Gibbons\u2013Hawking-like); no curvature computed.",
        "ricci_scalar": null
      },
      "local_observables": {
        "H_ref": 1.0,
        "Omega_proxy": 1.1355435570984284e-13,
        "delta_dex": 12.944796202488112,
        "duration_factor": 0.9999938557876467,
        "log10_Omega_proxy": -12.944796202488112,
        "m": 5.0,
        "match_target": false,
        "n_eff": 2.2710871141968567e-14,
        "suppression": 2.2711010683240965e-14
      }
    },
    {
      "causal_structure": {
        "note": "Horizon thermal suppression exp(-2\u03c0 m/H) competes with duration; abundance is highly sensitive to m/H."
      },
      "coordinates": {
        "N_duration": 8.0,
        "m_over_H": 5.0,
        "mechanism": "horizon_radiation"
      },
      "curvature_invariants": {
        "kretschmann": null,
        "note": "Horizon production proxy (Gibbons\u2013Hawking-like); no curvature computed.",
        "ricci_scalar": null
      },
      "local_observables": {
        "H_ref": 1.0,
        "Omega_proxy": 1.1355505341191797e-13,
        "delta_dex": 12.944793534098789,
        "duration_factor": 0.9999999999622486,
        "log10_Omega_proxy": -12.944793534098789,
        "m": 5.0,
        "match_target": false,
        "n_eff": 2.2711010682383593e-14,
        "suppression": 2.2711010683240965e-14
      }
    },
    {
      "causal_structure": {
        "note": "Horizon thermal suppression exp(-2\u03c0 m/H) competes with duration; abundance is highly sensitive to m/H."
      },
      "coordinates": {
        "N_duration": 0.2,
        "m_over_H": 10.0,
        "mechanism": "horizon_radiation"
      },
      "curvature_invariants": {
        "kretschmann": null,
        "note": "Horizon production proxy (Gibbons\u2013Hawking-like); no curvature computed.",
        "ricci_scalar": null
      },
      "local_observables": {
        "H_ref": 1.0,
        "Omega_proxy": 2.3271844904092288e-27,
        "delta_dex": 26.63316918611994,
        "duration_factor": 0.4511883639059736,
        "log10_Omega_proxy": -26.63316918611994,
        "m": 10.0,
        "match_target": false,
        "n_eff": 2.3271844904092286e-28,
        "suppression": 5.157900062542853e-28
      }
    },
    {
      "causal_structure": {
        "note": "Horizon thermal suppression exp(-2\u03c0 m/H) competes with duration; abundance is highly sensitive to m/H."
      },
      "coordinates": {
        "N_duration": 0.5,
        "m_over_H": 10.0,
        "mechanism": "horizon_radiation"
      },
      "curvature_invariants": {
        "kretschmann": null,
        "note": "Horizon production proxy (Gibbons\u2013Hawking-like); no curvature computed.",
        "ricci_scalar": null
      },
      "local_observables": {
        "H_ref": 1.0,
        "Omega_proxy": 4.0070169955580696e-27,
        "delta_dex": 26.397178815525514,
        "duration_factor": 0.7768698398515702,
        "log10_Omega_proxy": -26.397178815525514,
        "m": 10.0,
        "match_target": false,
        "n_eff": 4.00701699555807e-28,
        "suppression": 5.157900062542853e-28
      }
    },
    {
      "causal_structure": {
        "note": "Horizon thermal suppression exp(-2\u03c0 m/H) competes with duration; abundance is highly sensitive to m/H."
      },
      "coordinates": {
        "N_duration": 1.0,
        "m_over_H": 10.0,
        "mechanism": "horizon_radiation"
      },
      "curvature_invariants": {
        "kretschmann": null,
        "note": "Horizon production proxy (Gibbons\u2013Hawking-like); no curvature computed.",
        "ricci_scalar": null
      },
      "local_observables": {
        "H_ref": 1.0,
        "Omega_proxy": 4.9011033394944216e-27,
        "delta_dex": 26.30970614031556,
        "duration_factor": 0.950212931632136,
        "log10_Omega_proxy": -26.30970614031556,
        "m": 10.0,
        "match_target": false,
        "n_eff": 4.901103339494421e-28,
        "suppression": 5.157900062542853e-28
      }
    },
    {
      "causal_structure": {
        "note": "Horizon thermal suppression exp(-2\u03c0 m/H) competes with duration; abundance is highly sensitive to m/H."
      },
      "coordinates": {
        "N_duration": 2.0,
        "m_over_H": 10.0,
        "mechanism": "horizon_radiation"
      },
      "curvature_invariants": {
        "kretschmann": null,
        "note": "Horizon production proxy (Gibbons\u2013Hawking-like); no curvature computed.",
        "ricci_scalar": null
      },
      "local_observables": {
        "H_ref": 1.0,
        "Omega_proxy": 5.145114906535796e-27,
        "delta_dex": 26.28860492163679,
        "duration_factor": 0.9975212478233336,
        "log10_Omega_proxy": -26.28860492163679,
        "m": 10.0,
        "match_target": false,
        "n_eff": 5.1451149065357965e-28,
        "suppression": 5.157900062542853e-28
      }
    },
    {
      "causal_structure": {
        "note": "Horizon thermal suppression exp(-2\u03c0 m/H) competes with duration; abundance is highly sensitive to m/H."
      },
      "coordinates": {
        "N_duration": 4.0,
        "m_over_H": 10.0,
        "mechanism": "horizon_radiation"
      },
      "curvature_invariants": {
        "kretschmann": null,
        "note": "Horizon production proxy (Gibbons\u2013Hawking-like); no curvature computed.",
        "ricci_scalar": null
      },
      "local_observables": {
        "H_ref": 1.0,
        "Omega_proxy": 5.157868371309571e-27,
        "delta_dex": 26.287529745242544,
        "duration_factor": 0.9999938557876467,
        "log10_Omega_proxy": -26.287529745242544,
        "m": 10.0,
        "match_target": false,
        "n_eff": 5.157868371309571e-28,
        "suppression": 5.157900062542853e-28
      }
    },
    {
      "causal_structure": {
        "note": "Horizon thermal suppression exp(-2\u03c0 m/H) competes with duration; abundance is highly sensitive to m/H."
      },
      "coordinates": {
        "N_duration": 8.0,
        "m_over_H": 10.0,
        "mechanism": "horizon_radiation"
      },
      "curvature_invariants": {
        "kretschmann": null,
        "note": "Horizon production proxy (Gibbons\u2013Hawking-like); no curvature computed.",
        "ricci_scalar": null
      },
      "local_observables": {
        "H_ref": 1.0,
        "Omega_proxy": 5.1579000623481344e-27,
        "delta_dex": 26.28752707685322,
        "duration_factor": 0.9999999999622486,
        "log10_Omega_proxy": -26.28752707685322,
        "m": 10.0,
        "match_target": false,
        "n_eff": 5.157900062348134e-28,
        "suppression": 5.157900062542853e-28
      }
    }
  ],
  "spacetime": "Early-universe parametric proxy space (not a full FRW simulation)",
  "theory": "Cosmology/QFT (toy): dark matter origin proxy-comparator (mirror remnants vs horizon radiation)",
  "toy_id": "100",
  "units": {
    "G": 1,
    "c": 1
  }
}