{
  "notes": {
    "marginal_checks": {
      "||rho_AB(GHZ)-rho_AB(mix)||": 1.5700924586837752e-16,
      "||rho_BC(GHZ)-rho_BC(mix)||": 1.5700924586837752e-16
    },
    "pressure_point": "Local data (overlapping marginals) need not fix a unique global state; the choice of operator algebra / center (edge modes) changes reconstruction. This mirrors factorization ambiguities in AQFT/gauge theories."
  },
  "observables": {
    "summary": {
      "key_signal": "True states share identical local marginals, but differ in purity and GHZ overlap; reconstructions differ depending on prior/center choice.",
      "marginals_match_within_numerical_norm": true
    }
  },
  "parameters": {
    "ipf_eps": 1e-10,
    "ipf_iters": 80,
    "reconstruction_inputs": "rho_AB and rho_BC (identical for GHZ and mixture)",
    "system": "Three qubits A,B,C"
  },
  "sample_points": [
    {
      "causal_structure": {
        "note": "Global state with strong tripartite entanglement."
      },
      "coordinates": {
        "case": "true_state_ghz_pure"
      },
      "curvature_invariants": {
        "kretschmann": null,
        "note": "Finite algebra toy.",
        "ricci_scalar": null
      },
      "local_observables": {
        "I3_tripartite_mutual_info": 1.3322676295501873e-15,
        "S_A": 0.6931471805599456,
        "S_AB": 0.6931471805599456,
        "S_ABC": 1.110223024625156e-15,
        "S_AC": 0.6931471805599456,
        "S_B": 0.6931471805599456,
        "S_BC": 0.6931471805599456,
        "S_C": 0.6931471805599456,
        "fidelity_with_GHZ_projector": 0.9999999999999996,
        "purity_Tr_rho2": 0.9999999999999996
      }
    },
    {
      "causal_structure": {
        "note": "Same local marginals as GHZ, different global correlations."
      },
      "coordinates": {
        "case": "true_state_classical_mixture"
      },
      "curvature_invariants": {
        "kretschmann": null,
        "note": "Finite algebra toy.",
        "ricci_scalar": null
      },
      "local_observables": {
        "I3_tripartite_mutual_info": 0.6931471805599458,
        "S_A": 0.6931471805599456,
        "S_AB": 0.6931471805599456,
        "S_ABC": 0.6931471805599456,
        "S_AC": 0.6931471805599456,
        "S_B": 0.6931471805599456,
        "S_BC": 0.6931471805599456,
        "S_C": 0.6931471805599456,
        "fidelity_with_GHZ_projector": 0.4999999999999999,
        "purity_Tr_rho2": 0.5
      }
    },
    {
      "causal_structure": {
        "note": "Max-entropy prior selects one completion of the same local data."
      },
      "coordinates": {
        "case": "reconstruction_max_entropy_from_AB_BC"
      },
      "curvature_invariants": {
        "kretschmann": null,
        "note": "Finite algebra toy.",
        "ricci_scalar": null
      },
      "local_observables": {
        "I3_tripartite_mutual_info": 0.6931471673921004,
        "S_A": 0.6931471805599456,
        "S_AB": 0.6931471896157683,
        "S_ABC": 0.693147194559568,
        "S_AC": 0.6931471896157683,
        "S_B": 0.6931471805599456,
        "S_BC": 0.6931471896157683,
        "S_C": 0.6931471805599456,
        "fidelity_with_GHZ_projector": 0.4999999996999999,
        "purity_Tr_rho2": 0.49999999940000006
      }
    },
    {
      "causal_structure": {
        "note": "Adding a center/edge-mode label selects a different completion."
      },
      "coordinates": {
        "case": "reconstruction_center_extended"
      },
      "curvature_invariants": {
        "kretschmann": null,
        "note": "Finite algebra toy.",
        "ricci_scalar": null
      },
      "local_observables": {
        "I3_tripartite_mutual_info": 0.6931471805599458,
        "S_A": 0.6931471805599456,
        "S_AB": 0.6931471805599456,
        "S_ABC": 0.6931471805599456,
        "S_AC": 0.6931471805599456,
        "S_B": 0.6931471805599456,
        "S_BC": 0.6931471805599456,
        "S_C": 0.6931471805599456,
        "fidelity_with_GHZ_projector": 0.4999999999999999,
        "purity_Tr_rho2": 0.5
      }
    }
  ],
  "spacetime": "Finite-dimensional operator algebra proxy (three-qubit system)",
  "theory": "Quantum Field Theory (toy): operator-algebra reconstruction non-uniqueness (center choice)",
  "toy_id": "097",
  "units": {
    "G": 1,
    "c": 1
  }
}