{
  "notes": {
    "assumptions": [
      "Weakly coupled \u03c6^4 theory",
      "One-loop perturbation theory",
      "Hard momentum cutoff"
    ],
    "pressure_point": "Perturbative corrections diverge and depend on regulator choice. Renormalization is required even at lowest nontrivial order."
  },
  "observables": {
    "trend": "\u03b4m^2 grows logarithmically with cutoff in 1+1D"
  },
  "parameters": {
    "bare_mass": 1.0,
    "coupling_lambda": 0.1,
    "cutoffs": [
      5.0,
      10.0,
      20.0,
      40.0
    ],
    "dk": 0.01
  },
  "sample_points": [
    {
      "causal_structure": {
        "lorentz_invariant": false,
        "note": "Hard cutoff breaks Lorentz invariance."
      },
      "coordinates": {
        "momentum_cutoff_Lambda": 5.0
      },
      "curvature_invariants": {
        "uv_scale_Lambda": 5.0
      },
      "local_observables": {
        "effective_mass_squared": 1.0368192006849841,
        "one_loop_mass_shift_delta_m2": 0.03681920068498401
      }
    },
    {
      "causal_structure": {
        "lorentz_invariant": false,
        "note": "Hard cutoff breaks Lorentz invariance."
      },
      "coordinates": {
        "momentum_cutoff_Lambda": 10.0
      },
      "curvature_invariants": {
        "uv_scale_Lambda": 10.0
      },
      "local_observables": {
        "effective_mass_squared": 1.0477261172508756,
        "one_loop_mass_shift_delta_m2": 0.04772611725087563
      }
    },
    {
      "causal_structure": {
        "lorentz_invariant": false,
        "note": "Hard cutoff breaks Lorentz invariance."
      },
      "coordinates": {
        "momentum_cutoff_Lambda": 20.0
      },
      "curvature_invariants": {
        "uv_scale_Lambda": 20.0
      },
      "local_observables": {
        "effective_mass_squared": 1.0587202775002929,
        "one_loop_mass_shift_delta_m2": 0.05872027750029282
      }
    },
    {
      "causal_structure": {
        "lorentz_invariant": false,
        "note": "Hard cutoff breaks Lorentz invariance."
      },
      "coordinates": {
        "momentum_cutoff_Lambda": 40.0
      },
      "curvature_invariants": {
        "uv_scale_Lambda": 40.0
      },
      "local_observables": {
        "effective_mass_squared": 1.0697446060973987,
        "one_loop_mass_shift_delta_m2": 0.06974460609739883
      }
    }
  ],
  "spacetime": "Flat Minkowski (1+1D)",
  "theory": "Quantum Field Theory",
  "toy_id": "006",
  "units": {
    "c": 1,
    "hbar": 1
  }
}