{
  "notes": {
    "key_formulas": {
      "overlap": "P_overlap = (Lambda_ir/Lambda_ref)^A",
      "soft_number": "N_soft = A ln(Lambda_ref/Lambda_ir)"
    },
    "pressure_point": "In theories with massless gauge bosons, naive Fock charged states are not physical asymptotic states. As the IR regulator is removed, overlaps with bare states vanish and soft radiation becomes infinite. Inclusive observables remain finite but exclusive amplitudes lose meaning."
  },
  "observables": {
    "summary": {
      "log_slope_dlogP_dlogLambda": 0.2,
      "max_expected_soft_quanta_over_samples": 1.842068074395237,
      "min_overlap_probability_over_samples": 0.15848931924611134
    }
  },
  "parameters": {
    "A": 0.2,
    "Lambda_ir_samples": [
      0.1,
      0.03,
      0.01,
      0.003,
      0.001,
      0.0003,
      0.0001
    ],
    "Lambda_ref": 1.0
  },
  "sample_points": [
    {
      "causal_structure": {
        "note": "This is an IR (asymptotic state) failure mode, not a microcausality test."
      },
      "coordinates": {
        "Lambda_ir": 0.1,
        "Lambda_ref": 1.0
      },
      "curvature_invariants": {
        "kretschmann": null,
        "note": "QFT toy; no spacetime curvature.",
        "ricci_scalar": null
      },
      "local_observables": {
        "ir_dressing": {
          "A_coefficient": 0.2,
          "expected_soft_quanta_N_soft": 0.4605170185988092,
          "interpretation": "As Lambda_ir -> 0, overlap -> 0 and N_soft -> infinity: exclusive Fock states become unphysical (infraparticle / IR catastrophe).",
          "log_overlap_probability": -0.4605170185988091,
          "overlap_probability_bare_vs_dressed": 0.6309573444801932
        }
      }
    },
    {
      "causal_structure": {
        "note": "This is an IR (asymptotic state) failure mode, not a microcausality test."
      },
      "coordinates": {
        "Lambda_ir": 0.03,
        "Lambda_ref": 1.0
      },
      "curvature_invariants": {
        "kretschmann": null,
        "note": "QFT toy; no spacetime curvature.",
        "ricci_scalar": null
      },
      "local_observables": {
        "ir_dressing": {
          "A_coefficient": 0.2,
          "expected_soft_quanta_N_soft": 0.7013115794639964,
          "interpretation": "As Lambda_ir -> 0, overlap -> 0 and N_soft -> infinity: exclusive Fock states become unphysical (infraparticle / IR catastrophe).",
          "log_overlap_probability": -0.7013115794639965,
          "overlap_probability_bare_vs_dressed": 0.4959344196412831
        }
      }
    },
    {
      "causal_structure": {
        "note": "This is an IR (asymptotic state) failure mode, not a microcausality test."
      },
      "coordinates": {
        "Lambda_ir": 0.01,
        "Lambda_ref": 1.0
      },
      "curvature_invariants": {
        "kretschmann": null,
        "note": "QFT toy; no spacetime curvature.",
        "ricci_scalar": null
      },
      "local_observables": {
        "ir_dressing": {
          "A_coefficient": 0.2,
          "expected_soft_quanta_N_soft": 0.9210340371976184,
          "interpretation": "As Lambda_ir -> 0, overlap -> 0 and N_soft -> infinity: exclusive Fock states become unphysical (infraparticle / IR catastrophe).",
          "log_overlap_probability": -0.9210340371976182,
          "overlap_probability_bare_vs_dressed": 0.39810717055349726
        }
      }
    },
    {
      "causal_structure": {
        "note": "This is an IR (asymptotic state) failure mode, not a microcausality test."
      },
      "coordinates": {
        "Lambda_ir": 0.003,
        "Lambda_ref": 1.0
      },
      "curvature_invariants": {
        "kretschmann": null,
        "note": "QFT toy; no spacetime curvature.",
        "ricci_scalar": null
      },
      "local_observables": {
        "ir_dressing": {
          "A_coefficient": 0.2,
          "expected_soft_quanta_N_soft": 1.1618285980628056,
          "interpretation": "As Lambda_ir -> 0, overlap -> 0 and N_soft -> infinity: exclusive Fock states become unphysical (infraparticle / IR catastrophe).",
          "log_overlap_probability": -1.1618285980628056,
          "overlap_probability_bare_vs_dressed": 0.3129134644531898
        }
      }
    },
    {
      "causal_structure": {
        "note": "This is an IR (asymptotic state) failure mode, not a microcausality test."
      },
      "coordinates": {
        "Lambda_ir": 0.001,
        "Lambda_ref": 1.0
      },
      "curvature_invariants": {
        "kretschmann": null,
        "note": "QFT toy; no spacetime curvature.",
        "ricci_scalar": null
      },
      "local_observables": {
        "ir_dressing": {
          "A_coefficient": 0.2,
          "expected_soft_quanta_N_soft": 1.3815510557964275,
          "interpretation": "As Lambda_ir -> 0, overlap -> 0 and N_soft -> infinity: exclusive Fock states become unphysical (infraparticle / IR catastrophe).",
          "log_overlap_probability": -1.3815510557964275,
          "overlap_probability_bare_vs_dressed": 0.251188643150958
        }
      }
    },
    {
      "causal_structure": {
        "note": "This is an IR (asymptotic state) failure mode, not a microcausality test."
      },
      "coordinates": {
        "Lambda_ir": 0.0003,
        "Lambda_ref": 1.0
      },
      "curvature_invariants": {
        "kretschmann": null,
        "note": "QFT toy; no spacetime curvature.",
        "ricci_scalar": null
      },
      "local_observables": {
        "ir_dressing": {
          "A_coefficient": 0.2,
          "expected_soft_quanta_N_soft": 1.6223456166616146,
          "interpretation": "As Lambda_ir -> 0, overlap -> 0 and N_soft -> infinity: exclusive Fock states become unphysical (infraparticle / IR catastrophe).",
          "log_overlap_probability": -1.6223456166616148,
          "overlap_probability_bare_vs_dressed": 0.19743504858348196
        }
      }
    },
    {
      "causal_structure": {
        "note": "This is an IR (asymptotic state) failure mode, not a microcausality test."
      },
      "coordinates": {
        "Lambda_ir": 0.0001,
        "Lambda_ref": 1.0
      },
      "curvature_invariants": {
        "kretschmann": null,
        "note": "QFT toy; no spacetime curvature.",
        "ricci_scalar": null
      },
      "local_observables": {
        "ir_dressing": {
          "A_coefficient": 0.2,
          "expected_soft_quanta_N_soft": 1.842068074395237,
          "interpretation": "As Lambda_ir -> 0, overlap -> 0 and N_soft -> infinity: exclusive Fock states become unphysical (infraparticle / IR catastrophe).",
          "log_overlap_probability": -1.8420680743952367,
          "overlap_probability_bare_vs_dressed": 0.15848931924611134
        }
      }
    }
  ],
  "spacetime": "Minkowski asymptotics (IR regulated)",
  "theory": "Quantum Field Theory (toy): IR dressing / infraparticle orthogonality catastrophe proxy",
  "toy_id": "068",
  "units": {
    "G": 1,
    "c": 1
  }
}