{
  "notes": {
    "assumptions": [
      "Free real scalar field",
      "Spatial bipartition",
      "Boundary smearing treated explicitly"
    ],
    "pressure_point": "Local operator algebras are Type III. Sharp subsystem factorization fails; divergences appear at boundaries."
  },
  "observables": {
    "failure_flags": {
      "density_matrix_for_region": false,
      "sharp_tensor_factorization": false
    },
    "regime_classification": {
      "sharp_boundary": "divergent",
      "smeared_boundary": "regulated"
    }
  },
  "parameters": {
    "boundary_smearings": [
      1.0,
      0.5,
      0.25,
      0.125
    ],
    "cutoff_Lambda": 30.0
  },
  "sample_points": [
    {
      "causal_structure": {
        "sharp_factorization_possible": false
      },
      "coordinates": {
        "boundary_smearing_sigma": 1.0
      },
      "curvature_invariants": {
        "uv_cutoff_Lambda": 30.0
      },
      "local_observables": {
        "boundary_energy_proxy": 30.0,
        "boundary_entropy_proxy": 3.4011973816621555
      }
    },
    {
      "causal_structure": {
        "sharp_factorization_possible": false
      },
      "coordinates": {
        "boundary_smearing_sigma": 0.5
      },
      "curvature_invariants": {
        "uv_cutoff_Lambda": 30.0
      },
      "local_observables": {
        "boundary_energy_proxy": 60.0,
        "boundary_entropy_proxy": 4.0943445622221
      }
    },
    {
      "causal_structure": {
        "sharp_factorization_possible": false
      },
      "coordinates": {
        "boundary_smearing_sigma": 0.25
      },
      "curvature_invariants": {
        "uv_cutoff_Lambda": 30.0
      },
      "local_observables": {
        "boundary_energy_proxy": 120.0,
        "boundary_entropy_proxy": 4.787491742782046
      }
    },
    {
      "causal_structure": {
        "sharp_factorization_possible": false
      },
      "coordinates": {
        "boundary_smearing_sigma": 0.125
      },
      "curvature_invariants": {
        "uv_cutoff_Lambda": 30.0
      },
      "local_observables": {
        "boundary_energy_proxy": 240.0,
        "boundary_entropy_proxy": 5.480638923341991
      }
    }
  ],
  "spacetime": "Flat Minkowski (1+1D)",
  "theory": "Quantum Field Theory",
  "toy_id": "021",
  "units": {
    "c": 1,
    "hbar": 1
  }
}