{
  "notes": {
    "assumptions": [
      "Free real scalar field",
      "Gaussian-smeared local probes",
      "Operational measurement modeled via disturbance proxy"
    ],
    "pressure_point": "Operational locality is weaker than microcausality. Finite-resolution measurements introduce nonlocal disturbance even at spacelike separation."
  },
  "observables": {
    "failure_flags": {
      "measurement_backreaction_unavoidable": true,
      "resolution_dependence": true,
      "strict_local_measurement": false
    },
    "regime_classification": {
      "finite_resolution": "approximately_local",
      "sharp_limit_sigma_to_0": "ill_defined"
    }
  },
  "parameters": {
    "cutoff_Lambda": 30.0,
    "mass": 1.0,
    "separation_x": 3.0,
    "smearings": [
      0.2,
      0.5,
      1.0
    ]
  },
  "sample_points": [
    {
      "causal_structure": {
        "operator_microcausality_exact": false,
        "spacelike_separation": true
      },
      "coordinates": {
        "separation_x": 3.0,
        "smearing_width_sigma": 0.2
      },
      "curvature_invariants": {
        "uv_cutoff_Lambda": 30.0
      },
      "local_observables": {
        "smeared_commutator_magnitude": 1.9779519824951557e-17,
        "state_disturbance_proxy": 24.999999999999996
      }
    },
    {
      "causal_structure": {
        "operator_microcausality_exact": false,
        "spacelike_separation": true
      },
      "coordinates": {
        "separation_x": 3.0,
        "smearing_width_sigma": 0.5
      },
      "curvature_invariants": {
        "uv_cutoff_Lambda": 30.0
      },
      "local_observables": {
        "smeared_commutator_magnitude": 1.1287972262893769e-17,
        "state_disturbance_proxy": 4.0
      }
    },
    {
      "causal_structure": {
        "operator_microcausality_exact": false,
        "spacelike_separation": true
      },
      "coordinates": {
        "separation_x": 3.0,
        "smearing_width_sigma": 1.0
      },
      "curvature_invariants": {
        "uv_cutoff_Lambda": 30.0
      },
      "local_observables": {
        "smeared_commutator_magnitude": 1.0390410087346554e-17,
        "state_disturbance_proxy": 1.0
      }
    }
  ],
  "spacetime": "Flat Minkowski (1+1D)",
  "theory": "Quantum Field Theory",
  "toy_id": "018",
  "units": {
    "c": 1,
    "hbar": 1
  }
}