{
  "notes": {
    "assumptions": [
      "Free scalar mode",
      "UV cutoff required",
      "Long-time evolution considered"
    ],
    "pressure_point": "Taking limits in different orders yields different physical answers. Idealizations in QFT are not interchangeable."
  },
  "observables": {
    "failure_flags": {
      "commuting_limits": false,
      "unique_idealization": false
    },
    "regime_classification": {
      "finite_cutoff_finite_time": "well_defined",
      "idealized_limits": "order_dependent"
    }
  },
  "parameters": {
    "times": [
      1.0,
      5.0,
      10.0,
      20.0
    ],
    "uv_cutoffs": [
      5.0,
      10.0,
      20.0
    ]
  },
  "sample_points": [
    {
      "causal_structure": {
        "limit_order_independent": false
      },
      "coordinates": {
        "time_t": 1.0,
        "uv_cutoff_Lambda": 5.0
      },
      "curvature_invariants": {
        "limit_order": "ambiguous"
      },
      "local_observables": {
        "limit_A_remove_cutoff_first": 0.9999990000005,
        "limit_B_long_time_first": 0.01831563888873418,
        "observable_direct": 0.8187307530779818
      }
    },
    {
      "causal_structure": {
        "limit_order_independent": false
      },
      "coordinates": {
        "time_t": 5.0,
        "uv_cutoff_Lambda": 5.0
      },
      "curvature_invariants": {
        "limit_order": "ambiguous"
      },
      "local_observables": {
        "limit_A_remove_cutoff_first": 0.9999950000125,
        "limit_B_long_time_first": 0.01831563888873418,
        "observable_direct": 0.36787944117144233
      }
    },
    {
      "causal_structure": {
        "limit_order_independent": false
      },
      "coordinates": {
        "time_t": 10.0,
        "uv_cutoff_Lambda": 5.0
      },
      "curvature_invariants": {
        "limit_order": "ambiguous"
      },
      "local_observables": {
        "limit_A_remove_cutoff_first": 0.9999900000499998,
        "limit_B_long_time_first": 0.01831563888873418,
        "observable_direct": 0.1353352832366127
      }
    },
    {
      "causal_structure": {
        "limit_order_independent": false
      },
      "coordinates": {
        "time_t": 20.0,
        "uv_cutoff_Lambda": 5.0
      },
      "curvature_invariants": {
        "limit_order": "ambiguous"
      },
      "local_observables": {
        "limit_A_remove_cutoff_first": 0.9999800001999987,
        "limit_B_long_time_first": 0.01831563888873418,
        "observable_direct": 0.01831563888873418
      }
    },
    {
      "causal_structure": {
        "limit_order_independent": false
      },
      "coordinates": {
        "time_t": 1.0,
        "uv_cutoff_Lambda": 10.0
      },
      "curvature_invariants": {
        "limit_order": "ambiguous"
      },
      "local_observables": {
        "limit_A_remove_cutoff_first": 0.9999990000005,
        "limit_B_long_time_first": 0.1353352832366127,
        "observable_direct": 0.9048374180359595
      }
    },
    {
      "causal_structure": {
        "limit_order_independent": false
      },
      "coordinates": {
        "time_t": 5.0,
        "uv_cutoff_Lambda": 10.0
      },
      "curvature_invariants": {
        "limit_order": "ambiguous"
      },
      "local_observables": {
        "limit_A_remove_cutoff_first": 0.9999950000125,
        "limit_B_long_time_first": 0.1353352832366127,
        "observable_direct": 0.6065306597126334
      }
    },
    {
      "causal_structure": {
        "limit_order_independent": false
      },
      "coordinates": {
        "time_t": 10.0,
        "uv_cutoff_Lambda": 10.0
      },
      "curvature_invariants": {
        "limit_order": "ambiguous"
      },
      "local_observables": {
        "limit_A_remove_cutoff_first": 0.9999900000499998,
        "limit_B_long_time_first": 0.1353352832366127,
        "observable_direct": 0.36787944117144233
      }
    },
    {
      "causal_structure": {
        "limit_order_independent": false
      },
      "coordinates": {
        "time_t": 20.0,
        "uv_cutoff_Lambda": 10.0
      },
      "curvature_invariants": {
        "limit_order": "ambiguous"
      },
      "local_observables": {
        "limit_A_remove_cutoff_first": 0.9999800001999987,
        "limit_B_long_time_first": 0.1353352832366127,
        "observable_direct": 0.1353352832366127
      }
    },
    {
      "causal_structure": {
        "limit_order_independent": false
      },
      "coordinates": {
        "time_t": 1.0,
        "uv_cutoff_Lambda": 20.0
      },
      "curvature_invariants": {
        "limit_order": "ambiguous"
      },
      "local_observables": {
        "limit_A_remove_cutoff_first": 0.9999990000005,
        "limit_B_long_time_first": 0.36787944117144233,
        "observable_direct": 0.951229424500714
      }
    },
    {
      "causal_structure": {
        "limit_order_independent": false
      },
      "coordinates": {
        "time_t": 5.0,
        "uv_cutoff_Lambda": 20.0
      },
      "curvature_invariants": {
        "limit_order": "ambiguous"
      },
      "local_observables": {
        "limit_A_remove_cutoff_first": 0.9999950000125,
        "limit_B_long_time_first": 0.36787944117144233,
        "observable_direct": 0.7788007830714049
      }
    },
    {
      "causal_structure": {
        "limit_order_independent": false
      },
      "coordinates": {
        "time_t": 10.0,
        "uv_cutoff_Lambda": 20.0
      },
      "curvature_invariants": {
        "limit_order": "ambiguous"
      },
      "local_observables": {
        "limit_A_remove_cutoff_first": 0.9999900000499998,
        "limit_B_long_time_first": 0.36787944117144233,
        "observable_direct": 0.6065306597126334
      }
    },
    {
      "causal_structure": {
        "limit_order_independent": false
      },
      "coordinates": {
        "time_t": 20.0,
        "uv_cutoff_Lambda": 20.0
      },
      "curvature_invariants": {
        "limit_order": "ambiguous"
      },
      "local_observables": {
        "limit_A_remove_cutoff_first": 0.9999800001999987,
        "limit_B_long_time_first": 0.36787944117144233,
        "observable_direct": 0.36787944117144233
      }
    }
  ],
  "spacetime": "Abstract mode evolution",
  "theory": "Quantum Field Theory",
  "toy_id": "033",
  "units": {
    "c": 1,
    "hbar": 1
  }
}