{
  "notes": {
    "pressure_point": "RG universality is limited: global flow features can be scheme-dependent. Two legitimate schemes can disagree on qualitative portraits (cycle-like vs fixed-point-like) outside the universal regime.",
    "schemes": {
      "scheme_A": "core flow only",
      "scheme_B": "core flow + rotational (scheme) term S(r)(-h,+g), S(r)=S0*r^2/(1+r^2)"
    }
  },
  "observables": {
    "summary": {
      "fraction_disagree": 0.0,
      "n_classification_disagreements": 0,
      "n_initial_conditions": 5
    }
  },
  "parameters": {
    "S0_scheme_rotation_strength": 1.6,
    "b_core_coupling": 0.8,
    "cycle_radius_drift_max": 0.15,
    "cycle_winding_min": 1.0,
    "dl_step": 0.001,
    "initial_conditions": [
      {
        "g0": 0.6,
        "h0": 0.2
      },
      {
        "g0": 0.4,
        "h0": 0.7
      },
      {
        "g0": 0.8,
        "h0": 0.6
      },
      {
        "g0": 0.3,
        "h0": 0.3
      },
      {
        "g0": 1.0,
        "h0": 0.1
      }
    ],
    "l_max": 8.0,
    "schemes": [
      "scheme_A",
      "scheme_B"
    ]
  },
  "sample_points": [
    {
      "causal_structure": {
        "note": "Qualitative RG behavior (fixed point vs cycle-like winding) can depend on scheme/reparameterization when non-universal terms are relevant."
      },
      "coordinates": {
        "g0": 0.6,
        "h0": 0.2
      },
      "curvature_invariants": {
        "kretschmann": null,
        "note": "RG flow portrait proxy; no spacetime curvature.",
        "ricci_scalar": null
      },
      "local_observables": {
        "classification_disagrees": false,
        "scheme_A": {
          "classification": "flow_like",
          "g_final": 0.26686176303745746,
          "h_final": 0.01690872074052001,
          "r_final": 0.267396906131206,
          "r_initial": 0.6324555320336759,
          "r_max": 0.6324555320336759,
          "r_min": 0.267396906131206,
          "radius_drift_fraction": 0.5772083686715731,
          "theta_final": 0.06327675912768094,
          "winding_number": -0.0411373821767776
        },
        "scheme_B": {
          "classification": "flow_like",
          "g_final": 0.25219186700001955,
          "h_final": 0.2132212206660603,
          "r_final": 0.3302484318256187,
          "r_initial": 0.6324555320336759,
          "r_max": 0.6324555320336759,
          "r_min": 0.3302484318256187,
          "radius_drift_fraction": 0.477831380866103,
          "theta_final": 0.7018595814106964,
          "winding_number": 0.06049623056313714
        }
      }
    },
    {
      "causal_structure": {
        "note": "Qualitative RG behavior (fixed point vs cycle-like winding) can depend on scheme/reparameterization when non-universal terms are relevant."
      },
      "coordinates": {
        "g0": 0.4,
        "h0": 0.7
      },
      "curvature_invariants": {
        "kretschmann": null,
        "note": "RG flow portrait proxy; no spacetime curvature.",
        "ricci_scalar": null
      },
      "local_observables": {
        "classification_disagrees": false,
        "scheme_A": {
          "classification": "flow_like",
          "g_final": 0.3043408228708104,
          "h_final": 0.03363420126384947,
          "r_final": 0.30619372292772284,
          "r_initial": 0.8062257748298549,
          "r_max": 0.8062257748298549,
          "r_min": 0.30619372292772284,
          "radius_drift_fraction": 0.6202134284377826,
          "theta_final": 0.11006826082447822,
          "winding_number": -0.14985742194297205
        },
        "scheme_B": {
          "classification": "flow_like",
          "g_final": 0.020978315884425457,
          "h_final": 0.21505549875098892,
          "r_final": 0.21607627653304132,
          "r_initial": 0.8062257748298549,
          "r_max": 0.8062257748298549,
          "r_min": 0.21607627653304132,
          "radius_drift_fraction": 0.7319903638919981,
          "theta_final": 1.4735556037021096,
          "winding_number": 0.06714832851923674
        }
      }
    },
    {
      "causal_structure": {
        "note": "Qualitative RG behavior (fixed point vs cycle-like winding) can depend on scheme/reparameterization when non-universal terms are relevant."
      },
      "coordinates": {
        "g0": 0.8,
        "h0": 0.6
      },
      "curvature_invariants": {
        "kretschmann": null,
        "note": "RG flow portrait proxy; no spacetime curvature.",
        "ricci_scalar": null
      },
      "local_observables": {
        "classification_disagrees": false,
        "scheme_A": {
          "classification": "flow_like",
          "g_final": 0.2948847392496873,
          "h_final": 0.02488485293004012,
          "r_final": 0.2959328730433741,
          "r_initial": 1.0,
          "r_max": 1.0,
          "r_min": 0.2959328730433741,
          "radius_drift_fraction": 0.7040671269566259,
          "theta_final": 0.08418893575782928,
          "winding_number": -0.08901729707006205
        },
        "scheme_B": {
          "classification": "flow_like",
          "g_final": 0.20574994147099973,
          "h_final": 0.2135629630421096,
          "r_final": 0.2965504638314452,
          "r_initial": 1.0,
          "r_max": 1.0,
          "r_min": 0.2965504638314452,
          "radius_drift_fraction": 0.7034495361685549,
          "theta_final": 0.8040289221602779,
          "winding_number": 0.025548795001090228
        }
      }
    },
    {
      "causal_structure": {
        "note": "Qualitative RG behavior (fixed point vs cycle-like winding) can depend on scheme/reparameterization when non-universal terms are relevant."
      },
      "coordinates": {
        "g0": 0.3,
        "h0": 0.3
      },
      "curvature_invariants": {
        "kretschmann": null,
        "note": "RG flow portrait proxy; no spacetime curvature.",
        "ricci_scalar": null
      },
      "local_observables": {
        "classification_disagrees": false,
        "scheme_A": {
          "classification": "flow_like",
          "g_final": 0.2746086992243854,
          "h_final": 0.033688033063528106,
          "r_final": 0.2766673476603235,
          "r_initial": 0.4242640687119285,
          "r_max": 0.4242640687119285,
          "r_min": 0.2766673476603235,
          "radius_drift_fraction": 0.3478888077882971,
          "theta_final": 0.12206658659694022,
          "winding_number": -0.10557249935674176
        },
        "scheme_B": {
          "classification": "flow_like",
          "g_final": 0.23163373894379077,
          "h_final": 0.17233030797539547,
          "r_final": 0.28870733288916456,
          "r_initial": 0.4242640687119285,
          "r_max": 0.4242640687119285,
          "r_min": 0.28870733288916456,
          "radius_drift_fraction": 0.3195102904526326,
          "theta_final": 0.6396356033555667,
          "winding_number": -0.02319883194839466
        }
      }
    },
    {
      "causal_structure": {
        "note": "Qualitative RG behavior (fixed point vs cycle-like winding) can depend on scheme/reparameterization when non-universal terms are relevant."
      },
      "coordinates": {
        "g0": 1.0,
        "h0": 0.1
      },
      "curvature_invariants": {
        "kretschmann": null,
        "note": "RG flow portrait proxy; no spacetime curvature.",
        "ricci_scalar": null
      },
      "local_observables": {
        "classification_disagrees": false,
        "scheme_A": {
          "classification": "flow_like",
          "g_final": 0.2565426026724756,
          "h_final": 0.0072404276859779244,
          "r_final": 0.25664475599365666,
          "r_initial": 1.004987562112089,
          "r_max": 1.004987562112089,
          "r_min": 0.25664475599365666,
          "radius_drift_fraction": 0.7446289231139436,
          "theta_final": 0.028215610547793684,
          "winding_number": -0.01137210482423963
        },
        "scheme_B": {
          "classification": "flow_like",
          "g_final": 0.24108923626920867,
          "h_final": 0.2267847057519081,
          "r_final": 0.3309914237678219,
          "r_initial": 1.004987562112089,
          "r_max": 1.004987562112089,
          "r_min": 0.3309914237678219,
          "radius_drift_fraction": 0.6706512237104626,
          "theta_final": 0.7548342128565704,
          "winding_number": 0.10427283747572662
        }
      }
    }
  ],
  "spacetime": "Coupling space (g,h) with RG time l",
  "theory": "Quantum Field Theory (toy): RG scheme dependence (fixed point vs limit-cycle proxy)",
  "toy_id": "094",
  "units": {
    "G": 1,
    "c": 1
  }
}