{
  "notes": {
    "assumptions": [
      "Free scalar field",
      "Bogoliubov-related mode bases"
    ],
    "pressure_point": "Vacuum states depend on time slicing. Particle content is observer- and history-dependent."
  },
  "observables": {
    "failure_flags": {
      "observer_independent_particles": false,
      "unique_vacuum_state": false
    },
    "regime_classification": {
      "large_r": "inequivalent_fock_spaces",
      "small_r": "nearly_equivalent_vacua"
    }
  },
  "parameters": {
    "squeeze_params": [
      0.2,
      0.5,
      1.0,
      1.5
    ]
  },
  "sample_points": [
    {
      "causal_structure": {
        "unique_vacuum": false
      },
      "coordinates": {
        "bogoliubov_parameter_r": 0.2
      },
      "curvature_invariants": {
        "time_slicing": "inequivalent"
      },
      "local_observables": {
        "particle_number_expectation": 0.040536185919227405,
        "vacuum_overlap": 0.9803279976447253
      }
    },
    {
      "causal_structure": {
        "unique_vacuum": false
      },
      "coordinates": {
        "bogoliubov_parameter_r": 0.5
      },
      "curvature_invariants": {
        "time_slicing": "inequivalent"
      },
      "local_observables": {
        "particle_number_expectation": 0.2715403174076219,
        "vacuum_overlap": 0.886818883970074
      }
    },
    {
      "causal_structure": {
        "unique_vacuum": false
      },
      "coordinates": {
        "bogoliubov_parameter_r": 1.0
      },
      "curvature_invariants": {
        "time_slicing": "inequivalent"
      },
      "local_observables": {
        "particle_number_expectation": 1.3810978455418155,
        "vacuum_overlap": 0.6480542736638855
      }
    },
    {
      "causal_structure": {
        "unique_vacuum": false
      },
      "coordinates": {
        "bogoliubov_parameter_r": 1.5
      },
      "curvature_invariants": {
        "time_slicing": "inequivalent"
      },
      "local_observables": {
        "particle_number_expectation": 4.533830997888882,
        "vacuum_overlap": 0.4250960349422805
      }
    }
  ],
  "spacetime": "Same spacetime, different time slicings",
  "theory": "Quantum Field Theory",
  "toy_id": "029",
  "units": {
    "c": 1,
    "hbar": 1
  }
}