{
  "notes": {
    "assumptions": [
      "Free massless scalar field",
      "Unruh\u2013DeWitt point detector",
      "Finite interaction time",
      "Momentum cutoff regulator"
    ],
    "pressure_point": "Thermal response arises for accelerated observers in flat spacetime. Particle content is observer-dependent despite identical vacuum state."
  },
  "observables": {
    "expected_behavior": "Inertial detector response \u2192 vacuum noise only; accelerated detector response \u2192 thermal spectrum at T = a / (2\u03c0)."
  },
  "parameters": {
    "acceleration_a": 1.0,
    "cutoff_Lambda": 15.0,
    "dtau": 0.05,
    "gap_Omega": 1.0,
    "tau_max": 6.0
  },
  "sample_points": [
    {
      "causal_structure": {
        "has_horizon": true,
        "unruh_temperature": 0.15915494309189535
      },
      "coordinates": {
        "tau": null,
        "trajectory": "accelerated"
      },
      "curvature_invariants": {
        "acceleration_a": 1.0,
        "cutoff_Lambda": 15.0
      },
      "local_observables": {
        "detector_gap_Omega": 1.0,
        "response_function": 5.1583668115964345
      }
    }
  ],
  "spacetime": "Flat Minkowski (1+1D)",
  "theory": "Quantum Field Theory",
  "toy_id": "002",
  "units": {
    "c": 1,
    "hbar": 1,
    "kB": 1
  }
}