{
  "notes": {
    "assumptions": [
      "Free real scalar field",
      "Gaussian smearing of field operator",
      "Momentum cutoff regulator"
    ],
    "pressure_point": "Local field fluctuations diverge as measurement resolution improves. Strictly local observables do not exist without smearing."
  },
  "observables": {
    "trend": "Variance grows as smearing width \u03c3 \u2192 0."
  },
  "parameters": {
    "cutoff_Lambda": 30.0,
    "dk": 0.02,
    "mass": 1.0,
    "sigmas": [
      1.0,
      0.5,
      0.25,
      0.125
    ]
  },
  "sample_points": [
    {
      "causal_structure": {
        "operational_locality": "defined_only_for_finite_sigma"
      },
      "coordinates": {
        "smearing_width_sigma": 1.0
      },
      "curvature_invariants": {
        "uv_cutoff_Lambda": 30.0
      },
      "local_observables": {
        "pointlike_limit_defined": false,
        "smeared_field_variance": 0.12128477127933496
      }
    },
    {
      "causal_structure": {
        "operational_locality": "defined_only_for_finite_sigma"
      },
      "coordinates": {
        "smearing_width_sigma": 0.5
      },
      "curvature_invariants": {
        "uv_cutoff_Lambda": 30.0
      },
      "local_observables": {
        "pointlike_limit_defined": false,
        "smeared_field_variance": 0.19909037517645356
      }
    },
    {
      "causal_structure": {
        "operational_locality": "defined_only_for_finite_sigma"
      },
      "coordinates": {
        "smearing_width_sigma": 0.25
      },
      "curvature_invariants": {
        "uv_cutoff_Lambda": 30.0
      },
      "local_observables": {
        "pointlike_limit_defined": false,
        "smeared_field_variance": 0.29415938912068695
      }
    },
    {
      "causal_structure": {
        "operational_locality": "defined_only_for_finite_sigma"
      },
      "coordinates": {
        "smearing_width_sigma": 0.125
      },
      "curvature_invariants": {
        "uv_cutoff_Lambda": 30.0
      },
      "local_observables": {
        "pointlike_limit_defined": false,
        "smeared_field_variance": 0.398445809640877
      }
    }
  ],
  "spacetime": "Flat Minkowski (1+1D)",
  "theory": "Quantum Field Theory",
  "toy_id": "013",
  "units": {
    "c": 1,
    "hbar": 1
  }
}