{
  "notes": {
    "assumptions": [
      "Massless scalar field",
      "Soft sector treated explicitly",
      "IR cutoff introduced as regulator"
    ],
    "pressure_point": "Infrared divergences obstruct a clean particle picture. Soft modes and memory effects encode global information."
  },
  "observables": {
    "failure_flags": {
      "fock_space_asymptotic_states": false,
      "ir_finite_scattering": false
    },
    "regime_classification": {
      "finite_ir_cutoff": "regulated",
      "ir_cutoff_to_zero": "divergent"
    }
  },
  "parameters": {
    "ir_cutoffs": [
      1.0,
      0.5,
      0.25,
      0.125
    ],
    "uv_cutoff_Lambda": 20.0
  },
  "sample_points": [
    {
      "causal_structure": {
        "asymptotic_state_well_defined": false
      },
      "coordinates": {
        "ir_cutoff_epsilon": 1.0
      },
      "curvature_invariants": {
        "uv_cutoff_Lambda": 20.0
      },
      "local_observables": {
        "memory_effect_proxy": 2.995732273553991,
        "soft_mode_occupation": 2.995732273553991
      }
    },
    {
      "causal_structure": {
        "asymptotic_state_well_defined": false
      },
      "coordinates": {
        "ir_cutoff_epsilon": 0.5
      },
      "curvature_invariants": {
        "uv_cutoff_Lambda": 20.0
      },
      "local_observables": {
        "memory_effect_proxy": 3.6888794541139363,
        "soft_mode_occupation": 3.6888794541139363
      }
    },
    {
      "causal_structure": {
        "asymptotic_state_well_defined": false
      },
      "coordinates": {
        "ir_cutoff_epsilon": 0.25
      },
      "curvature_invariants": {
        "uv_cutoff_Lambda": 20.0
      },
      "local_observables": {
        "memory_effect_proxy": 4.382026634673881,
        "soft_mode_occupation": 4.382026634673881
      }
    },
    {
      "causal_structure": {
        "asymptotic_state_well_defined": false
      },
      "coordinates": {
        "ir_cutoff_epsilon": 0.125
      },
      "curvature_invariants": {
        "uv_cutoff_Lambda": 20.0
      },
      "local_observables": {
        "memory_effect_proxy": 5.075173815233827,
        "soft_mode_occupation": 5.075173815233827
      }
    }
  ],
  "spacetime": "Flat Minkowski (1+1D, massless sector)",
  "theory": "Quantum Field Theory",
  "toy_id": "023",
  "units": {
    "c": 1,
    "hbar": 1
  }
}