{
  "notes": {
    "assumptions": [
      "Free scalar field",
      "Hard momentum cutoff",
      "Lorentz-violating dispersion deformation"
    ],
    "pressure_point": "Microcausality relies on exact Lorentz invariance. Regulator or dispersion deformations can introduce spacelike signal leakage."
  },
  "observables": {
    "comparison": "Deformed theory shows larger spacelike commutator magnitude."
  },
  "parameters": {
    "cutoff_Lambda": 20.0,
    "deformation_eps": 0.2,
    "dk": 0.02,
    "mass": 1.0
  },
  "sample_points": [
    {
      "causal_structure": {
        "interval_t2_minus_x2": -3.75,
        "microcausality_standard": false,
        "spacelike": true
      },
      "coordinates": {
        "t": 0.5,
        "x": 2.0
      },
      "curvature_invariants": {
        "cutoff_Lambda": 20.0,
        "deformation_eps": 0.2
      },
      "local_observables": {
        "commutator_deformed": 1.7018678133418065e-15,
        "commutator_standard": 2.204451898801807e-15
      }
    }
  ],
  "spacetime": "Flat Minkowski (1+1D, deformed dispersion)",
  "theory": "Quantum Field Theory",
  "toy_id": "009",
  "units": {
    "c": 1,
    "hbar": 1
  }
}