{
  "notes": {
    "assumptions": [
      "U(1) gauge theory",
      "Gauss-law constraint enforced",
      "Gauge-invariant operators require dressing"
    ],
    "pressure_point": "Gauge redundancy forbids strictly local charged observables. Physical operators are necessarily nonlocal and boundary-sensitive."
  },
  "observables": {
    "failure_flags": {
      "strict_local_gauge_observable": false,
      "subsystem_independence": false
    },
    "regime_classification": {
      "long_dressing": "delocalized_operator",
      "short_dressing": "large_boundary_flux"
    }
  },
  "parameters": {
    "charge": 1.0,
    "dressing_lengths": [
      0.5,
      1.0,
      2.0,
      5.0
    ],
    "separation_x": 1.0
  },
  "sample_points": [
    {
      "causal_structure": {
        "strict_local_operator_exists": false
      },
      "coordinates": {
        "dressing_length": 0.5,
        "separation_x": 1.0
      },
      "curvature_invariants": {
        "gauss_law_constraint": true
      },
      "local_observables": {
        "bare_operator_gauge_invariant": false,
        "boundary_flux_proxy": 2.0,
        "dressed_operator_extent": 0.5
      }
    },
    {
      "causal_structure": {
        "strict_local_operator_exists": false
      },
      "coordinates": {
        "dressing_length": 1.0,
        "separation_x": 1.0
      },
      "curvature_invariants": {
        "gauss_law_constraint": true
      },
      "local_observables": {
        "bare_operator_gauge_invariant": false,
        "boundary_flux_proxy": 1.0,
        "dressed_operator_extent": 1.0
      }
    },
    {
      "causal_structure": {
        "strict_local_operator_exists": false
      },
      "coordinates": {
        "dressing_length": 2.0,
        "separation_x": 1.0
      },
      "curvature_invariants": {
        "gauss_law_constraint": true
      },
      "local_observables": {
        "bare_operator_gauge_invariant": false,
        "boundary_flux_proxy": 0.5,
        "dressed_operator_extent": 2.0
      }
    },
    {
      "causal_structure": {
        "strict_local_operator_exists": false
      },
      "coordinates": {
        "dressing_length": 5.0,
        "separation_x": 1.0
      },
      "curvature_invariants": {
        "gauss_law_constraint": true
      },
      "local_observables": {
        "bare_operator_gauge_invariant": false,
        "boundary_flux_proxy": 0.2,
        "dressed_operator_extent": 5.0
      }
    }
  ],
  "spacetime": "Flat Minkowski (1+1D)",
  "theory": "Quantum Field Theory (Gauge)",
  "toy_id": "022",
  "units": {
    "c": 1,
    "hbar": 1
  }
}