{
  "notes": {
    "pressure_point": "Higher-dimensional positive energy does not uniquely define 4D dark energy."
  },
  "parameters": {
    "Lambda_samples": [
      0.1,
      0.2,
      0.30000000000000004,
      0.4,
      0.5,
      0.6000000000000001,
      0.7000000000000001,
      0.8,
      0.9,
      1.0,
      1.1,
      1.2000000000000002,
      1.3,
      1.4000000000000001,
      1.5,
      1.6,
      1.7000000000000002,
      1.8,
      1.9000000000000001,
      2.0
    ],
    "dimensions": [
      4,
      5,
      6,
      10
    ]
  },
  "sample_points": [
    {
      "causal_structure": {
        "note": "Positive energy in higher D does not map cleanly to 4D."
      },
      "coordinates": {
        "Lambda_higherD": 0.1,
        "dimension": 4
      },
      "curvature_invariants": {
        "kretschmann": null,
        "note": "Dimensional reduction proxy.",
        "ricci_scalar": null
      },
      "local_observables": {
        "effective_4D_energy": 0.1
      }
    },
    {
      "causal_structure": {
        "note": "Positive energy in higher D does not map cleanly to 4D."
      },
      "coordinates": {
        "Lambda_higherD": 0.1,
        "dimension": 5
      },
      "curvature_invariants": {
        "kretschmann": null,
        "note": "Dimensional reduction proxy.",
        "ricci_scalar": null
      },
      "local_observables": {
        "effective_4D_energy": 0.08000000000000002
      }
    },
    {
      "causal_structure": {
        "note": "Positive energy in higher D does not map cleanly to 4D."
      },
      "coordinates": {
        "Lambda_higherD": 0.1,
        "dimension": 6
      },
      "curvature_invariants": {
        "kretschmann": null,
        "note": "Dimensional reduction proxy.",
        "ricci_scalar": null
      },
      "local_observables": {
        "effective_4D_energy": 0.06666666666666667
      }
    },
    {
      "causal_structure": {
        "note": "Positive energy in higher D does not map cleanly to 4D."
      },
      "coordinates": {
        "Lambda_higherD": 0.1,
        "dimension": 10
      },
      "curvature_invariants": {
        "kretschmann": null,
        "note": "Dimensional reduction proxy.",
        "ricci_scalar": null
      },
      "local_observables": {
        "effective_4D_energy": 0.04000000000000001
      }
    },
    {
      "causal_structure": {
        "note": "Positive energy in higher D does not map cleanly to 4D."
      },
      "coordinates": {
        "Lambda_higherD": 0.2,
        "dimension": 4
      },
      "curvature_invariants": {
        "kretschmann": null,
        "note": "Dimensional reduction proxy.",
        "ricci_scalar": null
      },
      "local_observables": {
        "effective_4D_energy": 0.2
      }
    },
    {
      "causal_structure": {
        "note": "Positive energy in higher D does not map cleanly to 4D."
      },
      "coordinates": {
        "Lambda_higherD": 0.2,
        "dimension": 5
      },
      "curvature_invariants": {
        "kretschmann": null,
        "note": "Dimensional reduction proxy.",
        "ricci_scalar": null
      },
      "local_observables": {
        "effective_4D_energy": 0.16000000000000003
      }
    },
    {
      "causal_structure": {
        "note": "Positive energy in higher D does not map cleanly to 4D."
      },
      "coordinates": {
        "Lambda_higherD": 0.2,
        "dimension": 6
      },
      "curvature_invariants": {
        "kretschmann": null,
        "note": "Dimensional reduction proxy.",
        "ricci_scalar": null
      },
      "local_observables": {
        "effective_4D_energy": 0.13333333333333333
      }
    },
    {
      "causal_structure": {
        "note": "Positive energy in higher D does not map cleanly to 4D."
      },
      "coordinates": {
        "Lambda_higherD": 0.2,
        "dimension": 10
      },
      "curvature_invariants": {
        "kretschmann": null,
        "note": "Dimensional reduction proxy.",
        "ricci_scalar": null
      },
      "local_observables": {
        "effective_4D_energy": 0.08000000000000002
      }
    },
    {
      "causal_structure": {
        "note": "Positive energy in higher D does not map cleanly to 4D."
      },
      "coordinates": {
        "Lambda_higherD": 0.30000000000000004,
        "dimension": 4
      },
      "curvature_invariants": {
        "kretschmann": null,
        "note": "Dimensional reduction proxy.",
        "ricci_scalar": null
      },
      "local_observables": {
        "effective_4D_energy": 0.30000000000000004
      }
    },
    {
      "causal_structure": {
        "note": "Positive energy in higher D does not map cleanly to 4D."
      },
      "coordinates": {
        "Lambda_higherD": 0.30000000000000004,
        "dimension": 5
      },
      "curvature_invariants": {
        "kretschmann": null,
        "note": "Dimensional reduction proxy.",
        "ricci_scalar": null
      },
      "local_observables": {
        "effective_4D_energy": 0.24000000000000005
      }
    },
    {
      "causal_structure": {
        "note": "Positive energy in higher D does not map cleanly to 4D."
      },
      "coordinates": {
        "Lambda_higherD": 0.30000000000000004,
        "dimension": 6
      },
      "curvature_invariants": {
        "kretschmann": null,
        "note": "Dimensional reduction proxy.",
        "ricci_scalar": null
      },
      "local_observables": {
        "effective_4D_energy": 0.2
      }
    },
    {
      "causal_structure": {
        "note": "Positive energy in higher D does not map cleanly to 4D."
      },
      "coordinates": {
        "Lambda_higherD": 0.30000000000000004,
        "dimension": 10
      },
      "curvature_invariants": {
        "kretschmann": null,
        "note": "Dimensional reduction proxy.",
        "ricci_scalar": null
      },
      "local_observables": {
        "effective_4D_energy": 0.12000000000000002
      }
    },
    {
      "causal_structure": {
        "note": "Positive energy in higher D does not map cleanly to 4D."
      },
      "coordinates": {
        "Lambda_higherD": 0.4,
        "dimension": 4
      },
      "curvature_invariants": {
        "kretschmann": null,
        "note": "Dimensional reduction proxy.",
        "ricci_scalar": null
      },
      "local_observables": {
        "effective_4D_energy": 0.4
      }
    },
    {
      "causal_structure": {
        "note": "Positive energy in higher D does not map cleanly to 4D."
      },
      "coordinates": {
        "Lambda_higherD": 0.4,
        "dimension": 5
      },
      "curvature_invariants": {
        "kretschmann": null,
        "note": "Dimensional reduction proxy.",
        "ricci_scalar": null
      },
      "local_observables": {
        "effective_4D_energy": 0.32000000000000006
      }
    },
    {
      "causal_structure": {
        "note": "Positive energy in higher D does not map cleanly to 4D."
      },
      "coordinates": {
        "Lambda_higherD": 0.4,
        "dimension": 6
      },
      "curvature_invariants": {
        "kretschmann": null,
        "note": "Dimensional reduction proxy.",
        "ricci_scalar": null
      },
      "local_observables": {
        "effective_4D_energy": 0.26666666666666666
      }
    },
    {
      "causal_structure": {
        "note": "Positive energy in higher D does not map cleanly to 4D."
      },
      "coordinates": {
        "Lambda_higherD": 0.4,
        "dimension": 10
      },
      "curvature_invariants": {
        "kretschmann": null,
        "note": "Dimensional reduction proxy.",
        "ricci_scalar": null
      },
      "local_observables": {
        "effective_4D_energy": 0.16000000000000003
      }
    },
    {
      "causal_structure": {
        "note": "Positive energy in higher D does not map cleanly to 4D."
      },
      "coordinates": {
        "Lambda_higherD": 0.5,
        "dimension": 4
      },
      "curvature_invariants": {
        "kretschmann": null,
        "note": "Dimensional reduction proxy.",
        "ricci_scalar": null
      },
      "local_observables": {
        "effective_4D_energy": 0.5
      }
    },
    {
      "causal_structure": {
        "note": "Positive energy in higher D does not map cleanly to 4D."
      },
      "coordinates": {
        "Lambda_higherD": 0.5,
        "dimension": 5
      },
      "curvature_invariants": {
        "kretschmann": null,
        "note": "Dimensional reduction proxy.",
        "ricci_scalar": null
      },
      "local_observables": {
        "effective_4D_energy": 0.4
      }
    },
    {
      "causal_structure": {
        "note": "Positive energy in higher D does not map cleanly to 4D."
      },
      "coordinates": {
        "Lambda_higherD": 0.5,
        "dimension": 6
      },
      "curvature_invariants": {
        "kretschmann": null,
        "note": "Dimensional reduction proxy.",
        "ricci_scalar": null
      },
      "local_observables": {
        "effective_4D_energy": 0.3333333333333333
      }
    },
    {
      "causal_structure": {
        "note": "Positive energy in higher D does not map cleanly to 4D."
      },
      "coordinates": {
        "Lambda_higherD": 0.5,
        "dimension": 10
      },
      "curvature_invariants": {
        "kretschmann": null,
        "note": "Dimensional reduction proxy.",
        "ricci_scalar": null
      },
      "local_observables": {
        "effective_4D_energy": 0.2
      }
    },
    {
      "causal_structure": {
        "note": "Positive energy in higher D does not map cleanly to 4D."
      },
      "coordinates": {
        "Lambda_higherD": 0.6000000000000001,
        "dimension": 4
      },
      "curvature_invariants": {
        "kretschmann": null,
        "note": "Dimensional reduction proxy.",
        "ricci_scalar": null
      },
      "local_observables": {
        "effective_4D_energy": 0.6000000000000001
      }
    },
    {
      "causal_structure": {
        "note": "Positive energy in higher D does not map cleanly to 4D."
      },
      "coordinates": {
        "Lambda_higherD": 0.6000000000000001,
        "dimension": 5
      },
      "curvature_invariants": {
        "kretschmann": null,
        "note": "Dimensional reduction proxy.",
        "ricci_scalar": null
      },
      "local_observables": {
        "effective_4D_energy": 0.4800000000000001
      }
    },
    {
      "causal_structure": {
        "note": "Positive energy in higher D does not map cleanly to 4D."
      },
      "coordinates": {
        "Lambda_higherD": 0.6000000000000001,
        "dimension": 6
      },
      "curvature_invariants": {
        "kretschmann": null,
        "note": "Dimensional reduction proxy.",
        "ricci_scalar": null
      },
      "local_observables": {
        "effective_4D_energy": 0.4
      }
    },
    {
      "causal_structure": {
        "note": "Positive energy in higher D does not map cleanly to 4D."
      },
      "coordinates": {
        "Lambda_higherD": 0.6000000000000001,
        "dimension": 10
      },
      "curvature_invariants": {
        "kretschmann": null,
        "note": "Dimensional reduction proxy.",
        "ricci_scalar": null
      },
      "local_observables": {
        "effective_4D_energy": 0.24000000000000005
      }
    },
    {
      "causal_structure": {
        "note": "Positive energy in higher D does not map cleanly to 4D."
      },
      "coordinates": {
        "Lambda_higherD": 0.7000000000000001,
        "dimension": 4
      },
      "curvature_invariants": {
        "kretschmann": null,
        "note": "Dimensional reduction proxy.",
        "ricci_scalar": null
      },
      "local_observables": {
        "effective_4D_energy": 0.7000000000000001
      }
    },
    {
      "causal_structure": {
        "note": "Positive energy in higher D does not map cleanly to 4D."
      },
      "coordinates": {
        "Lambda_higherD": 0.7000000000000001,
        "dimension": 5
      },
      "curvature_invariants": {
        "kretschmann": null,
        "note": "Dimensional reduction proxy.",
        "ricci_scalar": null
      },
      "local_observables": {
        "effective_4D_energy": 0.56
      }
    },
    {
      "causal_structure": {
        "note": "Positive energy in higher D does not map cleanly to 4D."
      },
      "coordinates": {
        "Lambda_higherD": 0.7000000000000001,
        "dimension": 6
      },
      "curvature_invariants": {
        "kretschmann": null,
        "note": "Dimensional reduction proxy.",
        "ricci_scalar": null
      },
      "local_observables": {
        "effective_4D_energy": 0.4666666666666667
      }
    },
    {
      "causal_structure": {
        "note": "Positive energy in higher D does not map cleanly to 4D."
      },
      "coordinates": {
        "Lambda_higherD": 0.7000000000000001,
        "dimension": 10
      },
      "curvature_invariants": {
        "kretschmann": null,
        "note": "Dimensional reduction proxy.",
        "ricci_scalar": null
      },
      "local_observables": {
        "effective_4D_energy": 0.28
      }
    },
    {
      "causal_structure": {
        "note": "Positive energy in higher D does not map cleanly to 4D."
      },
      "coordinates": {
        "Lambda_higherD": 0.8,
        "dimension": 4
      },
      "curvature_invariants": {
        "kretschmann": null,
        "note": "Dimensional reduction proxy.",
        "ricci_scalar": null
      },
      "local_observables": {
        "effective_4D_energy": 0.8
      }
    },
    {
      "causal_structure": {
        "note": "Positive energy in higher D does not map cleanly to 4D."
      },
      "coordinates": {
        "Lambda_higherD": 0.8,
        "dimension": 5
      },
      "curvature_invariants": {
        "kretschmann": null,
        "note": "Dimensional reduction proxy.",
        "ricci_scalar": null
      },
      "local_observables": {
        "effective_4D_energy": 0.6400000000000001
      }
    },
    {
      "causal_structure": {
        "note": "Positive energy in higher D does not map cleanly to 4D."
      },
      "coordinates": {
        "Lambda_higherD": 0.8,
        "dimension": 6
      },
      "curvature_invariants": {
        "kretschmann": null,
        "note": "Dimensional reduction proxy.",
        "ricci_scalar": null
      },
      "local_observables": {
        "effective_4D_energy": 0.5333333333333333
      }
    },
    {
      "causal_structure": {
        "note": "Positive energy in higher D does not map cleanly to 4D."
      },
      "coordinates": {
        "Lambda_higherD": 0.8,
        "dimension": 10
      },
      "curvature_invariants": {
        "kretschmann": null,
        "note": "Dimensional reduction proxy.",
        "ricci_scalar": null
      },
      "local_observables": {
        "effective_4D_energy": 0.32000000000000006
      }
    },
    {
      "causal_structure": {
        "note": "Positive energy in higher D does not map cleanly to 4D."
      },
      "coordinates": {
        "Lambda_higherD": 0.9,
        "dimension": 4
      },
      "curvature_invariants": {
        "kretschmann": null,
        "note": "Dimensional reduction proxy.",
        "ricci_scalar": null
      },
      "local_observables": {
        "effective_4D_energy": 0.9
      }
    },
    {
      "causal_structure": {
        "note": "Positive energy in higher D does not map cleanly to 4D."
      },
      "coordinates": {
        "Lambda_higherD": 0.9,
        "dimension": 5
      },
      "curvature_invariants": {
        "kretschmann": null,
        "note": "Dimensional reduction proxy.",
        "ricci_scalar": null
      },
      "local_observables": {
        "effective_4D_energy": 0.7200000000000001
      }
    },
    {
      "causal_structure": {
        "note": "Positive energy in higher D does not map cleanly to 4D."
      },
      "coordinates": {
        "Lambda_higherD": 0.9,
        "dimension": 6
      },
      "curvature_invariants": {
        "kretschmann": null,
        "note": "Dimensional reduction proxy.",
        "ricci_scalar": null
      },
      "local_observables": {
        "effective_4D_energy": 0.6
      }
    },
    {
      "causal_structure": {
        "note": "Positive energy in higher D does not map cleanly to 4D."
      },
      "coordinates": {
        "Lambda_higherD": 0.9,
        "dimension": 10
      },
      "curvature_invariants": {
        "kretschmann": null,
        "note": "Dimensional reduction proxy.",
        "ricci_scalar": null
      },
      "local_observables": {
        "effective_4D_energy": 0.36000000000000004
      }
    },
    {
      "causal_structure": {
        "note": "Positive energy in higher D does not map cleanly to 4D."
      },
      "coordinates": {
        "Lambda_higherD": 1.0,
        "dimension": 4
      },
      "curvature_invariants": {
        "kretschmann": null,
        "note": "Dimensional reduction proxy.",
        "ricci_scalar": null
      },
      "local_observables": {
        "effective_4D_energy": 1.0
      }
    },
    {
      "causal_structure": {
        "note": "Positive energy in higher D does not map cleanly to 4D."
      },
      "coordinates": {
        "Lambda_higherD": 1.0,
        "dimension": 5
      },
      "curvature_invariants": {
        "kretschmann": null,
        "note": "Dimensional reduction proxy.",
        "ricci_scalar": null
      },
      "local_observables": {
        "effective_4D_energy": 0.8
      }
    },
    {
      "causal_structure": {
        "note": "Positive energy in higher D does not map cleanly to 4D."
      },
      "coordinates": {
        "Lambda_higherD": 1.0,
        "dimension": 6
      },
      "curvature_invariants": {
        "kretschmann": null,
        "note": "Dimensional reduction proxy.",
        "ricci_scalar": null
      },
      "local_observables": {
        "effective_4D_energy": 0.6666666666666666
      }
    },
    {
      "causal_structure": {
        "note": "Positive energy in higher D does not map cleanly to 4D."
      },
      "coordinates": {
        "Lambda_higherD": 1.0,
        "dimension": 10
      },
      "curvature_invariants": {
        "kretschmann": null,
        "note": "Dimensional reduction proxy.",
        "ricci_scalar": null
      },
      "local_observables": {
        "effective_4D_energy": 0.4
      }
    },
    {
      "causal_structure": {
        "note": "Positive energy in higher D does not map cleanly to 4D."
      },
      "coordinates": {
        "Lambda_higherD": 1.1,
        "dimension": 4
      },
      "curvature_invariants": {
        "kretschmann": null,
        "note": "Dimensional reduction proxy.",
        "ricci_scalar": null
      },
      "local_observables": {
        "effective_4D_energy": 1.1
      }
    },
    {
      "causal_structure": {
        "note": "Positive energy in higher D does not map cleanly to 4D."
      },
      "coordinates": {
        "Lambda_higherD": 1.1,
        "dimension": 5
      },
      "curvature_invariants": {
        "kretschmann": null,
        "note": "Dimensional reduction proxy.",
        "ricci_scalar": null
      },
      "local_observables": {
        "effective_4D_energy": 0.8800000000000001
      }
    },
    {
      "causal_structure": {
        "note": "Positive energy in higher D does not map cleanly to 4D."
      },
      "coordinates": {
        "Lambda_higherD": 1.1,
        "dimension": 6
      },
      "curvature_invariants": {
        "kretschmann": null,
        "note": "Dimensional reduction proxy.",
        "ricci_scalar": null
      },
      "local_observables": {
        "effective_4D_energy": 0.7333333333333334
      }
    },
    {
      "causal_structure": {
        "note": "Positive energy in higher D does not map cleanly to 4D."
      },
      "coordinates": {
        "Lambda_higherD": 1.1,
        "dimension": 10
      },
      "curvature_invariants": {
        "kretschmann": null,
        "note": "Dimensional reduction proxy.",
        "ricci_scalar": null
      },
      "local_observables": {
        "effective_4D_energy": 0.44000000000000006
      }
    },
    {
      "causal_structure": {
        "note": "Positive energy in higher D does not map cleanly to 4D."
      },
      "coordinates": {
        "Lambda_higherD": 1.2000000000000002,
        "dimension": 4
      },
      "curvature_invariants": {
        "kretschmann": null,
        "note": "Dimensional reduction proxy.",
        "ricci_scalar": null
      },
      "local_observables": {
        "effective_4D_energy": 1.2000000000000002
      }
    },
    {
      "causal_structure": {
        "note": "Positive energy in higher D does not map cleanly to 4D."
      },
      "coordinates": {
        "Lambda_higherD": 1.2000000000000002,
        "dimension": 5
      },
      "curvature_invariants": {
        "kretschmann": null,
        "note": "Dimensional reduction proxy.",
        "ricci_scalar": null
      },
      "local_observables": {
        "effective_4D_energy": 0.9600000000000002
      }
    },
    {
      "causal_structure": {
        "note": "Positive energy in higher D does not map cleanly to 4D."
      },
      "coordinates": {
        "Lambda_higherD": 1.2000000000000002,
        "dimension": 6
      },
      "curvature_invariants": {
        "kretschmann": null,
        "note": "Dimensional reduction proxy.",
        "ricci_scalar": null
      },
      "local_observables": {
        "effective_4D_energy": 0.8
      }
    },
    {
      "causal_structure": {
        "note": "Positive energy in higher D does not map cleanly to 4D."
      },
      "coordinates": {
        "Lambda_higherD": 1.2000000000000002,
        "dimension": 10
      },
      "curvature_invariants": {
        "kretschmann": null,
        "note": "Dimensional reduction proxy.",
        "ricci_scalar": null
      },
      "local_observables": {
        "effective_4D_energy": 0.4800000000000001
      }
    },
    {
      "causal_structure": {
        "note": "Positive energy in higher D does not map cleanly to 4D."
      },
      "coordinates": {
        "Lambda_higherD": 1.3,
        "dimension": 4
      },
      "curvature_invariants": {
        "kretschmann": null,
        "note": "Dimensional reduction proxy.",
        "ricci_scalar": null
      },
      "local_observables": {
        "effective_4D_energy": 1.3
      }
    },
    {
      "causal_structure": {
        "note": "Positive energy in higher D does not map cleanly to 4D."
      },
      "coordinates": {
        "Lambda_higherD": 1.3,
        "dimension": 5
      },
      "curvature_invariants": {
        "kretschmann": null,
        "note": "Dimensional reduction proxy.",
        "ricci_scalar": null
      },
      "local_observables": {
        "effective_4D_energy": 1.04
      }
    },
    {
      "causal_structure": {
        "note": "Positive energy in higher D does not map cleanly to 4D."
      },
      "coordinates": {
        "Lambda_higherD": 1.3,
        "dimension": 6
      },
      "curvature_invariants": {
        "kretschmann": null,
        "note": "Dimensional reduction proxy.",
        "ricci_scalar": null
      },
      "local_observables": {
        "effective_4D_energy": 0.8666666666666667
      }
    },
    {
      "causal_structure": {
        "note": "Positive energy in higher D does not map cleanly to 4D."
      },
      "coordinates": {
        "Lambda_higherD": 1.3,
        "dimension": 10
      },
      "curvature_invariants": {
        "kretschmann": null,
        "note": "Dimensional reduction proxy.",
        "ricci_scalar": null
      },
      "local_observables": {
        "effective_4D_energy": 0.52
      }
    },
    {
      "causal_structure": {
        "note": "Positive energy in higher D does not map cleanly to 4D."
      },
      "coordinates": {
        "Lambda_higherD": 1.4000000000000001,
        "dimension": 4
      },
      "curvature_invariants": {
        "kretschmann": null,
        "note": "Dimensional reduction proxy.",
        "ricci_scalar": null
      },
      "local_observables": {
        "effective_4D_energy": 1.4000000000000001
      }
    },
    {
      "causal_structure": {
        "note": "Positive energy in higher D does not map cleanly to 4D."
      },
      "coordinates": {
        "Lambda_higherD": 1.4000000000000001,
        "dimension": 5
      },
      "curvature_invariants": {
        "kretschmann": null,
        "note": "Dimensional reduction proxy.",
        "ricci_scalar": null
      },
      "local_observables": {
        "effective_4D_energy": 1.12
      }
    },
    {
      "causal_structure": {
        "note": "Positive energy in higher D does not map cleanly to 4D."
      },
      "coordinates": {
        "Lambda_higherD": 1.4000000000000001,
        "dimension": 6
      },
      "curvature_invariants": {
        "kretschmann": null,
        "note": "Dimensional reduction proxy.",
        "ricci_scalar": null
      },
      "local_observables": {
        "effective_4D_energy": 0.9333333333333333
      }
    },
    {
      "causal_structure": {
        "note": "Positive energy in higher D does not map cleanly to 4D."
      },
      "coordinates": {
        "Lambda_higherD": 1.4000000000000001,
        "dimension": 10
      },
      "curvature_invariants": {
        "kretschmann": null,
        "note": "Dimensional reduction proxy.",
        "ricci_scalar": null
      },
      "local_observables": {
        "effective_4D_energy": 0.56
      }
    },
    {
      "causal_structure": {
        "note": "Positive energy in higher D does not map cleanly to 4D."
      },
      "coordinates": {
        "Lambda_higherD": 1.5,
        "dimension": 4
      },
      "curvature_invariants": {
        "kretschmann": null,
        "note": "Dimensional reduction proxy.",
        "ricci_scalar": null
      },
      "local_observables": {
        "effective_4D_energy": 1.5
      }
    },
    {
      "causal_structure": {
        "note": "Positive energy in higher D does not map cleanly to 4D."
      },
      "coordinates": {
        "Lambda_higherD": 1.5,
        "dimension": 5
      },
      "curvature_invariants": {
        "kretschmann": null,
        "note": "Dimensional reduction proxy.",
        "ricci_scalar": null
      },
      "local_observables": {
        "effective_4D_energy": 1.2000000000000002
      }
    },
    {
      "causal_structure": {
        "note": "Positive energy in higher D does not map cleanly to 4D."
      },
      "coordinates": {
        "Lambda_higherD": 1.5,
        "dimension": 6
      },
      "curvature_invariants": {
        "kretschmann": null,
        "note": "Dimensional reduction proxy.",
        "ricci_scalar": null
      },
      "local_observables": {
        "effective_4D_energy": 1.0
      }
    },
    {
      "causal_structure": {
        "note": "Positive energy in higher D does not map cleanly to 4D."
      },
      "coordinates": {
        "Lambda_higherD": 1.5,
        "dimension": 10
      },
      "curvature_invariants": {
        "kretschmann": null,
        "note": "Dimensional reduction proxy.",
        "ricci_scalar": null
      },
      "local_observables": {
        "effective_4D_energy": 0.6000000000000001
      }
    },
    {
      "causal_structure": {
        "note": "Positive energy in higher D does not map cleanly to 4D."
      },
      "coordinates": {
        "Lambda_higherD": 1.6,
        "dimension": 4
      },
      "curvature_invariants": {
        "kretschmann": null,
        "note": "Dimensional reduction proxy.",
        "ricci_scalar": null
      },
      "local_observables": {
        "effective_4D_energy": 1.6
      }
    },
    {
      "causal_structure": {
        "note": "Positive energy in higher D does not map cleanly to 4D."
      },
      "coordinates": {
        "Lambda_higherD": 1.6,
        "dimension": 5
      },
      "curvature_invariants": {
        "kretschmann": null,
        "note": "Dimensional reduction proxy.",
        "ricci_scalar": null
      },
      "local_observables": {
        "effective_4D_energy": 1.2800000000000002
      }
    },
    {
      "causal_structure": {
        "note": "Positive energy in higher D does not map cleanly to 4D."
      },
      "coordinates": {
        "Lambda_higherD": 1.6,
        "dimension": 6
      },
      "curvature_invariants": {
        "kretschmann": null,
        "note": "Dimensional reduction proxy.",
        "ricci_scalar": null
      },
      "local_observables": {
        "effective_4D_energy": 1.0666666666666667
      }
    },
    {
      "causal_structure": {
        "note": "Positive energy in higher D does not map cleanly to 4D."
      },
      "coordinates": {
        "Lambda_higherD": 1.6,
        "dimension": 10
      },
      "curvature_invariants": {
        "kretschmann": null,
        "note": "Dimensional reduction proxy.",
        "ricci_scalar": null
      },
      "local_observables": {
        "effective_4D_energy": 0.6400000000000001
      }
    },
    {
      "causal_structure": {
        "note": "Positive energy in higher D does not map cleanly to 4D."
      },
      "coordinates": {
        "Lambda_higherD": 1.7000000000000002,
        "dimension": 4
      },
      "curvature_invariants": {
        "kretschmann": null,
        "note": "Dimensional reduction proxy.",
        "ricci_scalar": null
      },
      "local_observables": {
        "effective_4D_energy": 1.7000000000000002
      }
    },
    {
      "causal_structure": {
        "note": "Positive energy in higher D does not map cleanly to 4D."
      },
      "coordinates": {
        "Lambda_higherD": 1.7000000000000002,
        "dimension": 5
      },
      "curvature_invariants": {
        "kretschmann": null,
        "note": "Dimensional reduction proxy.",
        "ricci_scalar": null
      },
      "local_observables": {
        "effective_4D_energy": 1.3600000000000003
      }
    },
    {
      "causal_structure": {
        "note": "Positive energy in higher D does not map cleanly to 4D."
      },
      "coordinates": {
        "Lambda_higherD": 1.7000000000000002,
        "dimension": 6
      },
      "curvature_invariants": {
        "kretschmann": null,
        "note": "Dimensional reduction proxy.",
        "ricci_scalar": null
      },
      "local_observables": {
        "effective_4D_energy": 1.1333333333333333
      }
    },
    {
      "causal_structure": {
        "note": "Positive energy in higher D does not map cleanly to 4D."
      },
      "coordinates": {
        "Lambda_higherD": 1.7000000000000002,
        "dimension": 10
      },
      "curvature_invariants": {
        "kretschmann": null,
        "note": "Dimensional reduction proxy.",
        "ricci_scalar": null
      },
      "local_observables": {
        "effective_4D_energy": 0.6800000000000002
      }
    },
    {
      "causal_structure": {
        "note": "Positive energy in higher D does not map cleanly to 4D."
      },
      "coordinates": {
        "Lambda_higherD": 1.8,
        "dimension": 4
      },
      "curvature_invariants": {
        "kretschmann": null,
        "note": "Dimensional reduction proxy.",
        "ricci_scalar": null
      },
      "local_observables": {
        "effective_4D_energy": 1.8
      }
    },
    {
      "causal_structure": {
        "note": "Positive energy in higher D does not map cleanly to 4D."
      },
      "coordinates": {
        "Lambda_higherD": 1.8,
        "dimension": 5
      },
      "curvature_invariants": {
        "kretschmann": null,
        "note": "Dimensional reduction proxy.",
        "ricci_scalar": null
      },
      "local_observables": {
        "effective_4D_energy": 1.4400000000000002
      }
    },
    {
      "causal_structure": {
        "note": "Positive energy in higher D does not map cleanly to 4D."
      },
      "coordinates": {
        "Lambda_higherD": 1.8,
        "dimension": 6
      },
      "curvature_invariants": {
        "kretschmann": null,
        "note": "Dimensional reduction proxy.",
        "ricci_scalar": null
      },
      "local_observables": {
        "effective_4D_energy": 1.2
      }
    },
    {
      "causal_structure": {
        "note": "Positive energy in higher D does not map cleanly to 4D."
      },
      "coordinates": {
        "Lambda_higherD": 1.8,
        "dimension": 10
      },
      "curvature_invariants": {
        "kretschmann": null,
        "note": "Dimensional reduction proxy.",
        "ricci_scalar": null
      },
      "local_observables": {
        "effective_4D_energy": 0.7200000000000001
      }
    },
    {
      "causal_structure": {
        "note": "Positive energy in higher D does not map cleanly to 4D."
      },
      "coordinates": {
        "Lambda_higherD": 1.9000000000000001,
        "dimension": 4
      },
      "curvature_invariants": {
        "kretschmann": null,
        "note": "Dimensional reduction proxy.",
        "ricci_scalar": null
      },
      "local_observables": {
        "effective_4D_energy": 1.9000000000000001
      }
    },
    {
      "causal_structure": {
        "note": "Positive energy in higher D does not map cleanly to 4D."
      },
      "coordinates": {
        "Lambda_higherD": 1.9000000000000001,
        "dimension": 5
      },
      "curvature_invariants": {
        "kretschmann": null,
        "note": "Dimensional reduction proxy.",
        "ricci_scalar": null
      },
      "local_observables": {
        "effective_4D_energy": 1.5200000000000002
      }
    },
    {
      "causal_structure": {
        "note": "Positive energy in higher D does not map cleanly to 4D."
      },
      "coordinates": {
        "Lambda_higherD": 1.9000000000000001,
        "dimension": 6
      },
      "curvature_invariants": {
        "kretschmann": null,
        "note": "Dimensional reduction proxy.",
        "ricci_scalar": null
      },
      "local_observables": {
        "effective_4D_energy": 1.2666666666666666
      }
    },
    {
      "causal_structure": {
        "note": "Positive energy in higher D does not map cleanly to 4D."
      },
      "coordinates": {
        "Lambda_higherD": 1.9000000000000001,
        "dimension": 10
      },
      "curvature_invariants": {
        "kretschmann": null,
        "note": "Dimensional reduction proxy.",
        "ricci_scalar": null
      },
      "local_observables": {
        "effective_4D_energy": 0.7600000000000001
      }
    },
    {
      "causal_structure": {
        "note": "Positive energy in higher D does not map cleanly to 4D."
      },
      "coordinates": {
        "Lambda_higherD": 2.0,
        "dimension": 4
      },
      "curvature_invariants": {
        "kretschmann": null,
        "note": "Dimensional reduction proxy.",
        "ricci_scalar": null
      },
      "local_observables": {
        "effective_4D_energy": 2.0
      }
    },
    {
      "causal_structure": {
        "note": "Positive energy in higher D does not map cleanly to 4D."
      },
      "coordinates": {
        "Lambda_higherD": 2.0,
        "dimension": 5
      },
      "curvature_invariants": {
        "kretschmann": null,
        "note": "Dimensional reduction proxy.",
        "ricci_scalar": null
      },
      "local_observables": {
        "effective_4D_energy": 1.6
      }
    },
    {
      "causal_structure": {
        "note": "Positive energy in higher D does not map cleanly to 4D."
      },
      "coordinates": {
        "Lambda_higherD": 2.0,
        "dimension": 6
      },
      "curvature_invariants": {
        "kretschmann": null,
        "note": "Dimensional reduction proxy.",
        "ricci_scalar": null
      },
      "local_observables": {
        "effective_4D_energy": 1.3333333333333333
      }
    },
    {
      "causal_structure": {
        "note": "Positive energy in higher D does not map cleanly to 4D."
      },
      "coordinates": {
        "Lambda_higherD": 2.0,
        "dimension": 10
      },
      "curvature_invariants": {
        "kretschmann": null,
        "note": "Dimensional reduction proxy.",
        "ricci_scalar": null
      },
      "local_observables": {
        "effective_4D_energy": 0.8
      }
    }
  ],
  "spacetime": "Effective dimensional reduction",
  "theory": "QFT/EFT: dimensional uplift mismatch",
  "toy_id": "088",
  "units": {
    "G": 1,
    "c": 1
  }
}