{
  "notes": {
    "pressure_point": "A deformation can satisfy linearized consistency conditions yet fail to integrate to any exact theory due to second-order (global/integrability) obstructions. Here: linearized Jacobi small but full Jacobi residual scales like \u03b5^2 with nonzero coefficient."
  },
  "observables": {
    "summary": {
      "estimated_second_order_obstruction_coeff": 738.0833333333334,
      "linearized_residual_proxy": 0.2499999975
    }
  },
  "parameters": {
    "eps_samples": [
      0.0001,
      0.0003,
      0.001,
      0.003,
      0.01
    ]
  },
  "sample_points": [
    {
      "causal_structure": {
        "note": "Linearized residual can be tiny while full residual is nonzero for \u03b5\u22600, indicating a second-order obstruction (linearization instability proxy)."
      },
      "coordinates": {
        "epsilon": 0.0001
      },
      "curvature_invariants": {
        "kretschmann": null,
        "note": "Algebraic proxy (no spacetime curvature).",
        "ricci_scalar": null
      },
      "local_observables": {
        "jacobi_residual_full": 2.4997500000000002e-05,
        "jacobi_residual_over_eps2": 2499.75,
        "linearized_residual_proxy": 0.2499999975
      }
    },
    {
      "causal_structure": {
        "note": "Linearized residual can be tiny while full residual is nonzero for \u03b5\u22600, indicating a second-order obstruction (linearization instability proxy)."
      },
      "coordinates": {
        "epsilon": 0.0003
      },
      "curvature_invariants": {
        "kretschmann": null,
        "note": "Algebraic proxy (no spacetime curvature).",
        "ricci_scalar": null
      },
      "local_observables": {
        "jacobi_residual_full": 7.497749999999999e-05,
        "jacobi_residual_over_eps2": 833.0833333333334,
        "linearized_residual_proxy": 0.2499999975
      }
    },
    {
      "causal_structure": {
        "note": "Linearized residual can be tiny while full residual is nonzero for \u03b5\u22600, indicating a second-order obstruction (linearization instability proxy)."
      },
      "coordinates": {
        "epsilon": 0.001
      },
      "curvature_invariants": {
        "kretschmann": null,
        "note": "Algebraic proxy (no spacetime curvature).",
        "ricci_scalar": null
      },
      "local_observables": {
        "jacobi_residual_full": 0.00024975,
        "jacobi_residual_over_eps2": 249.75000000000003,
        "linearized_residual_proxy": 0.2499999975
      }
    },
    {
      "causal_structure": {
        "note": "Linearized residual can be tiny while full residual is nonzero for \u03b5\u22600, indicating a second-order obstruction (linearization instability proxy)."
      },
      "coordinates": {
        "epsilon": 0.003
      },
      "curvature_invariants": {
        "kretschmann": null,
        "note": "Algebraic proxy (no spacetime curvature).",
        "ricci_scalar": null
      },
      "local_observables": {
        "jacobi_residual_full": 0.00074775,
        "jacobi_residual_over_eps2": 83.08333333333334,
        "linearized_residual_proxy": 0.2499999975
      }
    },
    {
      "causal_structure": {
        "note": "Linearized residual can be tiny while full residual is nonzero for \u03b5\u22600, indicating a second-order obstruction (linearization instability proxy)."
      },
      "coordinates": {
        "epsilon": 0.01
      },
      "curvature_invariants": {
        "kretschmann": null,
        "note": "Algebraic proxy (no spacetime curvature).",
        "ricci_scalar": null
      },
      "local_observables": {
        "jacobi_residual_full": 0.002475,
        "jacobi_residual_over_eps2": 24.75,
        "linearized_residual_proxy": 0.2499999975
      }
    }
  ],
  "spacetime": "Algebraic (symmetry/current algebra stand-in)",
  "theory": "Quantum Field Theory (toy): linearization instability / second-order obstruction proxy",
  "toy_id": "075",
  "units": {
    "G": 1,
    "c": 1
  }
}