{
  "notes": {
    "pressure_point": "Canonical and path-integral computations agree only once discretization and measure choices are fixed. Operational outputs can depend on the chosen formalism."
  },
  "observables": {
    "summary": {
      "Z_canonical": 0.4254590641196608,
      "max_abs_relative_error": 0.04000000000000004
    }
  },
  "parameters": {
    "N_slices": [
      5,
      10,
      20,
      50,
      100,
      200
    ],
    "beta": 2.0,
    "omega": 1.0
  },
  "sample_points": [
    {
      "causal_structure": {
        "note": "Formalism equivalence depends on discretization/measure"
      },
      "coordinates": {
        "N_slices": 5
      },
      "curvature_invariants": {
        "analogy": null
      },
      "local_observables": {
        "Z_canonical": 0.4254590641196608,
        "Z_path_integral_discrete": 0.44247742668444723,
        "relative_error": 0.04000000000000004
      }
    },
    {
      "causal_structure": {
        "note": "Formalism equivalence depends on discretization/measure"
      },
      "coordinates": {
        "N_slices": 10
      },
      "curvature_invariants": {
        "analogy": null
      },
      "local_observables": {
        "Z_canonical": 0.4254590641196608,
        "Z_path_integral_discrete": 0.4297136547608574,
        "relative_error": 0.009999999999999978
      }
    },
    {
      "causal_structure": {
        "note": "Formalism equivalence depends on discretization/measure"
      },
      "coordinates": {
        "N_slices": 20
      },
      "curvature_invariants": {
        "analogy": null
      },
      "local_observables": {
        "Z_canonical": 0.4254590641196608,
        "Z_path_integral_discrete": 0.42652271177995993,
        "relative_error": 0.0024999999999999944
      }
    },
    {
      "causal_structure": {
        "note": "Formalism equivalence depends on discretization/measure"
      },
      "coordinates": {
        "N_slices": 50
      },
      "curvature_invariants": {
        "analogy": null
      },
      "local_observables": {
        "Z_canonical": 0.4254590641196608,
        "Z_path_integral_discrete": 0.42562924774530864,
        "relative_error": 0.00039999999999998343
      }
    },
    {
      "causal_structure": {
        "note": "Formalism equivalence depends on discretization/measure"
      },
      "coordinates": {
        "N_slices": 100
      },
      "curvature_invariants": {
        "analogy": null
      },
      "local_observables": {
        "Z_canonical": 0.4254590641196608,
        "Z_path_integral_discrete": 0.42550161002607273,
        "relative_error": 9.999999999996325e-05
      }
    },
    {
      "causal_structure": {
        "note": "Formalism equivalence depends on discretization/measure"
      },
      "coordinates": {
        "N_slices": 200
      },
      "curvature_invariants": {
        "analogy": null
      },
      "local_observables": {
        "Z_canonical": 0.4254590641196608,
        "Z_path_integral_discrete": 0.42546970059626377,
        "relative_error": 2.4999999999990813e-05
      }
    }
  ],
  "spacetime": "Euclidean time circle",
  "theory": "Quantum Field Theory (formalism dependence proxy)",
  "toy_id": "060",
  "units": {
    "hbar": 1,
    "kB": 1
  }
}