{
  "notes": {
    "assumptions": [
      "Exact global U(1) symmetry",
      "Charge superselection enforced"
    ],
    "pressure_point": "Superselection rules forbid certain superpositions even though they are mathematically definable. The Hilbert space is partitioned by global charges."
  },
  "observables": {
    "failure_flags": {
      "arbitrary_superposition": false,
      "hilbert_space_fully_connected": false
    },
    "regime_classification": {
      "different_charge": "superselection_blocked",
      "same_charge": "quantum_interference_allowed"
    }
  },
  "parameters": {
    "charges": [
      -1,
      0,
      1
    ]
  },
  "sample_points": [
    {
      "causal_structure": {
        "quantum_superposition_allowed": true
      },
      "coordinates": {
        "charge_1": -1,
        "charge_2": -1
      },
      "curvature_invariants": {
        "global_charge_conserved": true
      },
      "local_observables": {
        "classical_mixture_allowed": true,
        "interference_amplitude": 1.0
      }
    },
    {
      "causal_structure": {
        "quantum_superposition_allowed": false
      },
      "coordinates": {
        "charge_1": -1,
        "charge_2": 0
      },
      "curvature_invariants": {
        "global_charge_conserved": true
      },
      "local_observables": {
        "classical_mixture_allowed": true,
        "interference_amplitude": 0.0
      }
    },
    {
      "causal_structure": {
        "quantum_superposition_allowed": false
      },
      "coordinates": {
        "charge_1": -1,
        "charge_2": 1
      },
      "curvature_invariants": {
        "global_charge_conserved": true
      },
      "local_observables": {
        "classical_mixture_allowed": true,
        "interference_amplitude": 0.0
      }
    },
    {
      "causal_structure": {
        "quantum_superposition_allowed": false
      },
      "coordinates": {
        "charge_1": 0,
        "charge_2": -1
      },
      "curvature_invariants": {
        "global_charge_conserved": true
      },
      "local_observables": {
        "classical_mixture_allowed": true,
        "interference_amplitude": 0.0
      }
    },
    {
      "causal_structure": {
        "quantum_superposition_allowed": true
      },
      "coordinates": {
        "charge_1": 0,
        "charge_2": 0
      },
      "curvature_invariants": {
        "global_charge_conserved": true
      },
      "local_observables": {
        "classical_mixture_allowed": true,
        "interference_amplitude": 1.0
      }
    },
    {
      "causal_structure": {
        "quantum_superposition_allowed": false
      },
      "coordinates": {
        "charge_1": 0,
        "charge_2": 1
      },
      "curvature_invariants": {
        "global_charge_conserved": true
      },
      "local_observables": {
        "classical_mixture_allowed": true,
        "interference_amplitude": 0.0
      }
    },
    {
      "causal_structure": {
        "quantum_superposition_allowed": false
      },
      "coordinates": {
        "charge_1": 1,
        "charge_2": -1
      },
      "curvature_invariants": {
        "global_charge_conserved": true
      },
      "local_observables": {
        "classical_mixture_allowed": true,
        "interference_amplitude": 0.0
      }
    },
    {
      "causal_structure": {
        "quantum_superposition_allowed": false
      },
      "coordinates": {
        "charge_1": 1,
        "charge_2": 0
      },
      "curvature_invariants": {
        "global_charge_conserved": true
      },
      "local_observables": {
        "classical_mixture_allowed": true,
        "interference_amplitude": 0.0
      }
    },
    {
      "causal_structure": {
        "quantum_superposition_allowed": true
      },
      "coordinates": {
        "charge_1": 1,
        "charge_2": 1
      },
      "curvature_invariants": {
        "global_charge_conserved": true
      },
      "local_observables": {
        "classical_mixture_allowed": true,
        "interference_amplitude": 1.0
      }
    }
  ],
  "spacetime": "Flat Minkowski (global charge sectors)",
  "theory": "Quantum Field Theory",
  "toy_id": "034",
  "units": {
    "c": 1,
    "hbar": 1
  }
}