{
  "notes": {
    "pressure_point": "Gauge constraints obstruct naive Hilbert-space factorization across a cut. Adding edge modes (boundary degrees of freedom) restores a consistent factorization and changes entanglement accounting."
  },
  "observables": {
    "summary": {
      "S_A_bulk_local_from_extended": 0.6931471805599454,
      "S_A_naive": 0.6931471805599454,
      "S_Aedge_extended": 0.6931471805599454,
      "trace_distance_naive_vs_extended_local": 0.0
    }
  },
  "parameters": {
    "constraint": "Z_edge = Z_A_bulk * Z_B_bulk (proxy Gauss law)",
    "state": "Bell state on bulks, embedded with edge charge"
  },
  "sample_points": [
    {
      "causal_structure": {
        "note": "Naive tracing ignores edge modes; factorization can be inconsistent."
      },
      "coordinates": {
        "construction": "naive_no_edge"
      },
      "curvature_invariants": {
        "kretschmann": null,
        "note": "Gauge/edge toy; no curvature.",
        "ricci_scalar": null
      },
      "local_observables": {
        "S_A": 0.6931471805599454,
        "rho_A_eigs": [
          0.4999999999999999,
          0.4999999999999999
        ]
      }
    },
    {
      "causal_structure": {
        "note": "Extended Hilbert space restores factorization by adding boundary edge mode."
      },
      "coordinates": {
        "construction": "extended_with_edge_keep_A_edge"
      },
      "curvature_invariants": {
        "kretschmann": null,
        "note": "Gauge/edge toy; no curvature.",
        "ricci_scalar": null
      },
      "local_observables": {
        "S_Aedge": 0.6931471805599454,
        "rho_Aedge_eigs": [
          0.0,
          0.0,
          0.4999999999999999,
          0.4999999999999999
        ]
      }
    },
    {
      "causal_structure": {
        "note": "Local reduced state depends on whether edge is handled; mismatch quantifies failure/fix."
      },
      "coordinates": {
        "construction": "extended_then_trace_edge_to_A_bulk"
      },
      "curvature_invariants": {
        "kretschmann": null,
        "note": "Gauge/edge toy; no curvature.",
        "ricci_scalar": null
      },
      "local_observables": {
        "S_A_bulk_local": 0.6931471805599454,
        "rho_A_bulk_local_eigs": [
          0.4999999999999999,
          0.4999999999999999
        ],
        "trace_distance_to_naive_rho_A": 0.0
      }
    }
  ],
  "spacetime": "Discrete gauge constraint proxy (finite Hilbert space)",
  "theory": "Quantum Field Theory (toy): edge modes / boundary terms restore factorization",
  "toy_id": "078",
  "units": {
    "G": 1,
    "c": 1
  }
}