{
  "notes": {
    "pressure_point": "In the continuum/large-volume limit, Bogoliubov-related vacua can become orthogonal, signaling inequivalent Hilbert-space representations and the boundary behind Haag-type obstructions."
  },
  "observables": {
    "summary": {
      "first_N_where_overlap_below_threshold_by_g": {
        "0.1": null,
        "0.2": null,
        "0.4": null,
        "0.8": null,
        "1.2": null
      }
    }
  },
  "parameters": {
    "N_samples": [
      10,
      25,
      50,
      100,
      200,
      400,
      800
    ],
    "g_samples": [
      0.1,
      0.2,
      0.4,
      0.8,
      1.2
    ],
    "k0_suppression_scale": 20.0,
    "overlap_definition": "|<0|0_g>| = \u03a0_k 1/sqrt(cosh r_k)",
    "overlap_min": 1e-06,
    "r_k_definition": "r_k = g / (1 + (k/k0)^2)"
  },
  "sample_points": [
    {
      "causal_structure": {
        "note": "As N increases (continuum/volume limit), overlap can vanish for fixed g, indicating inequivalent vacua/representations (Haag-type boundary)."
      },
      "coordinates": {
        "N_modes": 10,
        "g_strength": 0.1
      },
      "curvature_invariants": {
        "kretschmann": null,
        "note": "Fock-space representation proxy; no spacetime curvature.",
        "ricci_scalar": null
      },
      "local_observables": {
        "inequivalent_representation_proxy": false,
        "k0_suppression_scale": 20.0,
        "log_overlap": -0.021100242173920057,
        "overlap": 0.9791208104513807,
        "overlap_min_threshold": 1e-06
      }
    },
    {
      "causal_structure": {
        "note": "As N increases (continuum/volume limit), overlap can vanish for fixed g, indicating inequivalent vacua/representations (Haag-type boundary)."
      },
      "coordinates": {
        "N_modes": 10,
        "g_strength": 0.2
      },
      "curvature_invariants": {
        "kretschmann": null,
        "note": "Fock-space representation proxy; no spacetime curvature.",
        "ricci_scalar": null
      },
      "local_observables": {
        "inequivalent_representation_proxy": false,
        "k0_suppression_scale": 20.0,
        "log_overlap": -0.08404098888016281,
        "overlap": 0.919393570409903,
        "overlap_min_threshold": 1e-06
      }
    },
    {
      "causal_structure": {
        "note": "As N increases (continuum/volume limit), overlap can vanish for fixed g, indicating inequivalent vacua/representations (Haag-type boundary)."
      },
      "coordinates": {
        "N_modes": 10,
        "g_strength": 0.4
      },
      "curvature_invariants": {
        "kretschmann": null,
        "note": "Fock-space representation proxy; no spacetime curvature.",
        "ricci_scalar": null
      },
      "local_observables": {
        "inequivalent_representation_proxy": false,
        "k0_suppression_scale": 20.0,
        "log_overlap": -0.3305976125195357,
        "overlap": 0.7184942239611374,
        "overlap_min_threshold": 1e-06
      }
    },
    {
      "causal_structure": {
        "note": "As N increases (continuum/volume limit), overlap can vanish for fixed g, indicating inequivalent vacua/representations (Haag-type boundary)."
      },
      "coordinates": {
        "N_modes": 10,
        "g_strength": 0.8
      },
      "curvature_invariants": {
        "kretschmann": null,
        "note": "Fock-space representation proxy; no spacetime curvature.",
        "ricci_scalar": null
      },
      "local_observables": {
        "inequivalent_representation_proxy": false,
        "k0_suppression_scale": 20.0,
        "log_overlap": -1.2439322239173285,
        "overlap": 0.28824852875143797,
        "overlap_min_threshold": 1e-06
      }
    },
    {
      "causal_structure": {
        "note": "As N increases (continuum/volume limit), overlap can vanish for fixed g, indicating inequivalent vacua/representations (Haag-type boundary)."
      },
      "coordinates": {
        "N_modes": 10,
        "g_strength": 1.2
      },
      "curvature_invariants": {
        "kretschmann": null,
        "note": "Fock-space representation proxy; no spacetime curvature.",
        "ricci_scalar": null
      },
      "local_observables": {
        "inequivalent_representation_proxy": false,
        "k0_suppression_scale": 20.0,
        "log_overlap": -2.5670553352116574,
        "overlap": 0.07676124909731709,
        "overlap_min_threshold": 1e-06
      }
    },
    {
      "causal_structure": {
        "note": "As N increases (continuum/volume limit), overlap can vanish for fixed g, indicating inequivalent vacua/representations (Haag-type boundary)."
      },
      "coordinates": {
        "N_modes": 25,
        "g_strength": 0.1
      },
      "curvature_invariants": {
        "kretschmann": null,
        "note": "Fock-space representation proxy; no spacetime curvature.",
        "ricci_scalar": null
      },
      "local_observables": {
        "inequivalent_representation_proxy": false,
        "k0_suppression_scale": 20.0,
        "log_overlap": -0.033495516572550656,
        "overlap": 0.9670592469616565,
        "overlap_min_threshold": 1e-06
      }
    },
    {
      "causal_structure": {
        "note": "As N increases (continuum/volume limit), overlap can vanish for fixed g, indicating inequivalent vacua/representations (Haag-type boundary)."
      },
      "coordinates": {
        "N_modes": 25,
        "g_strength": 0.2
      },
      "curvature_invariants": {
        "kretschmann": null,
        "note": "Fock-space representation proxy; no spacetime curvature.",
        "ricci_scalar": null
      },
      "local_observables": {
        "inequivalent_representation_proxy": false,
        "k0_suppression_scale": 20.0,
        "log_overlap": -0.1335267712146085,
        "overlap": 0.8750040437430188,
        "overlap_min_threshold": 1e-06
      }
    },
    {
      "causal_structure": {
        "note": "As N increases (continuum/volume limit), overlap can vanish for fixed g, indicating inequivalent vacua/representations (Haag-type boundary)."
      },
      "coordinates": {
        "N_modes": 25,
        "g_strength": 0.4
      },
      "curvature_invariants": {
        "kretschmann": null,
        "note": "Fock-space representation proxy; no spacetime curvature.",
        "ricci_scalar": null
      },
      "local_observables": {
        "inequivalent_representation_proxy": false,
        "k0_suppression_scale": 20.0,
        "log_overlap": -0.5270415834347609,
        "overlap": 0.5903488867156296,
        "overlap_min_threshold": 1e-06
      }
    },
    {
      "causal_structure": {
        "note": "As N increases (continuum/volume limit), overlap can vanish for fixed g, indicating inequivalent vacua/representations (Haag-type boundary)."
      },
      "coordinates": {
        "N_modes": 25,
        "g_strength": 0.8
      },
      "curvature_invariants": {
        "kretschmann": null,
        "note": "Fock-space representation proxy; no spacetime curvature.",
        "ricci_scalar": null
      },
      "local_observables": {
        "inequivalent_representation_proxy": false,
        "k0_suppression_scale": 20.0,
        "log_overlap": -2.00724336131252,
        "overlap": 0.13435854259497787,
        "overlap_min_threshold": 1e-06
      }
    },
    {
      "causal_structure": {
        "note": "As N increases (continuum/volume limit), overlap can vanish for fixed g, indicating inequivalent vacua/representations (Haag-type boundary)."
      },
      "coordinates": {
        "N_modes": 25,
        "g_strength": 1.2
      },
      "curvature_invariants": {
        "kretschmann": null,
        "note": "Fock-space representation proxy; no spacetime curvature.",
        "ricci_scalar": null
      },
      "local_observables": {
        "inequivalent_representation_proxy": false,
        "k0_suppression_scale": 20.0,
        "log_overlap": -4.210477546223807,
        "overlap": 0.014839280203540382,
        "overlap_min_threshold": 1e-06
      }
    },
    {
      "causal_structure": {
        "note": "As N increases (continuum/volume limit), overlap can vanish for fixed g, indicating inequivalent vacua/representations (Haag-type boundary)."
      },
      "coordinates": {
        "N_modes": 50,
        "g_strength": 0.1
      },
      "curvature_invariants": {
        "kretschmann": null,
        "note": "Fock-space representation proxy; no spacetime curvature.",
        "ricci_scalar": null
      },
      "local_observables": {
        "inequivalent_representation_proxy": false,
        "k0_suppression_scale": 20.0,
        "log_overlap": -0.03711271516712295,
        "overlap": 0.9635675205537876,
        "overlap_min_threshold": 1e-06
      }
    },
    {
      "causal_structure": {
        "note": "As N increases (continuum/volume limit), overlap can vanish for fixed g, indicating inequivalent vacua/representations (Haag-type boundary)."
      },
      "coordinates": {
        "N_modes": 50,
        "g_strength": 0.2
      },
      "curvature_invariants": {
        "kretschmann": null,
        "note": "Fock-space representation proxy; no spacetime curvature.",
        "ricci_scalar": null
      },
      "local_observables": {
        "inequivalent_representation_proxy": false,
        "k0_suppression_scale": 20.0,
        "log_overlap": -0.14798989509072044,
        "overlap": 0.862439829774253,
        "overlap_min_threshold": 1e-06
      }
    },
    {
      "causal_structure": {
        "note": "As N increases (continuum/volume limit), overlap can vanish for fixed g, indicating inequivalent vacua/representations (Haag-type boundary)."
      },
      "coordinates": {
        "N_modes": 50,
        "g_strength": 0.4
      },
      "curvature_invariants": {
        "kretschmann": null,
        "note": "Fock-space representation proxy; no spacetime curvature.",
        "ricci_scalar": null
      },
      "local_observables": {
        "inequivalent_representation_proxy": false,
        "k0_suppression_scale": 20.0,
        "log_overlap": -0.5848036965123691,
        "overlap": 0.5572152343705834,
        "overlap_min_threshold": 1e-06
      }
    },
    {
      "causal_structure": {
        "note": "As N increases (continuum/volume limit), overlap can vanish for fixed g, indicating inequivalent vacua/representations (Haag-type boundary)."
      },
      "coordinates": {
        "N_modes": 50,
        "g_strength": 0.8
      },
      "curvature_invariants": {
        "kretschmann": null,
        "note": "Fock-space representation proxy; no spacetime curvature.",
        "ricci_scalar": null
      },
      "local_observables": {
        "inequivalent_representation_proxy": false,
        "k0_suppression_scale": 20.0,
        "log_overlap": -2.236867370385762,
        "overlap": 0.10679252234689389,
        "overlap_min_threshold": 1e-06
      }
    },
    {
      "causal_structure": {
        "note": "As N increases (continuum/volume limit), overlap can vanish for fixed g, indicating inequivalent vacua/representations (Haag-type boundary)."
      },
      "coordinates": {
        "N_modes": 50,
        "g_strength": 1.2
      },
      "curvature_invariants": {
        "kretschmann": null,
        "note": "Fock-space representation proxy; no spacetime curvature.",
        "ricci_scalar": null
      },
      "local_observables": {
        "inequivalent_representation_proxy": false,
        "k0_suppression_scale": 20.0,
        "log_overlap": -4.721955823568959,
        "overlap": 0.00889775907237677,
        "overlap_min_threshold": 1e-06
      }
    },
    {
      "causal_structure": {
        "note": "As N increases (continuum/volume limit), overlap can vanish for fixed g, indicating inequivalent vacua/representations (Haag-type boundary)."
      },
      "coordinates": {
        "N_modes": 100,
        "g_strength": 0.1
      },
      "curvature_invariants": {
        "kretschmann": null,
        "note": "Fock-space representation proxy; no spacetime curvature.",
        "ricci_scalar": null
      },
      "local_observables": {
        "inequivalent_representation_proxy": false,
        "k0_suppression_scale": 20.0,
        "log_overlap": -0.037855806193197096,
        "overlap": 0.9628517681437795,
        "overlap_min_threshold": 1e-06
      }
    },
    {
      "causal_structure": {
        "note": "As N increases (continuum/volume limit), overlap can vanish for fixed g, indicating inequivalent vacua/representations (Haag-type boundary)."
      },
      "coordinates": {
        "N_modes": 100,
        "g_strength": 0.2
      },
      "curvature_invariants": {
        "kretschmann": null,
        "note": "Fock-space representation proxy; no spacetime curvature.",
        "ricci_scalar": null
      },
      "local_observables": {
        "inequivalent_representation_proxy": false,
        "k0_suppression_scale": 20.0,
        "log_overlap": -0.15096212222756428,
        "overlap": 0.8598802683914952,
        "overlap_min_threshold": 1e-06
      }
    },
    {
      "causal_structure": {
        "note": "As N increases (continuum/volume limit), overlap can vanish for fixed g, indicating inequivalent vacua/representations (Haag-type boundary)."
      },
      "coordinates": {
        "N_modes": 100,
        "g_strength": 0.4
      },
      "curvature_invariants": {
        "kretschmann": null,
        "note": "Fock-space representation proxy; no spacetime curvature.",
        "ricci_scalar": null
      },
      "local_observables": {
        "inequivalent_representation_proxy": false,
        "k0_suppression_scale": 20.0,
        "log_overlap": -0.5966904146203128,
        "overlap": 0.5506309840440701,
        "overlap_min_threshold": 1e-06
      }
    },
    {
      "causal_structure": {
        "note": "As N increases (continuum/volume limit), overlap can vanish for fixed g, indicating inequivalent vacua/representations (Haag-type boundary)."
      },
      "coordinates": {
        "N_modes": 100,
        "g_strength": 0.8
      },
      "curvature_invariants": {
        "kretschmann": null,
        "note": "Fock-space representation proxy; no spacetime curvature.",
        "ricci_scalar": null
      },
      "local_observables": {
        "inequivalent_representation_proxy": false,
        "k0_suppression_scale": 20.0,
        "log_overlap": -2.284379262162704,
        "overlap": 0.10183725672910603,
        "overlap_min_threshold": 1e-06
      }
    },
    {
      "causal_structure": {
        "note": "As N increases (continuum/volume limit), overlap can vanish for fixed g, indicating inequivalent vacua/representations (Haag-type boundary)."
      },
      "coordinates": {
        "N_modes": 100,
        "g_strength": 1.2
      },
      "curvature_invariants": {
        "kretschmann": null,
        "note": "Fock-space representation proxy; no spacetime curvature.",
        "ricci_scalar": null
      },
      "local_observables": {
        "inequivalent_representation_proxy": false,
        "k0_suppression_scale": 20.0,
        "log_overlap": -4.828726930592829,
        "overlap": 0.007996695136496508,
        "overlap_min_threshold": 1e-06
      }
    },
    {
      "causal_structure": {
        "note": "As N increases (continuum/volume limit), overlap can vanish for fixed g, indicating inequivalent vacua/representations (Haag-type boundary)."
      },
      "coordinates": {
        "N_modes": 200,
        "g_strength": 0.1
      },
      "curvature_invariants": {
        "kretschmann": null,
        "note": "Fock-space representation proxy; no spacetime curvature.",
        "ricci_scalar": null
      },
      "local_observables": {
        "inequivalent_representation_proxy": false,
        "k0_suppression_scale": 20.0,
        "log_overlap": -0.03796481883791206,
        "overlap": 0.9627468108470059,
        "overlap_min_threshold": 1e-06
      }
    },
    {
      "causal_structure": {
        "note": "As N increases (continuum/volume limit), overlap can vanish for fixed g, indicating inequivalent vacua/representations (Haag-type boundary)."
      },
      "coordinates": {
        "N_modes": 200,
        "g_strength": 0.2
      },
      "curvature_invariants": {
        "kretschmann": null,
        "note": "Fock-space representation proxy; no spacetime curvature.",
        "ricci_scalar": null
      },
      "local_observables": {
        "inequivalent_representation_proxy": false,
        "k0_suppression_scale": 20.0,
        "log_overlap": -0.15139817125561653,
        "overlap": 0.8595054001726228,
        "overlap_min_threshold": 1e-06
      }
    },
    {
      "causal_structure": {
        "note": "As N increases (continuum/volume limit), overlap can vanish for fixed g, indicating inequivalent vacua/representations (Haag-type boundary)."
      },
      "coordinates": {
        "N_modes": 200,
        "g_strength": 0.4
      },
      "curvature_invariants": {
        "kretschmann": null,
        "note": "Fock-space representation proxy; no spacetime curvature.",
        "ricci_scalar": null
      },
      "local_observables": {
        "inequivalent_representation_proxy": false,
        "k0_suppression_scale": 20.0,
        "log_overlap": -0.5984345859205006,
        "overlap": 0.549671426344465,
        "overlap_min_threshold": 1e-06
      }
    },
    {
      "causal_structure": {
        "note": "As N increases (continuum/volume limit), overlap can vanish for fixed g, indicating inequivalent vacua/representations (Haag-type boundary)."
      },
      "coordinates": {
        "N_modes": 200,
        "g_strength": 0.8
      },
      "curvature_invariants": {
        "kretschmann": null,
        "note": "Fock-space representation proxy; no spacetime curvature.",
        "ricci_scalar": null
      },
      "local_observables": {
        "inequivalent_representation_proxy": false,
        "k0_suppression_scale": 20.0,
        "log_overlap": -2.291355550430312,
        "overlap": 0.10112928305533661,
        "overlap_min_threshold": 1e-06
      }
    },
    {
      "causal_structure": {
        "note": "As N increases (continuum/volume limit), overlap can vanish for fixed g, indicating inequivalent vacua/representations (Haag-type boundary)."
      },
      "coordinates": {
        "N_modes": 200,
        "g_strength": 1.2
      },
      "curvature_invariants": {
        "kretschmann": null,
        "note": "Fock-space representation proxy; no spacetime curvature.",
        "ricci_scalar": null
      },
      "local_observables": {
        "inequivalent_representation_proxy": false,
        "k0_suppression_scale": 20.0,
        "log_overlap": -4.844422091168953,
        "overlap": 0.007872165534654191,
        "overlap_min_threshold": 1e-06
      }
    },
    {
      "causal_structure": {
        "note": "As N increases (continuum/volume limit), overlap can vanish for fixed g, indicating inequivalent vacua/representations (Haag-type boundary)."
      },
      "coordinates": {
        "N_modes": 400,
        "g_strength": 0.1
      },
      "curvature_invariants": {
        "kretschmann": null,
        "note": "Fock-space representation proxy; no spacetime curvature.",
        "ricci_scalar": null
      },
      "local_observables": {
        "inequivalent_representation_proxy": false,
        "k0_suppression_scale": 20.0,
        "log_overlap": -0.0379790961523438,
        "overlap": 0.9627330655061928,
        "overlap_min_threshold": 1e-06
      }
    },
    {
      "causal_structure": {
        "note": "As N increases (continuum/volume limit), overlap can vanish for fixed g, indicating inequivalent vacua/representations (Haag-type boundary)."
      },
      "coordinates": {
        "N_modes": 400,
        "g_strength": 0.2
      },
      "curvature_invariants": {
        "kretschmann": null,
        "note": "Fock-space representation proxy; no spacetime curvature.",
        "ricci_scalar": null
      },
      "local_observables": {
        "inequivalent_representation_proxy": false,
        "k0_suppression_scale": 20.0,
        "log_overlap": -0.15145528049984125,
        "overlap": 0.8594563158704089,
        "overlap_min_threshold": 1e-06
      }
    },
    {
      "causal_structure": {
        "note": "As N increases (continuum/volume limit), overlap can vanish for fixed g, indicating inequivalent vacua/representations (Haag-type boundary)."
      },
      "coordinates": {
        "N_modes": 400,
        "g_strength": 0.4
      },
      "curvature_invariants": {
        "kretschmann": null,
        "note": "Fock-space representation proxy; no spacetime curvature.",
        "ricci_scalar": null
      },
      "local_observables": {
        "inequivalent_representation_proxy": false,
        "k0_suppression_scale": 20.0,
        "log_overlap": -0.5986630226813724,
        "overlap": 0.5495458755250443,
        "overlap_min_threshold": 1e-06
      }
    },
    {
      "causal_structure": {
        "note": "As N increases (continuum/volume limit), overlap can vanish for fixed g, indicating inequivalent vacua/representations (Haag-type boundary)."
      },
      "coordinates": {
        "N_modes": 400,
        "g_strength": 0.8
      },
      "curvature_invariants": {
        "kretschmann": null,
        "note": "Fock-space representation proxy; no spacetime curvature.",
        "ricci_scalar": null
      },
      "local_observables": {
        "inequivalent_representation_proxy": false,
        "k0_suppression_scale": 20.0,
        "log_overlap": -2.292269294017394,
        "overlap": 0.10103691902642456,
        "overlap_min_threshold": 1e-06
      }
    },
    {
      "causal_structure": {
        "note": "As N increases (continuum/volume limit), overlap can vanish for fixed g, indicating inequivalent vacua/representations (Haag-type boundary)."
      },
      "coordinates": {
        "N_modes": 400,
        "g_strength": 1.2
      },
      "curvature_invariants": {
        "kretschmann": null,
        "note": "Fock-space representation proxy; no spacetime curvature.",
        "ricci_scalar": null
      },
      "local_observables": {
        "inequivalent_representation_proxy": false,
        "k0_suppression_scale": 20.0,
        "log_overlap": -4.846478001278628,
        "overlap": 0.007855997695453297,
        "overlap_min_threshold": 1e-06
      }
    },
    {
      "causal_structure": {
        "note": "As N increases (continuum/volume limit), overlap can vanish for fixed g, indicating inequivalent vacua/representations (Haag-type boundary)."
      },
      "coordinates": {
        "N_modes": 800,
        "g_strength": 0.1
      },
      "curvature_invariants": {
        "kretschmann": null,
        "note": "Fock-space representation proxy; no spacetime curvature.",
        "ricci_scalar": null
      },
      "local_observables": {
        "inequivalent_representation_proxy": false,
        "k0_suppression_scale": 20.0,
        "log_overlap": -0.0379809057574866,
        "overlap": 0.9627313233410626,
        "overlap_min_threshold": 1e-06
      }
    },
    {
      "causal_structure": {
        "note": "As N increases (continuum/volume limit), overlap can vanish for fixed g, indicating inequivalent vacua/representations (Haag-type boundary)."
      },
      "coordinates": {
        "N_modes": 800,
        "g_strength": 0.2
      },
      "curvature_invariants": {
        "kretschmann": null,
        "note": "Fock-space representation proxy; no spacetime curvature.",
        "ricci_scalar": null
      },
      "local_observables": {
        "inequivalent_representation_proxy": false,
        "k0_suppression_scale": 20.0,
        "log_overlap": -0.1514625189203027,
        "overlap": 0.8594500947867418,
        "overlap_min_threshold": 1e-06
      }
    },
    {
      "causal_structure": {
        "note": "As N increases (continuum/volume limit), overlap can vanish for fixed g, indicating inequivalent vacua/representations (Haag-type boundary)."
      },
      "coordinates": {
        "N_modes": 800,
        "g_strength": 0.4
      },
      "curvature_invariants": {
        "kretschmann": null,
        "note": "Fock-space representation proxy; no spacetime curvature.",
        "ricci_scalar": null
      },
      "local_observables": {
        "inequivalent_representation_proxy": false,
        "k0_suppression_scale": 20.0,
        "log_overlap": -0.5986919763614754,
        "overlap": 0.5495299643799066,
        "overlap_min_threshold": 1e-06
      }
    },
    {
      "causal_structure": {
        "note": "As N increases (continuum/volume limit), overlap can vanish for fixed g, indicating inequivalent vacua/representations (Haag-type boundary)."
      },
      "coordinates": {
        "N_modes": 800,
        "g_strength": 0.8
      },
      "curvature_invariants": {
        "kretschmann": null,
        "note": "Fock-space representation proxy; no spacetime curvature.",
        "ricci_scalar": null
      },
      "local_observables": {
        "inequivalent_representation_proxy": false,
        "k0_suppression_scale": 20.0,
        "log_overlap": -2.292385108709929,
        "overlap": 0.10102521814429295,
        "overlap_min_threshold": 1e-06
      }
    },
    {
      "causal_structure": {
        "note": "As N increases (continuum/volume limit), overlap can vanish for fixed g, indicating inequivalent vacua/representations (Haag-type boundary)."
      },
      "coordinates": {
        "N_modes": 800,
        "g_strength": 1.2
      },
      "curvature_invariants": {
        "kretschmann": null,
        "note": "Fock-space representation proxy; no spacetime curvature.",
        "ricci_scalar": null
      },
      "local_observables": {
        "inequivalent_representation_proxy": false,
        "k0_suppression_scale": 20.0,
        "log_overlap": -4.84673858423228,
        "overlap": 0.007853950823071545,
        "overlap_min_threshold": 1e-06
      }
    }
  ],
  "spacetime": "Mode space (Fock representation proxy)",
  "theory": "Quantum Field Theory (toy): inequivalent vacua via Bogoliubov overlap collapse",
  "toy_id": "093",
  "units": {
    "G": 1,
    "c": 1
  }
}