{
  "notes": {
    "pressure_point": "Correlation functions of non-commuting observables depend on time ordering. In relativistic settings, time ordering is frame-dependent."
  },
  "observables": {
    "summary": {
      "ordering_gap": 0.0
    }
  },
  "parameters": {},
  "sample_points": [
    {
      "causal_structure": {
        "note": "Time ordering of non-commuting operators is not invariant"
      },
      "coordinates": {
        "ordering": "comparison"
      },
      "curvature_invariants": {
        "analogy": null
      },
      "local_observables": {
        "difference": 0.0,
        "time_order_A_then_B": 0.0,
        "time_order_B_then_A": 0.0
      }
    }
  ],
  "spacetime": "Two-level system",
  "theory": "Quantum Field Theory (time-ordering ambiguity)",
  "toy_id": "059",
  "units": {
    "hbar": 1
  }
}