{
  "notes": {
    "assumptions": [
      "Free real scalar field",
      "Periodic boundary conditions",
      "Vacuum state defined by finite-volume modes"
    ],
    "pressure_point": "Vacuum correlations depend on global boundary conditions. There is no strictly local definition of the vacuum independent of IR structure."
  },
  "observables": {
    "comparison": "Correlator value varies with box size L at fixed separation x."
  },
  "parameters": {
    "box_lengths": [
      10.0,
      20.0,
      40.0
    ],
    "mass": 1.0,
    "mode_cutoff_n_max": 200
  },
  "sample_points": [
    {
      "causal_structure": {
        "boundary_conditions": "periodic",
        "global_topology": "S1"
      },
      "coordinates": {
        "box_length_L": 10.0,
        "x": 1.0
      },
      "curvature_invariants": {
        "infrared_scale_1_over_L": 0.1,
        "mode_cutoff_n_max": 200
      },
      "local_observables": {
        "equal_time_correlator_G": 0.06740467516360987
      }
    },
    {
      "causal_structure": {
        "boundary_conditions": "periodic",
        "global_topology": "S1"
      },
      "coordinates": {
        "box_length_L": 20.0,
        "x": 1.0
      },
      "curvature_invariants": {
        "infrared_scale_1_over_L": 0.05,
        "mode_cutoff_n_max": 200
      },
      "local_observables": {
        "equal_time_correlator_G": 0.06736538646370904
      }
    },
    {
      "causal_structure": {
        "boundary_conditions": "periodic",
        "global_topology": "S1"
      },
      "coordinates": {
        "box_length_L": 40.0,
        "x": 1.0
      },
      "curvature_invariants": {
        "infrared_scale_1_over_L": 0.025,
        "mode_cutoff_n_max": 200
      },
      "local_observables": {
        "equal_time_correlator_G": 0.0672454185662199
      }
    }
  ],
  "spacetime": "Flat Minkowski (1+1D, compact spatial dimension)",
  "theory": "Quantum Field Theory",
  "toy_id": "003",
  "units": {
    "c": 1,
    "hbar": 1
  }
}