{
  "notes": {
    "assumptions": [
      "Free real scalar field",
      "Vacuum state",
      "Momentum cutoff regulator",
      "No interactions, no renormalization"
    ],
    "pressure_point": "Vacuum correlators require a UV regulator; local quantities diverge as cutoff increases. Microcausality is only recovered in the continuum limit."
  },
  "observables": {
    "microcausality_test": "Commutator should vanish for spacelike separation as cutoff \u2192 \u221e",
    "uv_sensitivity": "Coincident-point correlator diverges with cutoff"
  },
  "parameters": {
    "cutoff_Lambda": 20.0,
    "dk": 0.02,
    "mass": 1.0
  },
  "sample_points": [
    {
      "causal_structure": {
        "commutator_Delta": 0.0,
        "interval_t2_minus_x2": 0.0,
        "spacelike": false
      },
      "coordinates": {
        "momentum": null,
        "t": 0.0,
        "x": 0.0
      },
      "curvature_invariants": {
        "cutoff_Lambda": 20.0,
        "dk": 0.02
      },
      "local_observables": {
        "coincident_limit_defined": false,
        "wightman_function_G": 0.5872822432787588
      }
    },
    {
      "causal_structure": {
        "commutator_Delta": 0.0,
        "interval_t2_minus_x2": -1.0,
        "spacelike": true
      },
      "coordinates": {
        "momentum": null,
        "t": 0.0,
        "x": 1.0
      },
      "curvature_invariants": {
        "cutoff_Lambda": 20.0,
        "dk": 0.02
      },
      "local_observables": {
        "coincident_limit_defined": true,
        "wightman_function_G": 0.07410170939148177
      }
    },
    {
      "causal_structure": {
        "commutator_Delta": 0.0,
        "interval_t2_minus_x2": 1.0,
        "spacelike": false
      },
      "coordinates": {
        "momentum": null,
        "t": 1.0,
        "x": 0.0
      },
      "curvature_invariants": {
        "cutoff_Lambda": 20.0,
        "dk": 0.02
      },
      "local_observables": {
        "coincident_limit_defined": true,
        "wightman_function_G": -0.014877076851720974
      }
    },
    {
      "causal_structure": {
        "commutator_Delta": 4.858283914055406e-15,
        "interval_t2_minus_x2": -1.25,
        "spacelike": true
      },
      "coordinates": {
        "momentum": null,
        "t": 1.0,
        "x": 1.5
      },
      "curvature_invariants": {
        "cutoff_Lambda": 20.0,
        "dk": 0.02
      },
      "local_observables": {
        "coincident_limit_defined": true,
        "wightman_function_G": 0.05290481690858784
      }
    },
    {
      "causal_structure": {
        "commutator_Delta": -3.4177348451347457e-15,
        "interval_t2_minus_x2": 3.0,
        "spacelike": false
      },
      "coordinates": {
        "momentum": null,
        "t": 2.0,
        "x": 1.0
      },
      "curvature_invariants": {
        "cutoff_Lambda": 20.0,
        "dk": 0.02
      },
      "local_observables": {
        "coincident_limit_defined": true,
        "wightman_function_G": -0.11205340753223679
      }
    }
  ],
  "spacetime": "Flat Minkowski (1+1D)",
  "theory": "Quantum Field Theory",
  "toy_id": "001",
  "units": {
    "c": 1,
    "hbar": 1
  }
}