{
  "notes": {
    "pressure_point": "Chaos diagnostics extracted from OTOCs depend on UV cutoff (Hilbert-space dimension). Early-time growth, saturation scale, and inferred exponents are regulator dependent."
  },
  "observables": {
    "summary": {
      "10": {
        "D": 21,
        "early_time_growth_rate_fit": null,
        "saturation_value": -36.66666666666656,
        "time_to_saturation": 1
      },
      "20": {
        "D": 41,
        "early_time_growth_rate_fit": null,
        "saturation_value": -140.0,
        "time_to_saturation": 0
      },
      "40": {
        "D": 81,
        "early_time_growth_rate_fit": null,
        "saturation_value": -546.6666666666663,
        "time_to_saturation": 0
      }
    }
  },
  "parameters": {
    "J_cutoffs": [
      10,
      20,
      40
    ],
    "fit_window": [
      2,
      6
    ],
    "kappa": 3.0,
    "t_max": 30
  },
  "sample_points": [
    {
      "causal_structure": {
        "note": "Operator growth diagnostics depend on finite-dimensional cutoff."
      },
      "coordinates": {
        "J_cutoff": 10,
        "t": 0
      },
      "curvature_invariants": {
        "kretschmann": null,
        "note": "QFT toy; no spacetime curvature.",
        "ricci_scalar": null
      },
      "local_observables": {
        "OTOC": -36.66666666666668
      }
    },
    {
      "causal_structure": {
        "note": "Operator growth diagnostics depend on finite-dimensional cutoff."
      },
      "coordinates": {
        "J_cutoff": 10,
        "t": 1
      },
      "curvature_invariants": {
        "kretschmann": null,
        "note": "QFT toy; no spacetime curvature.",
        "ricci_scalar": null
      },
      "local_observables": {
        "OTOC": -36.66666666666656
      }
    },
    {
      "causal_structure": {
        "note": "Operator growth diagnostics depend on finite-dimensional cutoff."
      },
      "coordinates": {
        "J_cutoff": 10,
        "t": 2
      },
      "curvature_invariants": {
        "kretschmann": null,
        "note": "QFT toy; no spacetime curvature.",
        "ricci_scalar": null
      },
      "local_observables": {
        "OTOC": -443.1952618576414
      }
    },
    {
      "causal_structure": {
        "note": "Operator growth diagnostics depend on finite-dimensional cutoff."
      },
      "coordinates": {
        "J_cutoff": 10,
        "t": 3
      },
      "curvature_invariants": {
        "kretschmann": null,
        "note": "QFT toy; no spacetime curvature.",
        "ricci_scalar": null
      },
      "local_observables": {
        "OTOC": -2368.8426845020012
      }
    },
    {
      "causal_structure": {
        "note": "Operator growth diagnostics depend on finite-dimensional cutoff."
      },
      "coordinates": {
        "J_cutoff": 10,
        "t": 4
      },
      "curvature_invariants": {
        "kretschmann": null,
        "note": "QFT toy; no spacetime curvature.",
        "ricci_scalar": null
      },
      "local_observables": {
        "OTOC": -3009.699863541601
      }
    },
    {
      "causal_structure": {
        "note": "Operator growth diagnostics depend on finite-dimensional cutoff."
      },
      "coordinates": {
        "J_cutoff": 10,
        "t": 5
      },
      "curvature_invariants": {
        "kretschmann": null,
        "note": "QFT toy; no spacetime curvature.",
        "ricci_scalar": null
      },
      "local_observables": {
        "OTOC": -2349.9688272511285
      }
    },
    {
      "causal_structure": {
        "note": "Operator growth diagnostics depend on finite-dimensional cutoff."
      },
      "coordinates": {
        "J_cutoff": 10,
        "t": 6
      },
      "curvature_invariants": {
        "kretschmann": null,
        "note": "QFT toy; no spacetime curvature.",
        "ricci_scalar": null
      },
      "local_observables": {
        "OTOC": -2494.036912652217
      }
    },
    {
      "causal_structure": {
        "note": "Operator growth diagnostics depend on finite-dimensional cutoff."
      },
      "coordinates": {
        "J_cutoff": 10,
        "t": 7
      },
      "curvature_invariants": {
        "kretschmann": null,
        "note": "QFT toy; no spacetime curvature.",
        "ricci_scalar": null
      },
      "local_observables": {
        "OTOC": -2804.850047545828
      }
    },
    {
      "causal_structure": {
        "note": "Operator growth diagnostics depend on finite-dimensional cutoff."
      },
      "coordinates": {
        "J_cutoff": 10,
        "t": 8
      },
      "curvature_invariants": {
        "kretschmann": null,
        "note": "QFT toy; no spacetime curvature.",
        "ricci_scalar": null
      },
      "local_observables": {
        "OTOC": -2605.4219502758174
      }
    },
    {
      "causal_structure": {
        "note": "Operator growth diagnostics depend on finite-dimensional cutoff."
      },
      "coordinates": {
        "J_cutoff": 10,
        "t": 9
      },
      "curvature_invariants": {
        "kretschmann": null,
        "note": "QFT toy; no spacetime curvature.",
        "ricci_scalar": null
      },
      "local_observables": {
        "OTOC": -2389.1016808011664
      }
    },
    {
      "causal_structure": {
        "note": "Operator growth diagnostics depend on finite-dimensional cutoff."
      },
      "coordinates": {
        "J_cutoff": 10,
        "t": 10
      },
      "curvature_invariants": {
        "kretschmann": null,
        "note": "QFT toy; no spacetime curvature.",
        "ricci_scalar": null
      },
      "local_observables": {
        "OTOC": -2720.8031426152534
      }
    },
    {
      "causal_structure": {
        "note": "Operator growth diagnostics depend on finite-dimensional cutoff."
      },
      "coordinates": {
        "J_cutoff": 10,
        "t": 11
      },
      "curvature_invariants": {
        "kretschmann": null,
        "note": "QFT toy; no spacetime curvature.",
        "ricci_scalar": null
      },
      "local_observables": {
        "OTOC": -2433.8787085628337
      }
    },
    {
      "causal_structure": {
        "note": "Operator growth diagnostics depend on finite-dimensional cutoff."
      },
      "coordinates": {
        "J_cutoff": 10,
        "t": 12
      },
      "curvature_invariants": {
        "kretschmann": null,
        "note": "QFT toy; no spacetime curvature.",
        "ricci_scalar": null
      },
      "local_observables": {
        "OTOC": -2324.5657119892935
      }
    },
    {
      "causal_structure": {
        "note": "Operator growth diagnostics depend on finite-dimensional cutoff."
      },
      "coordinates": {
        "J_cutoff": 10,
        "t": 13
      },
      "curvature_invariants": {
        "kretschmann": null,
        "note": "QFT toy; no spacetime curvature.",
        "ricci_scalar": null
      },
      "local_observables": {
        "OTOC": -2467.5792754978165
      }
    },
    {
      "causal_structure": {
        "note": "Operator growth diagnostics depend on finite-dimensional cutoff."
      },
      "coordinates": {
        "J_cutoff": 10,
        "t": 14
      },
      "curvature_invariants": {
        "kretschmann": null,
        "note": "QFT toy; no spacetime curvature.",
        "ricci_scalar": null
      },
      "local_observables": {
        "OTOC": -2414.2664213891517
      }
    },
    {
      "causal_structure": {
        "note": "Operator growth diagnostics depend on finite-dimensional cutoff."
      },
      "coordinates": {
        "J_cutoff": 10,
        "t": 15
      },
      "curvature_invariants": {
        "kretschmann": null,
        "note": "QFT toy; no spacetime curvature.",
        "ricci_scalar": null
      },
      "local_observables": {
        "OTOC": -2332.181665954099
      }
    },
    {
      "causal_structure": {
        "note": "Operator growth diagnostics depend on finite-dimensional cutoff."
      },
      "coordinates": {
        "J_cutoff": 10,
        "t": 16
      },
      "curvature_invariants": {
        "kretschmann": null,
        "note": "QFT toy; no spacetime curvature.",
        "ricci_scalar": null
      },
      "local_observables": {
        "OTOC": -2110.32724442163
      }
    },
    {
      "causal_structure": {
        "note": "Operator growth diagnostics depend on finite-dimensional cutoff."
      },
      "coordinates": {
        "J_cutoff": 10,
        "t": 17
      },
      "curvature_invariants": {
        "kretschmann": null,
        "note": "QFT toy; no spacetime curvature.",
        "ricci_scalar": null
      },
      "local_observables": {
        "OTOC": -2037.9219796993043
      }
    },
    {
      "causal_structure": {
        "note": "Operator growth diagnostics depend on finite-dimensional cutoff."
      },
      "coordinates": {
        "J_cutoff": 10,
        "t": 18
      },
      "curvature_invariants": {
        "kretschmann": null,
        "note": "QFT toy; no spacetime curvature.",
        "ricci_scalar": null
      },
      "local_observables": {
        "OTOC": -2175.212112533254
      }
    },
    {
      "causal_structure": {
        "note": "Operator growth diagnostics depend on finite-dimensional cutoff."
      },
      "coordinates": {
        "J_cutoff": 10,
        "t": 19
      },
      "curvature_invariants": {
        "kretschmann": null,
        "note": "QFT toy; no spacetime curvature.",
        "ricci_scalar": null
      },
      "local_observables": {
        "OTOC": -2747.051919330756
      }
    },
    {
      "causal_structure": {
        "note": "Operator growth diagnostics depend on finite-dimensional cutoff."
      },
      "coordinates": {
        "J_cutoff": 10,
        "t": 20
      },
      "curvature_invariants": {
        "kretschmann": null,
        "note": "QFT toy; no spacetime curvature.",
        "ricci_scalar": null
      },
      "local_observables": {
        "OTOC": -2340.6244958425045
      }
    },
    {
      "causal_structure": {
        "note": "Operator growth diagnostics depend on finite-dimensional cutoff."
      },
      "coordinates": {
        "J_cutoff": 10,
        "t": 21
      },
      "curvature_invariants": {
        "kretschmann": null,
        "note": "QFT toy; no spacetime curvature.",
        "ricci_scalar": null
      },
      "local_observables": {
        "OTOC": -2690.1569605588716
      }
    },
    {
      "causal_structure": {
        "note": "Operator growth diagnostics depend on finite-dimensional cutoff."
      },
      "coordinates": {
        "J_cutoff": 10,
        "t": 22
      },
      "curvature_invariants": {
        "kretschmann": null,
        "note": "QFT toy; no spacetime curvature.",
        "ricci_scalar": null
      },
      "local_observables": {
        "OTOC": -2323.51173468603
      }
    },
    {
      "causal_structure": {
        "note": "Operator growth diagnostics depend on finite-dimensional cutoff."
      },
      "coordinates": {
        "J_cutoff": 10,
        "t": 23
      },
      "curvature_invariants": {
        "kretschmann": null,
        "note": "QFT toy; no spacetime curvature.",
        "ricci_scalar": null
      },
      "local_observables": {
        "OTOC": -2279.6389720789784
      }
    },
    {
      "causal_structure": {
        "note": "Operator growth diagnostics depend on finite-dimensional cutoff."
      },
      "coordinates": {
        "J_cutoff": 10,
        "t": 24
      },
      "curvature_invariants": {
        "kretschmann": null,
        "note": "QFT toy; no spacetime curvature.",
        "ricci_scalar": null
      },
      "local_observables": {
        "OTOC": -2667.214275969225
      }
    },
    {
      "causal_structure": {
        "note": "Operator growth diagnostics depend on finite-dimensional cutoff."
      },
      "coordinates": {
        "J_cutoff": 10,
        "t": 25
      },
      "curvature_invariants": {
        "kretschmann": null,
        "note": "QFT toy; no spacetime curvature.",
        "ricci_scalar": null
      },
      "local_observables": {
        "OTOC": -2158.8748907755353
      }
    },
    {
      "causal_structure": {
        "note": "Operator growth diagnostics depend on finite-dimensional cutoff."
      },
      "coordinates": {
        "J_cutoff": 10,
        "t": 26
      },
      "curvature_invariants": {
        "kretschmann": null,
        "note": "QFT toy; no spacetime curvature.",
        "ricci_scalar": null
      },
      "local_observables": {
        "OTOC": -2588.218268270812
      }
    },
    {
      "causal_structure": {
        "note": "Operator growth diagnostics depend on finite-dimensional cutoff."
      },
      "coordinates": {
        "J_cutoff": 10,
        "t": 27
      },
      "curvature_invariants": {
        "kretschmann": null,
        "note": "QFT toy; no spacetime curvature.",
        "ricci_scalar": null
      },
      "local_observables": {
        "OTOC": -2433.8456345256004
      }
    },
    {
      "causal_structure": {
        "note": "Operator growth diagnostics depend on finite-dimensional cutoff."
      },
      "coordinates": {
        "J_cutoff": 10,
        "t": 28
      },
      "curvature_invariants": {
        "kretschmann": null,
        "note": "QFT toy; no spacetime curvature.",
        "ricci_scalar": null
      },
      "local_observables": {
        "OTOC": -1962.4751060438093
      }
    },
    {
      "causal_structure": {
        "note": "Operator growth diagnostics depend on finite-dimensional cutoff."
      },
      "coordinates": {
        "J_cutoff": 10,
        "t": 29
      },
      "curvature_invariants": {
        "kretschmann": null,
        "note": "QFT toy; no spacetime curvature.",
        "ricci_scalar": null
      },
      "local_observables": {
        "OTOC": -2356.414799950047
      }
    },
    {
      "causal_structure": {
        "note": "Operator growth diagnostics depend on finite-dimensional cutoff."
      },
      "coordinates": {
        "J_cutoff": 10,
        "t": 30
      },
      "curvature_invariants": {
        "kretschmann": null,
        "note": "QFT toy; no spacetime curvature.",
        "ricci_scalar": null
      },
      "local_observables": {
        "OTOC": -2323.40077933629
      }
    },
    {
      "causal_structure": {
        "note": "Operator growth diagnostics depend on finite-dimensional cutoff."
      },
      "coordinates": {
        "J_cutoff": 20,
        "t": 0
      },
      "curvature_invariants": {
        "kretschmann": null,
        "note": "QFT toy; no spacetime curvature.",
        "ricci_scalar": null
      },
      "local_observables": {
        "OTOC": -140.0
      }
    },
    {
      "causal_structure": {
        "note": "Operator growth diagnostics depend on finite-dimensional cutoff."
      },
      "coordinates": {
        "J_cutoff": 20,
        "t": 1
      },
      "curvature_invariants": {
        "kretschmann": null,
        "note": "QFT toy; no spacetime curvature.",
        "ricci_scalar": null
      },
      "local_observables": {
        "OTOC": -140.0000000000001
      }
    },
    {
      "causal_structure": {
        "note": "Operator growth diagnostics depend on finite-dimensional cutoff."
      },
      "coordinates": {
        "J_cutoff": 20,
        "t": 2
      },
      "curvature_invariants": {
        "kretschmann": null,
        "note": "QFT toy; no spacetime curvature.",
        "ricci_scalar": null
      },
      "local_observables": {
        "OTOC": -1674.6498495155147
      }
    },
    {
      "causal_structure": {
        "note": "Operator growth diagnostics depend on finite-dimensional cutoff."
      },
      "coordinates": {
        "J_cutoff": 20,
        "t": 3
      },
      "curvature_invariants": {
        "kretschmann": null,
        "note": "QFT toy; no spacetime curvature.",
        "ricci_scalar": null
      },
      "local_observables": {
        "OTOC": -15557.129332235063
      }
    },
    {
      "causal_structure": {
        "note": "Operator growth diagnostics depend on finite-dimensional cutoff."
      },
      "coordinates": {
        "J_cutoff": 20,
        "t": 4
      },
      "curvature_invariants": {
        "kretschmann": null,
        "note": "QFT toy; no spacetime curvature.",
        "ricci_scalar": null
      },
      "local_observables": {
        "OTOC": -32405.75519593719
      }
    },
    {
      "causal_structure": {
        "note": "Operator growth diagnostics depend on finite-dimensional cutoff."
      },
      "coordinates": {
        "J_cutoff": 20,
        "t": 5
      },
      "curvature_invariants": {
        "kretschmann": null,
        "note": "QFT toy; no spacetime curvature.",
        "ricci_scalar": null
      },
      "local_observables": {
        "OTOC": -32477.62642693708
      }
    },
    {
      "causal_structure": {
        "note": "Operator growth diagnostics depend on finite-dimensional cutoff."
      },
      "coordinates": {
        "J_cutoff": 20,
        "t": 6
      },
      "curvature_invariants": {
        "kretschmann": null,
        "note": "QFT toy; no spacetime curvature.",
        "ricci_scalar": null
      },
      "local_observables": {
        "OTOC": -39075.05005004001
      }
    },
    {
      "causal_structure": {
        "note": "Operator growth diagnostics depend on finite-dimensional cutoff."
      },
      "coordinates": {
        "J_cutoff": 20,
        "t": 7
      },
      "curvature_invariants": {
        "kretschmann": null,
        "note": "QFT toy; no spacetime curvature.",
        "ricci_scalar": null
      },
      "local_observables": {
        "OTOC": -43858.81041100513
      }
    },
    {
      "causal_structure": {
        "note": "Operator growth diagnostics depend on finite-dimensional cutoff."
      },
      "coordinates": {
        "J_cutoff": 20,
        "t": 8
      },
      "curvature_invariants": {
        "kretschmann": null,
        "note": "QFT toy; no spacetime curvature.",
        "ricci_scalar": null
      },
      "local_observables": {
        "OTOC": -38763.47003586724
      }
    },
    {
      "causal_structure": {
        "note": "Operator growth diagnostics depend on finite-dimensional cutoff."
      },
      "coordinates": {
        "J_cutoff": 20,
        "t": 9
      },
      "curvature_invariants": {
        "kretschmann": null,
        "note": "QFT toy; no spacetime curvature.",
        "ricci_scalar": null
      },
      "local_observables": {
        "OTOC": -42366.78825099789
      }
    },
    {
      "causal_structure": {
        "note": "Operator growth diagnostics depend on finite-dimensional cutoff."
      },
      "coordinates": {
        "J_cutoff": 20,
        "t": 10
      },
      "curvature_invariants": {
        "kretschmann": null,
        "note": "QFT toy; no spacetime curvature.",
        "ricci_scalar": null
      },
      "local_observables": {
        "OTOC": -35281.539828237255
      }
    },
    {
      "causal_structure": {
        "note": "Operator growth diagnostics depend on finite-dimensional cutoff."
      },
      "coordinates": {
        "J_cutoff": 20,
        "t": 11
      },
      "curvature_invariants": {
        "kretschmann": null,
        "note": "QFT toy; no spacetime curvature.",
        "ricci_scalar": null
      },
      "local_observables": {
        "OTOC": -41808.054339588525
      }
    },
    {
      "causal_structure": {
        "note": "Operator growth diagnostics depend on finite-dimensional cutoff."
      },
      "coordinates": {
        "J_cutoff": 20,
        "t": 12
      },
      "curvature_invariants": {
        "kretschmann": null,
        "note": "QFT toy; no spacetime curvature.",
        "ricci_scalar": null
      },
      "local_observables": {
        "OTOC": -36116.34351416779
      }
    },
    {
      "causal_structure": {
        "note": "Operator growth diagnostics depend on finite-dimensional cutoff."
      },
      "coordinates": {
        "J_cutoff": 20,
        "t": 13
      },
      "curvature_invariants": {
        "kretschmann": null,
        "note": "QFT toy; no spacetime curvature.",
        "ricci_scalar": null
      },
      "local_observables": {
        "OTOC": -35528.30074977347
      }
    },
    {
      "causal_structure": {
        "note": "Operator growth diagnostics depend on finite-dimensional cutoff."
      },
      "coordinates": {
        "J_cutoff": 20,
        "t": 14
      },
      "curvature_invariants": {
        "kretschmann": null,
        "note": "QFT toy; no spacetime curvature.",
        "ricci_scalar": null
      },
      "local_observables": {
        "OTOC": -40972.74795304742
      }
    },
    {
      "causal_structure": {
        "note": "Operator growth diagnostics depend on finite-dimensional cutoff."
      },
      "coordinates": {
        "J_cutoff": 20,
        "t": 15
      },
      "curvature_invariants": {
        "kretschmann": null,
        "note": "QFT toy; no spacetime curvature.",
        "ricci_scalar": null
      },
      "local_observables": {
        "OTOC": -36003.874083623145
      }
    },
    {
      "causal_structure": {
        "note": "Operator growth diagnostics depend on finite-dimensional cutoff."
      },
      "coordinates": {
        "J_cutoff": 20,
        "t": 16
      },
      "curvature_invariants": {
        "kretschmann": null,
        "note": "QFT toy; no spacetime curvature.",
        "ricci_scalar": null
      },
      "local_observables": {
        "OTOC": -40315.7320231346
      }
    },
    {
      "causal_structure": {
        "note": "Operator growth diagnostics depend on finite-dimensional cutoff."
      },
      "coordinates": {
        "J_cutoff": 20,
        "t": 17
      },
      "curvature_invariants": {
        "kretschmann": null,
        "note": "QFT toy; no spacetime curvature.",
        "ricci_scalar": null
      },
      "local_observables": {
        "OTOC": -37318.96523509132
      }
    },
    {
      "causal_structure": {
        "note": "Operator growth diagnostics depend on finite-dimensional cutoff."
      },
      "coordinates": {
        "J_cutoff": 20,
        "t": 18
      },
      "curvature_invariants": {
        "kretschmann": null,
        "note": "QFT toy; no spacetime curvature.",
        "ricci_scalar": null
      },
      "local_observables": {
        "OTOC": -41805.9728693003
      }
    },
    {
      "causal_structure": {
        "note": "Operator growth diagnostics depend on finite-dimensional cutoff."
      },
      "coordinates": {
        "J_cutoff": 20,
        "t": 19
      },
      "curvature_invariants": {
        "kretschmann": null,
        "note": "QFT toy; no spacetime curvature.",
        "ricci_scalar": null
      },
      "local_observables": {
        "OTOC": -41968.077405829
      }
    },
    {
      "causal_structure": {
        "note": "Operator growth diagnostics depend on finite-dimensional cutoff."
      },
      "coordinates": {
        "J_cutoff": 20,
        "t": 20
      },
      "curvature_invariants": {
        "kretschmann": null,
        "note": "QFT toy; no spacetime curvature.",
        "ricci_scalar": null
      },
      "local_observables": {
        "OTOC": -36934.09412193295
      }
    },
    {
      "causal_structure": {
        "note": "Operator growth diagnostics depend on finite-dimensional cutoff."
      },
      "coordinates": {
        "J_cutoff": 20,
        "t": 21
      },
      "curvature_invariants": {
        "kretschmann": null,
        "note": "QFT toy; no spacetime curvature.",
        "ricci_scalar": null
      },
      "local_observables": {
        "OTOC": -36553.680943020874
      }
    },
    {
      "causal_structure": {
        "note": "Operator growth diagnostics depend on finite-dimensional cutoff."
      },
      "coordinates": {
        "J_cutoff": 20,
        "t": 22
      },
      "curvature_invariants": {
        "kretschmann": null,
        "note": "QFT toy; no spacetime curvature.",
        "ricci_scalar": null
      },
      "local_observables": {
        "OTOC": -34823.792118136815
      }
    },
    {
      "causal_structure": {
        "note": "Operator growth diagnostics depend on finite-dimensional cutoff."
      },
      "coordinates": {
        "J_cutoff": 20,
        "t": 23
      },
      "curvature_invariants": {
        "kretschmann": null,
        "note": "QFT toy; no spacetime curvature.",
        "ricci_scalar": null
      },
      "local_observables": {
        "OTOC": -37885.674481093636
      }
    },
    {
      "causal_structure": {
        "note": "Operator growth diagnostics depend on finite-dimensional cutoff."
      },
      "coordinates": {
        "J_cutoff": 20,
        "t": 24
      },
      "curvature_invariants": {
        "kretschmann": null,
        "note": "QFT toy; no spacetime curvature.",
        "ricci_scalar": null
      },
      "local_observables": {
        "OTOC": -36466.41032390595
      }
    },
    {
      "causal_structure": {
        "note": "Operator growth diagnostics depend on finite-dimensional cutoff."
      },
      "coordinates": {
        "J_cutoff": 20,
        "t": 25
      },
      "curvature_invariants": {
        "kretschmann": null,
        "note": "QFT toy; no spacetime curvature.",
        "ricci_scalar": null
      },
      "local_observables": {
        "OTOC": -35112.62850086922
      }
    },
    {
      "causal_structure": {
        "note": "Operator growth diagnostics depend on finite-dimensional cutoff."
      },
      "coordinates": {
        "J_cutoff": 20,
        "t": 26
      },
      "curvature_invariants": {
        "kretschmann": null,
        "note": "QFT toy; no spacetime curvature.",
        "ricci_scalar": null
      },
      "local_observables": {
        "OTOC": -38946.45405124866
      }
    },
    {
      "causal_structure": {
        "note": "Operator growth diagnostics depend on finite-dimensional cutoff."
      },
      "coordinates": {
        "J_cutoff": 20,
        "t": 27
      },
      "curvature_invariants": {
        "kretschmann": null,
        "note": "QFT toy; no spacetime curvature.",
        "ricci_scalar": null
      },
      "local_observables": {
        "OTOC": -38159.94377482014
      }
    },
    {
      "causal_structure": {
        "note": "Operator growth diagnostics depend on finite-dimensional cutoff."
      },
      "coordinates": {
        "J_cutoff": 20,
        "t": 28
      },
      "curvature_invariants": {
        "kretschmann": null,
        "note": "QFT toy; no spacetime curvature.",
        "ricci_scalar": null
      },
      "local_observables": {
        "OTOC": -37009.06440065068
      }
    },
    {
      "causal_structure": {
        "note": "Operator growth diagnostics depend on finite-dimensional cutoff."
      },
      "coordinates": {
        "J_cutoff": 20,
        "t": 29
      },
      "curvature_invariants": {
        "kretschmann": null,
        "note": "QFT toy; no spacetime curvature.",
        "ricci_scalar": null
      },
      "local_observables": {
        "OTOC": -36125.90930963616
      }
    },
    {
      "causal_structure": {
        "note": "Operator growth diagnostics depend on finite-dimensional cutoff."
      },
      "coordinates": {
        "J_cutoff": 20,
        "t": 30
      },
      "curvature_invariants": {
        "kretschmann": null,
        "note": "QFT toy; no spacetime curvature.",
        "ricci_scalar": null
      },
      "local_observables": {
        "OTOC": -35052.39835775099
      }
    },
    {
      "causal_structure": {
        "note": "Operator growth diagnostics depend on finite-dimensional cutoff."
      },
      "coordinates": {
        "J_cutoff": 40,
        "t": 0
      },
      "curvature_invariants": {
        "kretschmann": null,
        "note": "QFT toy; no spacetime curvature.",
        "ricci_scalar": null
      },
      "local_observables": {
        "OTOC": -546.6666666666663
      }
    },
    {
      "causal_structure": {
        "note": "Operator growth diagnostics depend on finite-dimensional cutoff."
      },
      "coordinates": {
        "J_cutoff": 40,
        "t": 1
      },
      "curvature_invariants": {
        "kretschmann": null,
        "note": "QFT toy; no spacetime curvature.",
        "ricci_scalar": null
      },
      "local_observables": {
        "OTOC": -546.6666666666663
      }
    },
    {
      "causal_structure": {
        "note": "Operator growth diagnostics depend on finite-dimensional cutoff."
      },
      "coordinates": {
        "J_cutoff": 40,
        "t": 2
      },
      "curvature_invariants": {
        "kretschmann": null,
        "note": "QFT toy; no spacetime curvature.",
        "ricci_scalar": null
      },
      "local_observables": {
        "OTOC": -6459.073345092305
      }
    },
    {
      "causal_structure": {
        "note": "Operator growth diagnostics depend on finite-dimensional cutoff."
      },
      "coordinates": {
        "J_cutoff": 40,
        "t": 3
      },
      "curvature_invariants": {
        "kretschmann": null,
        "note": "QFT toy; no spacetime curvature.",
        "ricci_scalar": null
      },
      "local_observables": {
        "OTOC": -69628.11736722956
      }
    },
    {
      "causal_structure": {
        "note": "Operator growth diagnostics depend on finite-dimensional cutoff."
      },
      "coordinates": {
        "J_cutoff": 40,
        "t": 4
      },
      "curvature_invariants": {
        "kretschmann": null,
        "note": "QFT toy; no spacetime curvature.",
        "ricci_scalar": null
      },
      "local_observables": {
        "OTOC": -333857.7100931186
      }
    },
    {
      "causal_structure": {
        "note": "Operator growth diagnostics depend on finite-dimensional cutoff."
      },
      "coordinates": {
        "J_cutoff": 40,
        "t": 5
      },
      "curvature_invariants": {
        "kretschmann": null,
        "note": "QFT toy; no spacetime curvature.",
        "ricci_scalar": null
      },
      "local_observables": {
        "OTOC": -498704.4139349985
      }
    },
    {
      "causal_structure": {
        "note": "Operator growth diagnostics depend on finite-dimensional cutoff."
      },
      "coordinates": {
        "J_cutoff": 40,
        "t": 6
      },
      "curvature_invariants": {
        "kretschmann": null,
        "note": "QFT toy; no spacetime curvature.",
        "ricci_scalar": null
      },
      "local_observables": {
        "OTOC": -600034.1451176394
      }
    },
    {
      "causal_structure": {
        "note": "Operator growth diagnostics depend on finite-dimensional cutoff."
      },
      "coordinates": {
        "J_cutoff": 40,
        "t": 7
      },
      "curvature_invariants": {
        "kretschmann": null,
        "note": "QFT toy; no spacetime curvature.",
        "ricci_scalar": null
      },
      "local_observables": {
        "OTOC": -567457.104886121
      }
    },
    {
      "causal_structure": {
        "note": "Operator growth diagnostics depend on finite-dimensional cutoff."
      },
      "coordinates": {
        "J_cutoff": 40,
        "t": 8
      },
      "curvature_invariants": {
        "kretschmann": null,
        "note": "QFT toy; no spacetime curvature.",
        "ricci_scalar": null
      },
      "local_observables": {
        "OTOC": -599411.3097634268
      }
    },
    {
      "causal_structure": {
        "note": "Operator growth diagnostics depend on finite-dimensional cutoff."
      },
      "coordinates": {
        "J_cutoff": 40,
        "t": 9
      },
      "curvature_invariants": {
        "kretschmann": null,
        "note": "QFT toy; no spacetime curvature.",
        "ricci_scalar": null
      },
      "local_observables": {
        "OTOC": -583401.4440151738
      }
    },
    {
      "causal_structure": {
        "note": "Operator growth diagnostics depend on finite-dimensional cutoff."
      },
      "coordinates": {
        "J_cutoff": 40,
        "t": 10
      },
      "curvature_invariants": {
        "kretschmann": null,
        "note": "QFT toy; no spacetime curvature.",
        "ricci_scalar": null
      },
      "local_observables": {
        "OTOC": -594323.8860109684
      }
    },
    {
      "causal_structure": {
        "note": "Operator growth diagnostics depend on finite-dimensional cutoff."
      },
      "coordinates": {
        "J_cutoff": 40,
        "t": 11
      },
      "curvature_invariants": {
        "kretschmann": null,
        "note": "QFT toy; no spacetime curvature.",
        "ricci_scalar": null
      },
      "local_observables": {
        "OTOC": -568676.4364339336
      }
    },
    {
      "causal_structure": {
        "note": "Operator growth diagnostics depend on finite-dimensional cutoff."
      },
      "coordinates": {
        "J_cutoff": 40,
        "t": 12
      },
      "curvature_invariants": {
        "kretschmann": null,
        "note": "QFT toy; no spacetime curvature.",
        "ricci_scalar": null
      },
      "local_observables": {
        "OTOC": -575319.0278990167
      }
    },
    {
      "causal_structure": {
        "note": "Operator growth diagnostics depend on finite-dimensional cutoff."
      },
      "coordinates": {
        "J_cutoff": 40,
        "t": 13
      },
      "curvature_invariants": {
        "kretschmann": null,
        "note": "QFT toy; no spacetime curvature.",
        "ricci_scalar": null
      },
      "local_observables": {
        "OTOC": -604473.4512363162
      }
    },
    {
      "causal_structure": {
        "note": "Operator growth diagnostics depend on finite-dimensional cutoff."
      },
      "coordinates": {
        "J_cutoff": 40,
        "t": 14
      },
      "curvature_invariants": {
        "kretschmann": null,
        "note": "QFT toy; no spacetime curvature.",
        "ricci_scalar": null
      },
      "local_observables": {
        "OTOC": -606850.9331639139
      }
    },
    {
      "causal_structure": {
        "note": "Operator growth diagnostics depend on finite-dimensional cutoff."
      },
      "coordinates": {
        "J_cutoff": 40,
        "t": 15
      },
      "curvature_invariants": {
        "kretschmann": null,
        "note": "QFT toy; no spacetime curvature.",
        "ricci_scalar": null
      },
      "local_observables": {
        "OTOC": -565867.591137379
      }
    },
    {
      "causal_structure": {
        "note": "Operator growth diagnostics depend on finite-dimensional cutoff."
      },
      "coordinates": {
        "J_cutoff": 40,
        "t": 16
      },
      "curvature_invariants": {
        "kretschmann": null,
        "note": "QFT toy; no spacetime curvature.",
        "ricci_scalar": null
      },
      "local_observables": {
        "OTOC": -608379.9644635555
      }
    },
    {
      "causal_structure": {
        "note": "Operator growth diagnostics depend on finite-dimensional cutoff."
      },
      "coordinates": {
        "J_cutoff": 40,
        "t": 17
      },
      "curvature_invariants": {
        "kretschmann": null,
        "note": "QFT toy; no spacetime curvature.",
        "ricci_scalar": null
      },
      "local_observables": {
        "OTOC": -611100.9631599191
      }
    },
    {
      "causal_structure": {
        "note": "Operator growth diagnostics depend on finite-dimensional cutoff."
      },
      "coordinates": {
        "J_cutoff": 40,
        "t": 18
      },
      "curvature_invariants": {
        "kretschmann": null,
        "note": "QFT toy; no spacetime curvature.",
        "ricci_scalar": null
      },
      "local_observables": {
        "OTOC": -595323.2037375027
      }
    },
    {
      "causal_structure": {
        "note": "Operator growth diagnostics depend on finite-dimensional cutoff."
      },
      "coordinates": {
        "J_cutoff": 40,
        "t": 19
      },
      "curvature_invariants": {
        "kretschmann": null,
        "note": "QFT toy; no spacetime curvature.",
        "ricci_scalar": null
      },
      "local_observables": {
        "OTOC": -589516.9816889919
      }
    },
    {
      "causal_structure": {
        "note": "Operator growth diagnostics depend on finite-dimensional cutoff."
      },
      "coordinates": {
        "J_cutoff": 40,
        "t": 20
      },
      "curvature_invariants": {
        "kretschmann": null,
        "note": "QFT toy; no spacetime curvature.",
        "ricci_scalar": null
      },
      "local_observables": {
        "OTOC": -581565.3348195908
      }
    },
    {
      "causal_structure": {
        "note": "Operator growth diagnostics depend on finite-dimensional cutoff."
      },
      "coordinates": {
        "J_cutoff": 40,
        "t": 21
      },
      "curvature_invariants": {
        "kretschmann": null,
        "note": "QFT toy; no spacetime curvature.",
        "ricci_scalar": null
      },
      "local_observables": {
        "OTOC": -613125.4854924602
      }
    },
    {
      "causal_structure": {
        "note": "Operator growth diagnostics depend on finite-dimensional cutoff."
      },
      "coordinates": {
        "J_cutoff": 40,
        "t": 22
      },
      "curvature_invariants": {
        "kretschmann": null,
        "note": "QFT toy; no spacetime curvature.",
        "ricci_scalar": null
      },
      "local_observables": {
        "OTOC": -601004.8091455908
      }
    },
    {
      "causal_structure": {
        "note": "Operator growth diagnostics depend on finite-dimensional cutoff."
      },
      "coordinates": {
        "J_cutoff": 40,
        "t": 23
      },
      "curvature_invariants": {
        "kretschmann": null,
        "note": "QFT toy; no spacetime curvature.",
        "ricci_scalar": null
      },
      "local_observables": {
        "OTOC": -591491.5507945622
      }
    },
    {
      "causal_structure": {
        "note": "Operator growth diagnostics depend on finite-dimensional cutoff."
      },
      "coordinates": {
        "J_cutoff": 40,
        "t": 24
      },
      "curvature_invariants": {
        "kretschmann": null,
        "note": "QFT toy; no spacetime curvature.",
        "ricci_scalar": null
      },
      "local_observables": {
        "OTOC": -589056.5858320498
      }
    },
    {
      "causal_structure": {
        "note": "Operator growth diagnostics depend on finite-dimensional cutoff."
      },
      "coordinates": {
        "J_cutoff": 40,
        "t": 25
      },
      "curvature_invariants": {
        "kretschmann": null,
        "note": "QFT toy; no spacetime curvature.",
        "ricci_scalar": null
      },
      "local_observables": {
        "OTOC": -569811.2611931678
      }
    },
    {
      "causal_structure": {
        "note": "Operator growth diagnostics depend on finite-dimensional cutoff."
      },
      "coordinates": {
        "J_cutoff": 40,
        "t": 26
      },
      "curvature_invariants": {
        "kretschmann": null,
        "note": "QFT toy; no spacetime curvature.",
        "ricci_scalar": null
      },
      "local_observables": {
        "OTOC": -586318.9332840468
      }
    },
    {
      "causal_structure": {
        "note": "Operator growth diagnostics depend on finite-dimensional cutoff."
      },
      "coordinates": {
        "J_cutoff": 40,
        "t": 27
      },
      "curvature_invariants": {
        "kretschmann": null,
        "note": "QFT toy; no spacetime curvature.",
        "ricci_scalar": null
      },
      "local_observables": {
        "OTOC": -540709.8276701658
      }
    },
    {
      "causal_structure": {
        "note": "Operator growth diagnostics depend on finite-dimensional cutoff."
      },
      "coordinates": {
        "J_cutoff": 40,
        "t": 28
      },
      "curvature_invariants": {
        "kretschmann": null,
        "note": "QFT toy; no spacetime curvature.",
        "ricci_scalar": null
      },
      "local_observables": {
        "OTOC": -563018.3042598307
      }
    },
    {
      "causal_structure": {
        "note": "Operator growth diagnostics depend on finite-dimensional cutoff."
      },
      "coordinates": {
        "J_cutoff": 40,
        "t": 29
      },
      "curvature_invariants": {
        "kretschmann": null,
        "note": "QFT toy; no spacetime curvature.",
        "ricci_scalar": null
      },
      "local_observables": {
        "OTOC": -577548.7334278778
      }
    },
    {
      "causal_structure": {
        "note": "Operator growth diagnostics depend on finite-dimensional cutoff."
      },
      "coordinates": {
        "J_cutoff": 40,
        "t": 30
      },
      "curvature_invariants": {
        "kretschmann": null,
        "note": "QFT toy; no spacetime curvature.",
        "ricci_scalar": null
      },
      "local_observables": {
        "OTOC": -601447.6300871328
      }
    }
  ],
  "spacetime": "Finite Hilbert space (Floquet dynamics)",
  "theory": "Quantum Field Theory (toy): OTOC / operator growth vs regulator",
  "toy_id": "072",
  "units": {
    "G": 1,
    "c": 1
  }
}