{
  "notes": {
    "key_formulas": {
      "P(2k)": "P(2k)=(1/cosh r)*[(2k)!/(2^{2k}(k!)^2)]*(tanh r)^{2k}",
      "Z_trunc": "Z(Nmax)=sum_{n<=Nmax} P(n)",
      "n_exact": "<n> = sinh^2 r",
      "r(t)": "r(t)=gamma*t"
    },
    "pressure_point": "Unitary evolution can require unbounded Hilbert-space support. Hard truncations necessarily discard amplitude, inducing operational non-unitarity (norm loss) and cutoff-dependent observables even after renormalization."
  },
  "observables": {
    "summary": {
      "max_abs_relative_error_conditioned_over_grid": 0.8718071404568851,
      "max_leakage_over_grid": 0.400764785433674
    }
  },
  "parameters": {
    "Nmax_samples": [
      2,
      4,
      6,
      10,
      20,
      40
    ],
    "gamma": 0.5,
    "t_samples": [
      0.0,
      0.5,
      1.0,
      1.5,
      2.0,
      2.5,
      3.0
    ]
  },
  "sample_points": [
    {
      "causal_structure": {
        "microcausality": null,
        "note": "This toy targets Hilbert-space truncation, not spacetime causality."
      },
      "coordinates": {
        "Nmax_truncation": 2,
        "r_squeeze": 0.0,
        "t": 0.0
      },
      "curvature_invariants": {
        "kretschmann": null,
        "note": "QFT toy (no spacetime curvature invariants).",
        "ricci_scalar": null
      },
      "local_observables": {
        "dynamics": {
          "gamma": 0.5,
          "model": "single_mode_squeezed_vacuum",
          "r_of_t": "r(t)=gamma*t"
        },
        "truncation": {
          "interpretation": "Z<1 indicates amplitude discarded by truncation (operational non-unitarity). Conditioned observables (renormalized) remain cutoff-dependent as leakage grows.",
          "kmax_floor_Nmax_over_2": 1,
          "leakage_1_minus_Z": 0.0,
          "mean_occupation_exact_sinh2r": 0.0,
          "mean_occupation_truncated_conditioned": 0.0,
          "mean_occupation_truncated_raw": 0.0,
          "relative_error_conditioned_vs_exact": null,
          "relative_error_raw_vs_exact": null,
          "retained_norm_Z": 1.0
        }
      }
    },
    {
      "causal_structure": {
        "microcausality": null,
        "note": "This toy targets Hilbert-space truncation, not spacetime causality."
      },
      "coordinates": {
        "Nmax_truncation": 4,
        "r_squeeze": 0.0,
        "t": 0.0
      },
      "curvature_invariants": {
        "kretschmann": null,
        "note": "QFT toy (no spacetime curvature invariants).",
        "ricci_scalar": null
      },
      "local_observables": {
        "dynamics": {
          "gamma": 0.5,
          "model": "single_mode_squeezed_vacuum",
          "r_of_t": "r(t)=gamma*t"
        },
        "truncation": {
          "interpretation": "Z<1 indicates amplitude discarded by truncation (operational non-unitarity). Conditioned observables (renormalized) remain cutoff-dependent as leakage grows.",
          "kmax_floor_Nmax_over_2": 2,
          "leakage_1_minus_Z": 0.0,
          "mean_occupation_exact_sinh2r": 0.0,
          "mean_occupation_truncated_conditioned": 0.0,
          "mean_occupation_truncated_raw": 0.0,
          "relative_error_conditioned_vs_exact": null,
          "relative_error_raw_vs_exact": null,
          "retained_norm_Z": 1.0
        }
      }
    },
    {
      "causal_structure": {
        "microcausality": null,
        "note": "This toy targets Hilbert-space truncation, not spacetime causality."
      },
      "coordinates": {
        "Nmax_truncation": 6,
        "r_squeeze": 0.0,
        "t": 0.0
      },
      "curvature_invariants": {
        "kretschmann": null,
        "note": "QFT toy (no spacetime curvature invariants).",
        "ricci_scalar": null
      },
      "local_observables": {
        "dynamics": {
          "gamma": 0.5,
          "model": "single_mode_squeezed_vacuum",
          "r_of_t": "r(t)=gamma*t"
        },
        "truncation": {
          "interpretation": "Z<1 indicates amplitude discarded by truncation (operational non-unitarity). Conditioned observables (renormalized) remain cutoff-dependent as leakage grows.",
          "kmax_floor_Nmax_over_2": 3,
          "leakage_1_minus_Z": 0.0,
          "mean_occupation_exact_sinh2r": 0.0,
          "mean_occupation_truncated_conditioned": 0.0,
          "mean_occupation_truncated_raw": 0.0,
          "relative_error_conditioned_vs_exact": null,
          "relative_error_raw_vs_exact": null,
          "retained_norm_Z": 1.0
        }
      }
    },
    {
      "causal_structure": {
        "microcausality": null,
        "note": "This toy targets Hilbert-space truncation, not spacetime causality."
      },
      "coordinates": {
        "Nmax_truncation": 10,
        "r_squeeze": 0.0,
        "t": 0.0
      },
      "curvature_invariants": {
        "kretschmann": null,
        "note": "QFT toy (no spacetime curvature invariants).",
        "ricci_scalar": null
      },
      "local_observables": {
        "dynamics": {
          "gamma": 0.5,
          "model": "single_mode_squeezed_vacuum",
          "r_of_t": "r(t)=gamma*t"
        },
        "truncation": {
          "interpretation": "Z<1 indicates amplitude discarded by truncation (operational non-unitarity). Conditioned observables (renormalized) remain cutoff-dependent as leakage grows.",
          "kmax_floor_Nmax_over_2": 5,
          "leakage_1_minus_Z": 0.0,
          "mean_occupation_exact_sinh2r": 0.0,
          "mean_occupation_truncated_conditioned": 0.0,
          "mean_occupation_truncated_raw": 0.0,
          "relative_error_conditioned_vs_exact": null,
          "relative_error_raw_vs_exact": null,
          "retained_norm_Z": 1.0
        }
      }
    },
    {
      "causal_structure": {
        "microcausality": null,
        "note": "This toy targets Hilbert-space truncation, not spacetime causality."
      },
      "coordinates": {
        "Nmax_truncation": 20,
        "r_squeeze": 0.0,
        "t": 0.0
      },
      "curvature_invariants": {
        "kretschmann": null,
        "note": "QFT toy (no spacetime curvature invariants).",
        "ricci_scalar": null
      },
      "local_observables": {
        "dynamics": {
          "gamma": 0.5,
          "model": "single_mode_squeezed_vacuum",
          "r_of_t": "r(t)=gamma*t"
        },
        "truncation": {
          "interpretation": "Z<1 indicates amplitude discarded by truncation (operational non-unitarity). Conditioned observables (renormalized) remain cutoff-dependent as leakage grows.",
          "kmax_floor_Nmax_over_2": 10,
          "leakage_1_minus_Z": 0.0,
          "mean_occupation_exact_sinh2r": 0.0,
          "mean_occupation_truncated_conditioned": 0.0,
          "mean_occupation_truncated_raw": 0.0,
          "relative_error_conditioned_vs_exact": null,
          "relative_error_raw_vs_exact": null,
          "retained_norm_Z": 1.0
        }
      }
    },
    {
      "causal_structure": {
        "microcausality": null,
        "note": "This toy targets Hilbert-space truncation, not spacetime causality."
      },
      "coordinates": {
        "Nmax_truncation": 40,
        "r_squeeze": 0.0,
        "t": 0.0
      },
      "curvature_invariants": {
        "kretschmann": null,
        "note": "QFT toy (no spacetime curvature invariants).",
        "ricci_scalar": null
      },
      "local_observables": {
        "dynamics": {
          "gamma": 0.5,
          "model": "single_mode_squeezed_vacuum",
          "r_of_t": "r(t)=gamma*t"
        },
        "truncation": {
          "interpretation": "Z<1 indicates amplitude discarded by truncation (operational non-unitarity). Conditioned observables (renormalized) remain cutoff-dependent as leakage grows.",
          "kmax_floor_Nmax_over_2": 20,
          "leakage_1_minus_Z": 0.0,
          "mean_occupation_exact_sinh2r": 0.0,
          "mean_occupation_truncated_conditioned": 0.0,
          "mean_occupation_truncated_raw": 0.0,
          "relative_error_conditioned_vs_exact": null,
          "relative_error_raw_vs_exact": null,
          "retained_norm_Z": 1.0
        }
      }
    },
    {
      "causal_structure": {
        "microcausality": null,
        "note": "This toy targets Hilbert-space truncation, not spacetime causality."
      },
      "coordinates": {
        "Nmax_truncation": 2,
        "r_squeeze": 0.25,
        "t": 0.5
      },
      "curvature_invariants": {
        "kretschmann": null,
        "note": "QFT toy (no spacetime curvature invariants).",
        "ricci_scalar": null
      },
      "local_observables": {
        "dynamics": {
          "gamma": 0.5,
          "model": "single_mode_squeezed_vacuum",
          "r_of_t": "r(t)=gamma*t"
        },
        "truncation": {
          "interpretation": "Z<1 indicates amplitude discarded by truncation (operational non-unitarity). Conditioned observables (renormalized) remain cutoff-dependent as leakage grows.",
          "kmax_floor_Nmax_over_2": 1,
          "leakage_1_minus_Z": 0.001377260268391134,
          "mean_occupation_exact_sinh2r": 0.06381298260319039,
          "mean_occupation_truncated_conditioned": 0.05823843065942946,
          "mean_occupation_truncated_raw": 0.05815822118278878,
          "relative_error_conditioned_vs_exact": -0.08735764598914426,
          "relative_error_raw_vs_exact": -0.08861459204257435,
          "retained_norm_Z": 0.9986227397316089
        }
      }
    },
    {
      "causal_structure": {
        "microcausality": null,
        "note": "This toy targets Hilbert-space truncation, not spacetime causality."
      },
      "coordinates": {
        "Nmax_truncation": 4,
        "r_squeeze": 0.25,
        "t": 0.5
      },
      "curvature_invariants": {
        "kretschmann": null,
        "note": "QFT toy (no spacetime curvature invariants).",
        "ricci_scalar": null
      },
      "local_observables": {
        "dynamics": {
          "gamma": 0.5,
          "model": "single_mode_squeezed_vacuum",
          "r_of_t": "r(t)=gamma*t"
        },
        "truncation": {
          "interpretation": "Z<1 indicates amplitude discarded by truncation (operational non-unitarity). Conditioned observables (renormalized) remain cutoff-dependent as leakage grows.",
          "kmax_floor_Nmax_over_2": 2,
          "leakage_1_minus_Z": 6.90241343405118e-05,
          "mean_occupation_exact_sinh2r": 0.06381298260319039,
          "mean_occupation_truncated_conditioned": 0.06339554154136727,
          "mean_occupation_truncated_raw": 0.06339116571899132,
          "relative_error_conditioned_vs_exact": -0.006541632200752989,
          "relative_error_raw_vs_exact": -0.006610204804593752,
          "retained_norm_Z": 0.9999309758656595
        }
      }
    },
    {
      "causal_structure": {
        "microcausality": null,
        "note": "This toy targets Hilbert-space truncation, not spacetime causality."
      },
      "coordinates": {
        "Nmax_truncation": 6,
        "r_squeeze": 0.25,
        "t": 0.5
      },
      "curvature_invariants": {
        "kretschmann": null,
        "note": "QFT toy (no spacetime curvature invariants).",
        "ricci_scalar": null
      },
      "local_observables": {
        "dynamics": {
          "gamma": 0.5,
          "model": "single_mode_squeezed_vacuum",
          "r_of_t": "r(t)=gamma*t"
        },
        "truncation": {
          "interpretation": "Z<1 indicates amplitude discarded by truncation (operational non-unitarity). Conditioned observables (renormalized) remain cutoff-dependent as leakage grows.",
          "kmax_floor_Nmax_over_2": 3,
          "leakage_1_minus_Z": 3.6285157588578087e-06,
          "mean_occupation_exact_sinh2r": 0.06381298260319039,
          "mean_occupation_truncated_conditioned": 0.06378377087089902,
          "mean_occupation_truncated_raw": 0.06378353943048126,
          "relative_error_conditioned_vs_exact": -0.0004577709911009108,
          "relative_error_raw_vs_exact": -0.00046139784583046166,
          "retained_norm_Z": 0.9999963714842411
        }
      }
    },
    {
      "causal_structure": {
        "microcausality": null,
        "note": "This toy targets Hilbert-space truncation, not spacetime causality."
      },
      "coordinates": {
        "Nmax_truncation": 10,
        "r_squeeze": 0.25,
        "t": 0.5
      },
      "curvature_invariants": {
        "kretschmann": null,
        "note": "QFT toy (no spacetime curvature invariants).",
        "ricci_scalar": null
      },
      "local_observables": {
        "dynamics": {
          "gamma": 0.5,
          "model": "single_mode_squeezed_vacuum",
          "r_of_t": "r(t)=gamma*t"
        },
        "truncation": {
          "interpretation": "Z<1 indicates amplitude discarded by truncation (operational non-unitarity). Conditioned observables (renormalized) remain cutoff-dependent as leakage grows.",
          "kmax_floor_Nmax_over_2": 5,
          "leakage_1_minus_Z": 1.0790623172773905e-08,
          "mean_occupation_exact_sinh2r": 0.06381298260319039,
          "mean_occupation_truncated_conditioned": 0.0638128525297989,
          "mean_occupation_truncated_raw": 0.06381285184121846,
          "relative_error_conditioned_vs_exact": -2.0383531090708084e-06,
          "relative_error_raw_vs_exact": -2.0491437102083023e-06,
          "retained_norm_Z": 0.9999999892093768
        }
      }
    },
    {
      "causal_structure": {
        "microcausality": null,
        "note": "This toy targets Hilbert-space truncation, not spacetime causality."
      },
      "coordinates": {
        "Nmax_truncation": 20,
        "r_squeeze": 0.25,
        "t": 0.5
      },
      "curvature_invariants": {
        "kretschmann": null,
        "note": "QFT toy (no spacetime curvature invariants).",
        "ricci_scalar": null
      },
      "local_observables": {
        "dynamics": {
          "gamma": 0.5,
          "model": "single_mode_squeezed_vacuum",
          "r_of_t": "r(t)=gamma*t"
        },
        "truncation": {
          "interpretation": "Z<1 indicates amplitude discarded by truncation (operational non-unitarity). Conditioned observables (renormalized) remain cutoff-dependent as leakage grows.",
          "kmax_floor_Nmax_over_2": 10,
          "leakage_1_minus_Z": 6.328271240363392e-15,
          "mean_occupation_exact_sinh2r": 0.06381298260319039,
          "mean_occupation_truncated_conditioned": 0.0638129826030523,
          "mean_occupation_truncated_raw": 0.0638129826030519,
          "relative_error_conditioned_vs_exact": -2.1638855144321402e-12,
          "relative_error_raw_vs_exact": -2.1701923164340025e-12,
          "retained_norm_Z": 0.9999999999999937
        }
      }
    },
    {
      "causal_structure": {
        "microcausality": null,
        "note": "This toy targets Hilbert-space truncation, not spacetime causality."
      },
      "coordinates": {
        "Nmax_truncation": 40,
        "r_squeeze": 0.25,
        "t": 0.5
      },
      "curvature_invariants": {
        "kretschmann": null,
        "note": "QFT toy (no spacetime curvature invariants).",
        "ricci_scalar": null
      },
      "local_observables": {
        "dynamics": {
          "gamma": 0.5,
          "model": "single_mode_squeezed_vacuum",
          "r_of_t": "r(t)=gamma*t"
        },
        "truncation": {
          "interpretation": "Z<1 indicates amplitude discarded by truncation (operational non-unitarity). Conditioned observables (renormalized) remain cutoff-dependent as leakage grows.",
          "kmax_floor_Nmax_over_2": 20,
          "leakage_1_minus_Z": 1.1102230246251565e-16,
          "mean_occupation_exact_sinh2r": 0.06381298260319039,
          "mean_occupation_truncated_conditioned": 0.0638129826031904,
          "mean_occupation_truncated_raw": 0.06381298260319039,
          "relative_error_conditioned_vs_exact": 2.1747593109870755e-16,
          "relative_error_raw_vs_exact": 0.0,
          "retained_norm_Z": 0.9999999999999999
        }
      }
    },
    {
      "causal_structure": {
        "microcausality": null,
        "note": "This toy targets Hilbert-space truncation, not spacetime causality."
      },
      "coordinates": {
        "Nmax_truncation": 2,
        "r_squeeze": 0.5,
        "t": 1.0
      },
      "curvature_invariants": {
        "kretschmann": null,
        "note": "QFT toy (no spacetime curvature invariants).",
        "ricci_scalar": null
      },
      "local_observables": {
        "dynamics": {
          "gamma": 0.5,
          "model": "single_mode_squeezed_vacuum",
          "r_of_t": "r(t)=gamma*t"
        },
        "truncation": {
          "interpretation": "Z<1 indicates amplitude discarded by truncation (operational non-unitarity). Conditioned observables (renormalized) remain cutoff-dependent as leakage grows.",
          "kmax_floor_Nmax_over_2": 1,
          "leakage_1_minus_Z": 0.018490024469708266,
          "mean_occupation_exact_sinh2r": 0.2715403174076219,
          "mean_occupation_truncated_conditioned": 0.19294983020230208,
          "mean_occupation_truncated_raw": 0.18938218312043545,
          "relative_error_conditioned_vs_exact": -0.2894247453034533,
          "relative_error_raw_vs_exact": -0.3025632991503616,
          "retained_norm_Z": 0.9815099755302917
        }
      }
    },
    {
      "causal_structure": {
        "microcausality": null,
        "note": "This toy targets Hilbert-space truncation, not spacetime causality."
      },
      "coordinates": {
        "Nmax_truncation": 4,
        "r_squeeze": 0.5,
        "t": 1.0
      },
      "curvature_invariants": {
        "kretschmann": null,
        "note": "QFT toy (no spacetime curvature invariants).",
        "ricci_scalar": null
      },
      "local_observables": {
        "dynamics": {
          "gamma": 0.5,
          "model": "single_mode_squeezed_vacuum",
          "r_of_t": "r(t)=gamma*t"
        },
        "truncation": {
          "interpretation": "Z<1 indicates amplitude discarded by truncation (operational non-unitarity). Conditioned observables (renormalized) remain cutoff-dependent as leakage grows.",
          "kmax_floor_Nmax_over_2": 2,
          "leakage_1_minus_Z": 0.0033239015167466635,
          "mean_occupation_exact_sinh2r": 0.2715403174076219,
          "mean_occupation_truncated_conditioned": 0.2508805772635704,
          "mean_occupation_truncated_raw": 0.2500466749322817,
          "relative_error_conditioned_vs_exact": -0.07608350885529173,
          "relative_error_raw_vs_exact": -0.07915451628155488,
          "retained_norm_Z": 0.9966760984832533
        }
      }
    },
    {
      "causal_structure": {
        "microcausality": null,
        "note": "This toy targets Hilbert-space truncation, not spacetime causality."
      },
      "coordinates": {
        "Nmax_truncation": 6,
        "r_squeeze": 0.5,
        "t": 1.0
      },
      "curvature_invariants": {
        "kretschmann": null,
        "note": "QFT toy (no spacetime curvature invariants).",
        "ricci_scalar": null
      },
      "local_observables": {
        "dynamics": {
          "gamma": 0.5,
          "model": "single_mode_squeezed_vacuum",
          "r_of_t": "r(t)=gamma*t"
        },
        "truncation": {
          "interpretation": "Z<1 indicates amplitude discarded by truncation (operational non-unitarity). Conditioned observables (renormalized) remain cutoff-dependent as leakage grows.",
          "kmax_floor_Nmax_over_2": 3,
          "leakage_1_minus_Z": 0.0006249349011446803,
          "mean_occupation_exact_sinh2r": 0.2715403174076219,
          "mean_occupation_truncated_conditioned": 0.2664069616341269,
          "mean_occupation_truncated_raw": 0.26624047462589384,
          "relative_error_conditioned_vs_exact": -0.01890458044132384,
          "relative_error_raw_vs_exact": -0.019517701210359225,
          "retained_norm_Z": 0.9993750650988553
        }
      }
    },
    {
      "causal_structure": {
        "microcausality": null,
        "note": "This toy targets Hilbert-space truncation, not spacetime causality."
      },
      "coordinates": {
        "Nmax_truncation": 10,
        "r_squeeze": 0.5,
        "t": 1.0
      },
      "curvature_invariants": {
        "kretschmann": null,
        "note": "QFT toy (no spacetime curvature invariants).",
        "ricci_scalar": null
      },
      "local_observables": {
        "dynamics": {
          "gamma": 0.5,
          "model": "single_mode_squeezed_vacuum",
          "r_of_t": "r(t)=gamma*t"
        },
        "truncation": {
          "interpretation": "Z<1 indicates amplitude discarded by truncation (operational non-unitarity). Conditioned observables (renormalized) remain cutoff-dependent as leakage grows.",
          "kmax_floor_Nmax_over_2": 5,
          "leakage_1_minus_Z": 2.368116064466186e-05,
          "mean_occupation_exact_sinh2r": 0.2715403174076219,
          "mean_occupation_truncated_conditioned": 0.2712507872953932,
          "mean_occupation_truncated_raw": 0.2712443637619243,
          "relative_error_conditioned_vs_exact": -0.0010662509162279626,
          "relative_error_raw_vs_exact": -0.0010899068268133165,
          "retained_norm_Z": 0.9999763188393553
        }
      }
    },
    {
      "causal_structure": {
        "microcausality": null,
        "note": "This toy targets Hilbert-space truncation, not spacetime causality."
      },
      "coordinates": {
        "Nmax_truncation": 20,
        "r_squeeze": 0.5,
        "t": 1.0
      },
      "curvature_invariants": {
        "kretschmann": null,
        "note": "QFT toy (no spacetime curvature invariants).",
        "ricci_scalar": null
      },
      "local_observables": {
        "dynamics": {
          "gamma": 0.5,
          "model": "single_mode_squeezed_vacuum",
          "r_of_t": "r(t)=gamma*t"
        },
        "truncation": {
          "interpretation": "Z<1 indicates amplitude discarded by truncation (operational non-unitarity). Conditioned observables (renormalized) remain cutoff-dependent as leakage grows.",
          "kmax_floor_Nmax_over_2": 10,
          "leakage_1_minus_Z": 7.90156728935898e-09,
          "mean_occupation_exact_sinh2r": 0.2715403174076219,
          "mean_occupation_truncated_conditioned": 0.27154014164397633,
          "mean_occupation_truncated_raw": 0.2715401394983836,
          "relative_error_conditioned_vs_exact": -6.472837892375067e-07,
          "relative_error_raw_vs_exact": -6.551853514216794e-07,
          "retained_norm_Z": 0.9999999920984327
        }
      }
    },
    {
      "causal_structure": {
        "microcausality": null,
        "note": "This toy targets Hilbert-space truncation, not spacetime causality."
      },
      "coordinates": {
        "Nmax_truncation": 40,
        "r_squeeze": 0.5,
        "t": 1.0
      },
      "curvature_invariants": {
        "kretschmann": null,
        "note": "QFT toy (no spacetime curvature invariants).",
        "ricci_scalar": null
      },
      "local_observables": {
        "dynamics": {
          "gamma": 0.5,
          "model": "single_mode_squeezed_vacuum",
          "r_of_t": "r(t)=gamma*t"
        },
        "truncation": {
          "interpretation": "Z<1 indicates amplitude discarded by truncation (operational non-unitarity). Conditioned observables (renormalized) remain cutoff-dependent as leakage grows.",
          "kmax_floor_Nmax_over_2": 20,
          "leakage_1_minus_Z": 9.992007221626409e-16,
          "mean_occupation_exact_sinh2r": 0.2715403174076219,
          "mean_occupation_truncated_conditioned": 0.27154031740757373,
          "mean_occupation_truncated_raw": 0.27154031740757345,
          "relative_error_conditioned_vs_exact": -1.7744576469799516e-13,
          "relative_error_raw_vs_exact": -1.7846791772044903e-13,
          "retained_norm_Z": 0.999999999999999
        }
      }
    },
    {
      "causal_structure": {
        "microcausality": null,
        "note": "This toy targets Hilbert-space truncation, not spacetime causality."
      },
      "coordinates": {
        "Nmax_truncation": 2,
        "r_squeeze": 0.75,
        "t": 1.5
      },
      "curvature_invariants": {
        "kretschmann": null,
        "note": "QFT toy (no spacetime curvature invariants).",
        "ricci_scalar": null
      },
      "local_observables": {
        "dynamics": {
          "gamma": 0.5,
          "model": "single_mode_squeezed_vacuum",
          "r_of_t": "r(t)=gamma*t"
        },
        "truncation": {
          "interpretation": "Z<1 indicates amplitude discarded by truncation (operational non-unitarity). Conditioned observables (renormalized) remain cutoff-dependent as leakage grows.",
          "kmax_floor_Nmax_over_2": 1,
          "leakage_1_minus_Z": 0.07181384815724845,
          "mean_occupation_exact_sinh2r": 0.6762048076216237,
          "mean_occupation_truncated_conditioned": 0.33570093170681425,
          "mean_occupation_truncated_raw": 0.31159295597097425,
          "relative_error_conditioned_vs_exact": -0.5035513975602217,
          "relative_error_raw_vs_exact": -0.5392032821137102,
          "retained_norm_Z": 0.9281861518427516
        }
      }
    },
    {
      "causal_structure": {
        "microcausality": null,
        "note": "This toy targets Hilbert-space truncation, not spacetime causality."
      },
      "coordinates": {
        "Nmax_truncation": 4,
        "r_squeeze": 0.75,
        "t": 1.5
      },
      "curvature_invariants": {
        "kretschmann": null,
        "note": "QFT toy (no spacetime curvature invariants).",
        "ricci_scalar": null
      },
      "local_observables": {
        "dynamics": {
          "gamma": 0.5,
          "model": "single_mode_squeezed_vacuum",
          "r_of_t": "r(t)=gamma*t"
        },
        "truncation": {
          "interpretation": "Z<1 indicates amplitude discarded by truncation (operational non-unitarity). Conditioned observables (renormalized) remain cutoff-dependent as leakage grows.",
          "kmax_floor_Nmax_over_2": 2,
          "leakage_1_minus_Z": 0.02467596547790052,
          "mean_occupation_exact_sinh2r": 0.6762048076216237,
          "mean_occupation_truncated_conditioned": 0.512798279326145,
          "mean_occupation_truncated_raw": 0.5001444866883662,
          "relative_error_conditioned_vs_exact": -0.24165242017462008,
          "relative_error_raw_vs_exact": -0.2603653788746406,
          "retained_norm_Z": 0.9753240345220995
        }
      }
    },
    {
      "causal_structure": {
        "microcausality": null,
        "note": "This toy targets Hilbert-space truncation, not spacetime causality."
      },
      "coordinates": {
        "Nmax_truncation": 6,
        "r_squeeze": 0.75,
        "t": 1.5
      },
      "curvature_invariants": {
        "kretschmann": null,
        "note": "QFT toy (no spacetime curvature invariants).",
        "ricci_scalar": null
      },
      "local_observables": {
        "dynamics": {
          "gamma": 0.5,
          "model": "single_mode_squeezed_vacuum",
          "r_of_t": "r(t)=gamma*t"
        },
        "truncation": {
          "interpretation": "Z<1 indicates amplitude discarded by truncation (operational non-unitarity). Conditioned observables (renormalized) remain cutoff-dependent as leakage grows.",
          "kmax_floor_Nmax_over_2": 3,
          "leakage_1_minus_Z": 0.008829223110885076,
          "mean_occupation_exact_sinh2r": 0.6762048076216237,
          "mean_occupation_truncated_conditioned": 0.6005271288956179,
          "mean_occupation_truncated_raw": 0.5952249408904592,
          "relative_error_conditioned_vs_exact": -0.11191532191582988,
          "relative_error_raw_vs_exact": -0.11975641967999363,
          "retained_norm_Z": 0.9911707768891149
        }
      }
    },
    {
      "causal_structure": {
        "microcausality": null,
        "note": "This toy targets Hilbert-space truncation, not spacetime causality."
      },
      "coordinates": {
        "Nmax_truncation": 10,
        "r_squeeze": 0.75,
        "t": 1.5
      },
      "curvature_invariants": {
        "kretschmann": null,
        "note": "QFT toy (no spacetime curvature invariants).",
        "ricci_scalar": null
      },
      "local_observables": {
        "dynamics": {
          "gamma": 0.5,
          "model": "single_mode_squeezed_vacuum",
          "r_of_t": "r(t)=gamma*t"
        },
        "truncation": {
          "interpretation": "Z<1 indicates amplitude discarded by truncation (operational non-unitarity). Conditioned observables (renormalized) remain cutoff-dependent as leakage grows.",
          "kmax_floor_Nmax_over_2": 5,
          "leakage_1_minus_Z": 0.0012046020326350604,
          "mean_occupation_exact_sinh2r": 0.6762048076216237,
          "mean_occupation_truncated_conditioned": 0.6610800887557235,
          "mean_occupation_truncated_raw": 0.6602837503370739,
          "relative_error_conditioned_vs_exact": -0.022367067928868282,
          "relative_error_raw_vs_exact": -0.02354472654601209,
          "retained_norm_Z": 0.9987953979673649
        }
      }
    },
    {
      "causal_structure": {
        "microcausality": null,
        "note": "This toy targets Hilbert-space truncation, not spacetime causality."
      },
      "coordinates": {
        "Nmax_truncation": 20,
        "r_squeeze": 0.75,
        "t": 1.5
      },
      "curvature_invariants": {
        "kretschmann": null,
        "note": "QFT toy (no spacetime curvature invariants).",
        "ricci_scalar": null
      },
      "local_observables": {
        "dynamics": {
          "gamma": 0.5,
          "model": "single_mode_squeezed_vacuum",
          "r_of_t": "r(t)=gamma*t"
        },
        "truncation": {
          "interpretation": "Z<1 indicates amplitude discarded by truncation (operational non-unitarity). Conditioned observables (renormalized) remain cutoff-dependent as leakage grows.",
          "kmax_floor_Nmax_over_2": 10,
          "leakage_1_minus_Z": 9.765361774216608e-06,
          "mean_occupation_exact_sinh2r": 0.6762048076216237,
          "mean_occupation_truncated_conditioned": 0.6759841857275043,
          "mean_occupation_truncated_raw": 0.675977584497377,
          "relative_error_conditioned_vs_exact": -0.00032626490026801535,
          "relative_error_raw_vs_exact": -0.00033602707594748027,
          "retained_norm_Z": 0.9999902346382258
        }
      }
    },
    {
      "causal_structure": {
        "microcausality": null,
        "note": "This toy targets Hilbert-space truncation, not spacetime causality."
      },
      "coordinates": {
        "Nmax_truncation": 40,
        "r_squeeze": 0.75,
        "t": 1.5
      },
      "curvature_invariants": {
        "kretschmann": null,
        "note": "QFT toy (no spacetime curvature invariants).",
        "ricci_scalar": null
      },
      "local_observables": {
        "dynamics": {
          "gamma": 0.5,
          "model": "single_mode_squeezed_vacuum",
          "r_of_t": "r(t)=gamma*t"
        },
        "truncation": {
          "interpretation": "Z<1 indicates amplitude discarded by truncation (operational non-unitarity). Conditioned observables (renormalized) remain cutoff-dependent as leakage grows.",
          "kmax_floor_Nmax_over_2": 20,
          "leakage_1_minus_Z": 8.207717838715212e-10,
          "mean_occupation_exact_sinh2r": 0.6762048076216237,
          "mean_occupation_truncated_conditioned": 0.6762047726337121,
          "mean_occupation_truncated_raw": 0.6762047720787023,
          "relative_error_conditioned_vs_exact": -5.174158949125941e-08,
          "relative_error_raw_vs_exact": -5.256236125985364e-08,
          "retained_norm_Z": 0.9999999991792282
        }
      }
    },
    {
      "causal_structure": {
        "microcausality": null,
        "note": "This toy targets Hilbert-space truncation, not spacetime causality."
      },
      "coordinates": {
        "Nmax_truncation": 2,
        "r_squeeze": 1.0,
        "t": 2.0
      },
      "curvature_invariants": {
        "kretschmann": null,
        "note": "QFT toy (no spacetime curvature invariants).",
        "ricci_scalar": null
      },
      "local_observables": {
        "dynamics": {
          "gamma": 0.5,
          "model": "single_mode_squeezed_vacuum",
          "r_of_t": "r(t)=gamma*t"
        },
        "truncation": {
          "interpretation": "Z<1 indicates amplitude discarded by truncation (operational non-unitarity). Conditioned observables (renormalized) remain cutoff-dependent as leakage grows.",
          "kmax_floor_Nmax_over_2": 1,
          "leakage_1_minus_Z": 0.16400167296024493,
          "mean_occupation_exact_sinh2r": 1.3810978455418155,
          "mean_occupation_truncated_conditioned": 0.4496278217239354,
          "mean_occupation_truncated_raw": 0.3758881067517392,
          "relative_error_conditioned_vs_exact": -0.6744417325859032,
          "relative_error_raw_vs_exact": -0.7278338330878539,
          "retained_norm_Z": 0.8359983270397551
        }
      }
    },
    {
      "causal_structure": {
        "microcausality": null,
        "note": "This toy targets Hilbert-space truncation, not spacetime causality."
      },
      "coordinates": {
        "Nmax_truncation": 4,
        "r_squeeze": 1.0,
        "t": 2.0
      },
      "curvature_invariants": {
        "kretschmann": null,
        "note": "QFT toy (no spacetime curvature invariants).",
        "ricci_scalar": null
      },
      "local_observables": {
        "dynamics": {
          "gamma": 0.5,
          "model": "single_mode_squeezed_vacuum",
          "r_of_t": "r(t)=gamma*t"
        },
        "truncation": {
          "interpretation": "Z<1 indicates amplitude discarded by truncation (operational non-unitarity). Conditioned observables (renormalized) remain cutoff-dependent as leakage grows.",
          "kmax_floor_Nmax_over_2": 2,
          "leakage_1_minus_Z": 0.08224239298594438,
          "mean_occupation_exact_sinh2r": 1.3810978455418155,
          "mean_occupation_truncated_conditioned": 0.7659159905368956,
          "mean_occupation_truncated_raw": 0.7029252266489414,
          "relative_error_conditioned_vs_exact": -0.44542959573119834,
          "relative_error_raw_vs_exact": -0.49103879285744717,
          "retained_norm_Z": 0.9177576070140556
        }
      }
    },
    {
      "causal_structure": {
        "microcausality": null,
        "note": "This toy targets Hilbert-space truncation, not spacetime causality."
      },
      "coordinates": {
        "Nmax_truncation": 6,
        "r_squeeze": 1.0,
        "t": 2.0
      },
      "curvature_invariants": {
        "kretschmann": null,
        "note": "QFT toy (no spacetime curvature invariants).",
        "ricci_scalar": null
      },
      "local_observables": {
        "dynamics": {
          "gamma": 0.5,
          "model": "single_mode_squeezed_vacuum",
          "r_of_t": "r(t)=gamma*t"
        },
        "truncation": {
          "interpretation": "Z<1 indicates amplitude discarded by truncation (operational non-unitarity). Conditioned observables (renormalized) remain cutoff-dependent as leakage grows.",
          "kmax_floor_Nmax_over_2": 3,
          "leakage_1_minus_Z": 0.04272365948906365,
          "mean_occupation_exact_sinh2r": 1.3810978455418155,
          "mean_occupation_truncated_conditioned": 0.98199191586464,
          "mean_occupation_truncated_raw": 0.9400376276302258,
          "relative_error_conditioned_vs_exact": -0.28897730234355923,
          "relative_error_raw_vs_exact": -0.3193547939672285,
          "retained_norm_Z": 0.9572763405109364
        }
      }
    },
    {
      "causal_structure": {
        "microcausality": null,
        "note": "This toy targets Hilbert-space truncation, not spacetime causality."
      },
      "coordinates": {
        "Nmax_truncation": 10,
        "r_squeeze": 1.0,
        "t": 2.0
      },
      "curvature_invariants": {
        "kretschmann": null,
        "note": "QFT toy (no spacetime curvature invariants).",
        "ricci_scalar": null
      },
      "local_observables": {
        "dynamics": {
          "gamma": 0.5,
          "model": "single_mode_squeezed_vacuum",
          "r_of_t": "r(t)=gamma*t"
        },
        "truncation": {
          "interpretation": "Z<1 indicates amplitude discarded by truncation (operational non-unitarity). Conditioned observables (renormalized) remain cutoff-dependent as leakage grows.",
          "kmax_floor_Nmax_over_2": 5,
          "leakage_1_minus_Z": 0.012196983418980456,
          "mean_occupation_exact_sinh2r": 1.3810978455418155,
          "mean_occupation_truncated_conditioned": 1.2200723009796246,
          "mean_occupation_truncated_raw": 1.2051910993546189,
          "relative_error_conditioned_vs_exact": -0.11659242325370459,
          "relative_error_raw_vs_exact": -0.1273673308194808,
          "retained_norm_Z": 0.9878030165810195
        }
      }
    },
    {
      "causal_structure": {
        "microcausality": null,
        "note": "This toy targets Hilbert-space truncation, not spacetime causality."
      },
      "coordinates": {
        "Nmax_truncation": 20,
        "r_squeeze": 1.0,
        "t": 2.0
      },
      "curvature_invariants": {
        "kretschmann": null,
        "note": "QFT toy (no spacetime curvature invariants).",
        "ricci_scalar": null
      },
      "local_observables": {
        "dynamics": {
          "gamma": 0.5,
          "model": "single_mode_squeezed_vacuum",
          "r_of_t": "r(t)=gamma*t"
        },
        "truncation": {
          "interpretation": "Z<1 indicates amplitude discarded by truncation (operational non-unitarity). Conditioned observables (renormalized) remain cutoff-dependent as leakage grows.",
          "kmax_floor_Nmax_over_2": 10,
          "leakage_1_minus_Z": 0.0006162802707860848,
          "mean_occupation_exact_sinh2r": 1.3810978455418155,
          "mean_occupation_truncated_conditioned": 1.3668156969846141,
          "mean_occupation_truncated_raw": 1.3659733554367617,
          "relative_error_conditioned_vs_exact": -0.010341156206494796,
          "relative_error_raw_vs_exact": -0.010951063426733776,
          "retained_norm_Z": 0.9993837197292139
        }
      }
    },
    {
      "causal_structure": {
        "microcausality": null,
        "note": "This toy targets Hilbert-space truncation, not spacetime causality."
      },
      "coordinates": {
        "Nmax_truncation": 40,
        "r_squeeze": 1.0,
        "t": 2.0
      },
      "curvature_invariants": {
        "kretschmann": null,
        "note": "QFT toy (no spacetime curvature invariants).",
        "ricci_scalar": null
      },
      "local_observables": {
        "dynamics": {
          "gamma": 0.5,
          "model": "single_mode_squeezed_vacuum",
          "r_of_t": "r(t)=gamma*t"
        },
        "truncation": {
          "interpretation": "Z<1 indicates amplitude discarded by truncation (operational non-unitarity). Conditioned observables (renormalized) remain cutoff-dependent as leakage grows.",
          "kmax_floor_Nmax_over_2": 20,
          "leakage_1_minus_Z": 1.9759346583381188e-06,
          "mean_occupation_exact_sinh2r": 1.3810978455418155,
          "mean_occupation_truncated_conditioned": 1.381012385979589,
          "mean_occupation_truncated_raw": 1.381009657189352,
          "relative_error_conditioned_vs_exact": -6.187799257109119e-05,
          "relative_error_raw_vs_exact": -6.385380496259835e-05,
          "retained_norm_Z": 0.9999980240653417
        }
      }
    },
    {
      "causal_structure": {
        "microcausality": null,
        "note": "This toy targets Hilbert-space truncation, not spacetime causality."
      },
      "coordinates": {
        "Nmax_truncation": 2,
        "r_squeeze": 1.25,
        "t": 2.5
      },
      "curvature_invariants": {
        "kretschmann": null,
        "note": "QFT toy (no spacetime curvature invariants).",
        "ricci_scalar": null
      },
      "local_observables": {
        "dynamics": {
          "gamma": 0.5,
          "model": "single_mode_squeezed_vacuum",
          "r_of_t": "r(t)=gamma*t"
        },
        "truncation": {
          "interpretation": "Z<1 indicates amplitude discarded by truncation (operational non-unitarity). Conditioned observables (renormalized) remain cutoff-dependent as leakage grows.",
          "kmax_floor_Nmax_over_2": 1,
          "leakage_1_minus_Z": 0.2799325493839637,
          "mean_occupation_exact_sinh2r": 2.566144739831843,
          "mean_occupation_truncated_conditioned": 0.529187430002556,
          "mean_occupation_truncated_raw": 0.38105064361999264,
          "relative_error_conditioned_vs_exact": -0.7937811450038343,
          "relative_error_raw_vs_exact": -0.851508514813953,
          "retained_norm_Z": 0.7200674506160363
        }
      }
    },
    {
      "causal_structure": {
        "microcausality": null,
        "note": "This toy targets Hilbert-space truncation, not spacetime causality."
      },
      "coordinates": {
        "Nmax_truncation": 4,
        "r_squeeze": 1.25,
        "t": 2.5
      },
      "curvature_invariants": {
        "kretschmann": null,
        "note": "QFT toy (no spacetime curvature invariants).",
        "ricci_scalar": null
      },
      "local_observables": {
        "dynamics": {
          "gamma": 0.5,
          "model": "single_mode_squeezed_vacuum",
          "r_of_t": "r(t)=gamma*t"
        },
        "truncation": {
          "interpretation": "Z<1 indicates amplitude discarded by truncation (operational non-unitarity). Conditioned observables (renormalized) remain cutoff-dependent as leakage grows.",
          "kmax_floor_Nmax_over_2": 2,
          "leakage_1_minus_Z": 0.17710815749096698,
          "mean_occupation_exact_sinh2r": 2.566144739831843,
          "mean_occupation_truncated_conditioned": 0.9628825688392726,
          "mean_occupation_truncated_raw": 0.7923482111919798,
          "relative_error_conditioned_vs_exact": -0.6247746458360843,
          "relative_error_raw_vs_exact": -0.6912301169559509,
          "retained_norm_Z": 0.822891842509033
        }
      }
    },
    {
      "causal_structure": {
        "microcausality": null,
        "note": "This toy targets Hilbert-space truncation, not spacetime causality."
      },
      "coordinates": {
        "Nmax_truncation": 6,
        "r_squeeze": 1.25,
        "t": 2.5
      },
      "curvature_invariants": {
        "kretschmann": null,
        "note": "QFT toy (no spacetime curvature invariants).",
        "ricci_scalar": null
      },
      "local_observables": {
        "dynamics": {
          "gamma": 0.5,
          "model": "single_mode_squeezed_vacuum",
          "r_of_t": "r(t)=gamma*t"
        },
        "truncation": {
          "interpretation": "Z<1 indicates amplitude discarded by truncation (operational non-unitarity). Conditioned observables (renormalized) remain cutoff-dependent as leakage grows.",
          "kmax_floor_Nmax_over_2": 3,
          "leakage_1_minus_Z": 0.11544907099076884,
          "mean_occupation_exact_sinh2r": 2.566144739831843,
          "mean_occupation_truncated_conditioned": 1.314003176159729,
          "mean_occupation_truncated_raw": 1.1623027301931688,
          "relative_error_conditioned_vs_exact": -0.48794658548923686,
          "relative_error_raw_vs_exact": -0.5470626764921556,
          "retained_norm_Z": 0.8845509290092312
        }
      }
    },
    {
      "causal_structure": {
        "microcausality": null,
        "note": "This toy targets Hilbert-space truncation, not spacetime causality."
      },
      "coordinates": {
        "Nmax_truncation": 10,
        "r_squeeze": 1.25,
        "t": 2.5
      },
      "curvature_invariants": {
        "kretschmann": null,
        "note": "QFT toy (no spacetime curvature invariants).",
        "ricci_scalar": null
      },
      "local_observables": {
        "dynamics": {
          "gamma": 0.5,
          "model": "single_mode_squeezed_vacuum",
          "r_of_t": "r(t)=gamma*t"
        },
        "truncation": {
          "interpretation": "Z<1 indicates amplitude discarded by truncation (operational non-unitarity). Conditioned observables (renormalized) remain cutoff-dependent as leakage grows.",
          "kmax_floor_Nmax_over_2": 5,
          "leakage_1_minus_Z": 0.05148352342738505,
          "mean_occupation_exact_sinh2r": 2.566144739831843,
          "mean_occupation_truncated_conditioned": 1.817904659431327,
          "mean_occupation_truncated_raw": 1.7243125223087419,
          "relative_error_conditioned_vs_exact": -0.2915814017760928,
          "relative_error_raw_vs_exact": -0.3280532872741487,
          "retained_norm_Z": 0.948516476572615
        }
      }
    },
    {
      "causal_structure": {
        "microcausality": null,
        "note": "This toy targets Hilbert-space truncation, not spacetime causality."
      },
      "coordinates": {
        "Nmax_truncation": 20,
        "r_squeeze": 1.25,
        "t": 2.5
      },
      "curvature_invariants": {
        "kretschmann": null,
        "note": "QFT toy (no spacetime curvature invariants).",
        "ricci_scalar": null
      },
      "local_observables": {
        "dynamics": {
          "gamma": 0.5,
          "model": "single_mode_squeezed_vacuum",
          "r_of_t": "r(t)=gamma*t"
        },
        "truncation": {
          "interpretation": "Z<1 indicates amplitude discarded by truncation (operational non-unitarity). Conditioned observables (renormalized) remain cutoff-dependent as leakage grows.",
          "kmax_floor_Nmax_over_2": 10,
          "leakage_1_minus_Z": 0.007787769134999234,
          "mean_occupation_exact_sinh2r": 2.566144739831843,
          "mean_occupation_truncated_conditioned": 2.3775120980693236,
          "mean_occupation_truncated_raw": 2.358996582733892,
          "relative_error_conditioned_vs_exact": -0.07350818480132972,
          "relative_error_raw_vs_exact": -0.08072348916356331,
          "retained_norm_Z": 0.9922122308650008
        }
      }
    },
    {
      "causal_structure": {
        "microcausality": null,
        "note": "This toy targets Hilbert-space truncation, not spacetime causality."
      },
      "coordinates": {
        "Nmax_truncation": 40,
        "r_squeeze": 1.25,
        "t": 2.5
      },
      "curvature_invariants": {
        "kretschmann": null,
        "note": "QFT toy (no spacetime curvature invariants).",
        "ricci_scalar": null
      },
      "local_observables": {
        "dynamics": {
          "gamma": 0.5,
          "model": "single_mode_squeezed_vacuum",
          "r_of_t": "r(t)=gamma*t"
        },
        "truncation": {
          "interpretation": "Z<1 indicates amplitude discarded by truncation (operational non-unitarity). Conditioned observables (renormalized) remain cutoff-dependent as leakage grows.",
          "kmax_floor_Nmax_over_2": 20,
          "leakage_1_minus_Z": 0.0002187993729197979,
          "mean_occupation_exact_sinh2r": 2.566144739831843,
          "mean_occupation_truncated_conditioned": 2.556464185782703,
          "mean_occupation_truncated_raw": 2.555904833021962,
          "relative_error_conditioned_vs_exact": -0.0037724115475162826,
          "relative_error_raw_vs_exact": -0.003990385519155035,
          "retained_norm_Z": 0.9997812006270802
        }
      }
    },
    {
      "causal_structure": {
        "microcausality": null,
        "note": "This toy targets Hilbert-space truncation, not spacetime causality."
      },
      "coordinates": {
        "Nmax_truncation": 2,
        "r_squeeze": 1.5,
        "t": 3.0
      },
      "curvature_invariants": {
        "kretschmann": null,
        "note": "QFT toy (no spacetime curvature invariants).",
        "ricci_scalar": null
      },
      "local_observables": {
        "dynamics": {
          "gamma": 0.5,
          "model": "single_mode_squeezed_vacuum",
          "r_of_t": "r(t)=gamma*t"
        },
        "truncation": {
          "interpretation": "Z<1 indicates amplitude discarded by truncation (operational non-unitarity). Conditioned observables (renormalized) remain cutoff-dependent as leakage grows.",
          "kmax_floor_Nmax_over_2": 1,
          "leakage_1_minus_Z": 0.400764785433674,
          "mean_occupation_exact_sinh2r": 4.533830997888882,
          "mean_occupation_truncated_conditioned": 0.5812047603045899,
          "mean_occupation_truncated_raw": 0.34827835924809103,
          "relative_error_conditioned_vs_exact": -0.8718071404568851,
          "relative_error_raw_vs_exact": -0.9231823243058106,
          "retained_norm_Z": 0.599235214566326
        }
      }
    },
    {
      "causal_structure": {
        "microcausality": null,
        "note": "This toy targets Hilbert-space truncation, not spacetime causality."
      },
      "coordinates": {
        "Nmax_truncation": 4,
        "r_squeeze": 1.5,
        "t": 3.0
      },
      "curvature_invariants": {
        "kretschmann": null,
        "note": "QFT toy (no spacetime curvature invariants).",
        "ricci_scalar": null
      },
      "local_observables": {
        "dynamics": {
          "gamma": 0.5,
          "model": "single_mode_squeezed_vacuum",
          "r_of_t": "r(t)=gamma*t"
        },
        "truncation": {
          "interpretation": "Z<1 indicates amplitude discarded by truncation (operational non-unitarity). Conditioned observables (renormalized) remain cutoff-dependent as leakage grows.",
          "kmax_floor_Nmax_over_2": 2,
          "leakage_1_minus_Z": 0.29376148010672687,
          "mean_occupation_exact_sinh2r": 4.533830997888882,
          "mean_occupation_truncated_conditioned": 1.0991917867538472,
          "mean_occupation_truncated_raw": 0.7762915805558794,
          "relative_error_conditioned_vs_exact": -0.7575578385551488,
          "relative_error_raw_vs_exact": -0.8287780067414623,
          "retained_norm_Z": 0.7062385198932731
        }
      }
    },
    {
      "causal_structure": {
        "microcausality": null,
        "note": "This toy targets Hilbert-space truncation, not spacetime causality."
      },
      "coordinates": {
        "Nmax_truncation": 6,
        "r_squeeze": 1.5,
        "t": 3.0
      },
      "curvature_invariants": {
        "kretschmann": null,
        "note": "QFT toy (no spacetime curvature invariants).",
        "ricci_scalar": null
      },
      "local_observables": {
        "dynamics": {
          "gamma": 0.5,
          "model": "single_mode_squeezed_vacuum",
          "r_of_t": "r(t)=gamma*t"
        },
        "truncation": {
          "interpretation": "Z<1 indicates amplitude discarded by truncation (operational non-unitarity). Conditioned observables (renormalized) remain cutoff-dependent as leakage grows.",
          "kmax_floor_Nmax_over_2": 3,
          "leakage_1_minus_Z": 0.2207055653837322,
          "mean_occupation_exact_sinh2r": 4.533830997888882,
          "mean_occupation_truncated_conditioned": 1.5586240770369955,
          "mean_occupation_truncated_raw": 1.2146270688938476,
          "relative_error_conditioned_vs_exact": -0.6562236047698408,
          "relative_error_raw_vs_exact": -0.7320969684446944,
          "retained_norm_Z": 0.7792944346162678
        }
      }
    },
    {
      "causal_structure": {
        "microcausality": null,
        "note": "This toy targets Hilbert-space truncation, not spacetime causality."
      },
      "coordinates": {
        "Nmax_truncation": 10,
        "r_squeeze": 1.5,
        "t": 3.0
      },
      "curvature_invariants": {
        "kretschmann": null,
        "note": "QFT toy (no spacetime curvature invariants).",
        "ricci_scalar": null
      },
      "local_observables": {
        "dynamics": {
          "gamma": 0.5,
          "model": "single_mode_squeezed_vacuum",
          "r_of_t": "r(t)=gamma*t"
        },
        "truncation": {
          "interpretation": "Z<1 indicates amplitude discarded by truncation (operational non-unitarity). Conditioned observables (renormalized) remain cutoff-dependent as leakage grows.",
          "kmax_floor_Nmax_over_2": 5,
          "leakage_1_minus_Z": 0.12971555888508146,
          "mean_occupation_exact_sinh2r": 4.533830997888882,
          "mean_occupation_truncated_conditioned": 2.3208299989058485,
          "mean_occupation_truncated_raw": 2.0197822385205133,
          "relative_error_conditioned_vs_exact": -0.48810840104394887,
          "relative_error_raw_vs_exact": -0.554508705891111,
          "retained_norm_Z": 0.8702844411149185
        }
      }
    },
    {
      "causal_structure": {
        "microcausality": null,
        "note": "This toy targets Hilbert-space truncation, not spacetime causality."
      },
      "coordinates": {
        "Nmax_truncation": 20,
        "r_squeeze": 1.5,
        "t": 3.0
      },
      "curvature_invariants": {
        "kretschmann": null,
        "note": "QFT toy (no spacetime curvature invariants).",
        "ricci_scalar": null
      },
      "local_observables": {
        "dynamics": {
          "gamma": 0.5,
          "model": "single_mode_squeezed_vacuum",
          "r_of_t": "r(t)=gamma*t"
        },
        "truncation": {
          "interpretation": "Z<1 indicates amplitude discarded by truncation (operational non-unitarity). Conditioned observables (renormalized) remain cutoff-dependent as leakage grows.",
          "kmax_floor_Nmax_over_2": 10,
          "leakage_1_minus_Z": 0.03838137541981379,
          "mean_occupation_exact_sinh2r": 4.533830997888882,
          "mean_occupation_truncated_conditioned": 3.5232716939635247,
          "mean_occupation_truncated_raw": 3.3880436803715073,
          "relative_error_conditioned_vs_exact": -0.22289302455162324,
          "relative_error_raw_vs_exact": -0.2527194591176634,
          "retained_norm_Z": 0.9616186245801862
        }
      }
    },
    {
      "causal_structure": {
        "microcausality": null,
        "note": "This toy targets Hilbert-space truncation, not spacetime causality."
      },
      "coordinates": {
        "Nmax_truncation": 40,
        "r_squeeze": 1.5,
        "t": 3.0
      },
      "curvature_invariants": {
        "kretschmann": null,
        "note": "QFT toy (no spacetime curvature invariants).",
        "ricci_scalar": null
      },
      "local_observables": {
        "dynamics": {
          "gamma": 0.5,
          "model": "single_mode_squeezed_vacuum",
          "r_of_t": "r(t)=gamma*t"
        },
        "truncation": {
          "interpretation": "Z<1 indicates amplitude discarded by truncation (operational non-unitarity). Conditioned observables (renormalized) remain cutoff-dependent as leakage grows.",
          "kmax_floor_Nmax_over_2": 20,
          "leakage_1_minus_Z": 0.004022242968729661,
          "mean_occupation_exact_sinh2r": 4.533830997888882,
          "mean_occupation_truncated_conditioned": 4.349129116044532,
          "mean_occupation_truncated_raw": 4.331635862037424,
          "relative_error_conditioned_vs_exact": -0.04073858993208039,
          "relative_error_raw_vs_exact": -0.04459697239389983,
          "retained_norm_Z": 0.9959777570312703
        }
      }
    }
  ],
  "spacetime": "N/A (flat background; mode-level model)",
  "theory": "Quantum Field Theory (toy): single-mode Bogoliubov/squeezing + Hilbert-space truncation",
  "toy_id": "061",
  "units": {
    "G": 1,
    "c": 1
  }
}