{
  "notes": {
    "assumptions": [
      "Exact gauge invariance",
      "Charged excitations require dressing"
    ],
    "pressure_point": "Gauge invariance forbids strictly local charged observables. Physical operators must be nonlocal, with unavoidable dressing."
  },
  "observables": {
    "failure_flags": {
      "local_charged_operator": false,
      "locality_gauge_compatibility": false
    },
    "regime_classification": {
      "long_dressing": "manifestly_nonlocal",
      "short_dressing": "approximately_local"
    }
  },
  "parameters": {
    "charge": 1.0,
    "dressing_lengths": [
      0.5,
      1.0,
      2.0,
      5.0
    ]
  },
  "sample_points": [
    {
      "causal_structure": {
        "strict_local_charged_observable": false
      },
      "coordinates": {
        "dressing_length": 0.5
      },
      "curvature_invariants": {
        "gauge_symmetry": "U(1)"
      },
      "local_observables": {
        "dressed_operator_nonlocality_proxy": 0.4054651081081644,
        "naive_local_charged_operator_valid": false
      }
    },
    {
      "causal_structure": {
        "strict_local_charged_observable": false
      },
      "coordinates": {
        "dressing_length": 1.0
      },
      "curvature_invariants": {
        "gauge_symmetry": "U(1)"
      },
      "local_observables": {
        "dressed_operator_nonlocality_proxy": 0.6931471805599453,
        "naive_local_charged_operator_valid": false
      }
    },
    {
      "causal_structure": {
        "strict_local_charged_observable": false
      },
      "coordinates": {
        "dressing_length": 2.0
      },
      "curvature_invariants": {
        "gauge_symmetry": "U(1)"
      },
      "local_observables": {
        "dressed_operator_nonlocality_proxy": 1.0986122886681098,
        "naive_local_charged_operator_valid": false
      }
    },
    {
      "causal_structure": {
        "strict_local_charged_observable": false
      },
      "coordinates": {
        "dressing_length": 5.0
      },
      "curvature_invariants": {
        "gauge_symmetry": "U(1)"
      },
      "local_observables": {
        "dressed_operator_nonlocality_proxy": 1.791759469228055,
        "naive_local_charged_operator_valid": false
      }
    }
  ],
  "spacetime": "Flat Minkowski (gauge theory)",
  "theory": "Quantum Field Theory",
  "toy_id": "040",
  "units": {
    "c": 1,
    "hbar": 1
  }
}