{
  "notes": {
    "pressure_point": "Composite operators require an ordering prescription. Different orderings produce inequivalent numerical predictions."
  },
  "observables": {
    "summary": {
      "ordering_spread": 0.0
    }
  },
  "parameters": {},
  "sample_points": [
    {
      "causal_structure": {
        "note": "Operator ordering affects observables"
      },
      "coordinates": {
        "state": "vacuum"
      },
      "curvature_invariants": {
        "analogy": null
      },
      "local_observables": {
        "p2_x_ordering": 0.0,
        "p_x_p_ordering": 0.0,
        "weyl_symmetrized": 0.0,
        "x_p2_ordering": 0.0
      }
    }
  ],
  "spacetime": "Single harmonic oscillator",
  "theory": "Quantum Field Theory (operator definition ambiguity)",
  "toy_id": "048",
  "units": {
    "hbar": 1
  }
}