{
  "notes": {
    "assumptions": [
      "Scalar \u03c6^4 interaction",
      "One-loop mass renormalization",
      "Log-divergent structure captured as proxy"
    ],
    "pressure_point": "Renormalization scheme choices affect intermediate quantities. Only specific combinations correspond to physical observables."
  },
  "observables": {
    "failure_flags": {
      "bare_quantity_physical": false,
      "scheme_independent_intermediates": false
    },
    "regime_classification": {
      "fixed_mu": "stable_physics",
      "varying_scheme": "intermediate_shift"
    }
  },
  "parameters": {
    "bare_mass": 1.0,
    "coupling_lambda": 0.5,
    "cutoffs": [
      5.0,
      10.0,
      20.0
    ],
    "subtraction_scale_mu": 2.0
  },
  "sample_points": [
    {
      "causal_structure": {
        "scheme_independent_intermediates": false
      },
      "coordinates": {
        "cutoff_Lambda": 5.0
      },
      "curvature_invariants": {
        "renormalization_scale_mu": 2.0
      },
      "local_observables": {
        "delta_m2_cutoff_scheme": 0.8047189562170501,
        "delta_m2_subtraction_scheme": 0.34657359027997264,
        "physical_mass_squared_invariant": 1.8047189562170503
      }
    },
    {
      "causal_structure": {
        "scheme_independent_intermediates": false
      },
      "coordinates": {
        "cutoff_Lambda": 10.0
      },
      "curvature_invariants": {
        "renormalization_scale_mu": 2.0
      },
      "local_observables": {
        "delta_m2_cutoff_scheme": 1.151292546497023,
        "delta_m2_subtraction_scheme": 0.34657359027997264,
        "physical_mass_squared_invariant": 2.151292546497023
      }
    },
    {
      "causal_structure": {
        "scheme_independent_intermediates": false
      },
      "coordinates": {
        "cutoff_Lambda": 20.0
      },
      "curvature_invariants": {
        "renormalization_scale_mu": 2.0
      },
      "local_observables": {
        "delta_m2_cutoff_scheme": 1.4978661367769954,
        "delta_m2_subtraction_scheme": 0.34657359027997264,
        "physical_mass_squared_invariant": 2.497866136776995
      }
    }
  ],
  "spacetime": "Flat Minkowski (1+1D)",
  "theory": "Quantum Field Theory",
  "toy_id": "025",
  "units": {
    "c": 1,
    "hbar": 1
  }
}