{
  "notes": {
    "pressure_point": "Casimir-like contributions do not have a fixed sign; positivity is not generic."
  },
  "parameters": {
    "L_samples": [
      0.5,
      0.6,
      0.7,
      0.8,
      0.9,
      1.0,
      1.1,
      1.2000000000000002,
      1.3,
      1.4,
      1.5,
      1.6,
      1.7000000000000002,
      1.8,
      1.9000000000000001,
      2.0,
      2.1,
      2.2,
      2.3,
      2.4000000000000004
    ]
  },
  "sample_points": [
    {
      "causal_structure": {
        "note": "Vacuum energy sign depends on boundary conditions."
      },
      "coordinates": {
        "compact_length": 0.5
      },
      "curvature_invariants": {
        "kretschmann": null,
        "note": "Flat-space Casimir proxy.",
        "ricci_scalar": null
      },
      "local_observables": {
        "energy_antiperiodic": 1.0,
        "energy_periodic": -2.0,
        "sign_flip": true
      }
    },
    {
      "causal_structure": {
        "note": "Vacuum energy sign depends on boundary conditions."
      },
      "coordinates": {
        "compact_length": 0.6
      },
      "curvature_invariants": {
        "kretschmann": null,
        "note": "Flat-space Casimir proxy.",
        "ricci_scalar": null
      },
      "local_observables": {
        "energy_antiperiodic": 0.8333333333333334,
        "energy_periodic": -1.6666666666666667,
        "sign_flip": true
      }
    },
    {
      "causal_structure": {
        "note": "Vacuum energy sign depends on boundary conditions."
      },
      "coordinates": {
        "compact_length": 0.7
      },
      "curvature_invariants": {
        "kretschmann": null,
        "note": "Flat-space Casimir proxy.",
        "ricci_scalar": null
      },
      "local_observables": {
        "energy_antiperiodic": 0.7142857142857143,
        "energy_periodic": -1.4285714285714286,
        "sign_flip": true
      }
    },
    {
      "causal_structure": {
        "note": "Vacuum energy sign depends on boundary conditions."
      },
      "coordinates": {
        "compact_length": 0.8
      },
      "curvature_invariants": {
        "kretschmann": null,
        "note": "Flat-space Casimir proxy.",
        "ricci_scalar": null
      },
      "local_observables": {
        "energy_antiperiodic": 0.625,
        "energy_periodic": -1.25,
        "sign_flip": true
      }
    },
    {
      "causal_structure": {
        "note": "Vacuum energy sign depends on boundary conditions."
      },
      "coordinates": {
        "compact_length": 0.9
      },
      "curvature_invariants": {
        "kretschmann": null,
        "note": "Flat-space Casimir proxy.",
        "ricci_scalar": null
      },
      "local_observables": {
        "energy_antiperiodic": 0.5555555555555556,
        "energy_periodic": -1.1111111111111112,
        "sign_flip": true
      }
    },
    {
      "causal_structure": {
        "note": "Vacuum energy sign depends on boundary conditions."
      },
      "coordinates": {
        "compact_length": 1.0
      },
      "curvature_invariants": {
        "kretschmann": null,
        "note": "Flat-space Casimir proxy.",
        "ricci_scalar": null
      },
      "local_observables": {
        "energy_antiperiodic": 0.5,
        "energy_periodic": -1.0,
        "sign_flip": true
      }
    },
    {
      "causal_structure": {
        "note": "Vacuum energy sign depends on boundary conditions."
      },
      "coordinates": {
        "compact_length": 1.1
      },
      "curvature_invariants": {
        "kretschmann": null,
        "note": "Flat-space Casimir proxy.",
        "ricci_scalar": null
      },
      "local_observables": {
        "energy_antiperiodic": 0.45454545454545453,
        "energy_periodic": -0.9090909090909091,
        "sign_flip": true
      }
    },
    {
      "causal_structure": {
        "note": "Vacuum energy sign depends on boundary conditions."
      },
      "coordinates": {
        "compact_length": 1.2000000000000002
      },
      "curvature_invariants": {
        "kretschmann": null,
        "note": "Flat-space Casimir proxy.",
        "ricci_scalar": null
      },
      "local_observables": {
        "energy_antiperiodic": 0.41666666666666663,
        "energy_periodic": -0.8333333333333333,
        "sign_flip": true
      }
    },
    {
      "causal_structure": {
        "note": "Vacuum energy sign depends on boundary conditions."
      },
      "coordinates": {
        "compact_length": 1.3
      },
      "curvature_invariants": {
        "kretschmann": null,
        "note": "Flat-space Casimir proxy.",
        "ricci_scalar": null
      },
      "local_observables": {
        "energy_antiperiodic": 0.3846153846153846,
        "energy_periodic": -0.7692307692307692,
        "sign_flip": true
      }
    },
    {
      "causal_structure": {
        "note": "Vacuum energy sign depends on boundary conditions."
      },
      "coordinates": {
        "compact_length": 1.4
      },
      "curvature_invariants": {
        "kretschmann": null,
        "note": "Flat-space Casimir proxy.",
        "ricci_scalar": null
      },
      "local_observables": {
        "energy_antiperiodic": 0.35714285714285715,
        "energy_periodic": -0.7142857142857143,
        "sign_flip": true
      }
    },
    {
      "causal_structure": {
        "note": "Vacuum energy sign depends on boundary conditions."
      },
      "coordinates": {
        "compact_length": 1.5
      },
      "curvature_invariants": {
        "kretschmann": null,
        "note": "Flat-space Casimir proxy.",
        "ricci_scalar": null
      },
      "local_observables": {
        "energy_antiperiodic": 0.3333333333333333,
        "energy_periodic": -0.6666666666666666,
        "sign_flip": true
      }
    },
    {
      "causal_structure": {
        "note": "Vacuum energy sign depends on boundary conditions."
      },
      "coordinates": {
        "compact_length": 1.6
      },
      "curvature_invariants": {
        "kretschmann": null,
        "note": "Flat-space Casimir proxy.",
        "ricci_scalar": null
      },
      "local_observables": {
        "energy_antiperiodic": 0.3125,
        "energy_periodic": -0.625,
        "sign_flip": true
      }
    },
    {
      "causal_structure": {
        "note": "Vacuum energy sign depends on boundary conditions."
      },
      "coordinates": {
        "compact_length": 1.7000000000000002
      },
      "curvature_invariants": {
        "kretschmann": null,
        "note": "Flat-space Casimir proxy.",
        "ricci_scalar": null
      },
      "local_observables": {
        "energy_antiperiodic": 0.2941176470588235,
        "energy_periodic": -0.588235294117647,
        "sign_flip": true
      }
    },
    {
      "causal_structure": {
        "note": "Vacuum energy sign depends on boundary conditions."
      },
      "coordinates": {
        "compact_length": 1.8
      },
      "curvature_invariants": {
        "kretschmann": null,
        "note": "Flat-space Casimir proxy.",
        "ricci_scalar": null
      },
      "local_observables": {
        "energy_antiperiodic": 0.2777777777777778,
        "energy_periodic": -0.5555555555555556,
        "sign_flip": true
      }
    },
    {
      "causal_structure": {
        "note": "Vacuum energy sign depends on boundary conditions."
      },
      "coordinates": {
        "compact_length": 1.9000000000000001
      },
      "curvature_invariants": {
        "kretschmann": null,
        "note": "Flat-space Casimir proxy.",
        "ricci_scalar": null
      },
      "local_observables": {
        "energy_antiperiodic": 0.2631578947368421,
        "energy_periodic": -0.5263157894736842,
        "sign_flip": true
      }
    },
    {
      "causal_structure": {
        "note": "Vacuum energy sign depends on boundary conditions."
      },
      "coordinates": {
        "compact_length": 2.0
      },
      "curvature_invariants": {
        "kretschmann": null,
        "note": "Flat-space Casimir proxy.",
        "ricci_scalar": null
      },
      "local_observables": {
        "energy_antiperiodic": 0.25,
        "energy_periodic": -0.5,
        "sign_flip": true
      }
    },
    {
      "causal_structure": {
        "note": "Vacuum energy sign depends on boundary conditions."
      },
      "coordinates": {
        "compact_length": 2.1
      },
      "curvature_invariants": {
        "kretschmann": null,
        "note": "Flat-space Casimir proxy.",
        "ricci_scalar": null
      },
      "local_observables": {
        "energy_antiperiodic": 0.23809523809523808,
        "energy_periodic": -0.47619047619047616,
        "sign_flip": true
      }
    },
    {
      "causal_structure": {
        "note": "Vacuum energy sign depends on boundary conditions."
      },
      "coordinates": {
        "compact_length": 2.2
      },
      "curvature_invariants": {
        "kretschmann": null,
        "note": "Flat-space Casimir proxy.",
        "ricci_scalar": null
      },
      "local_observables": {
        "energy_antiperiodic": 0.22727272727272727,
        "energy_periodic": -0.45454545454545453,
        "sign_flip": true
      }
    },
    {
      "causal_structure": {
        "note": "Vacuum energy sign depends on boundary conditions."
      },
      "coordinates": {
        "compact_length": 2.3
      },
      "curvature_invariants": {
        "kretschmann": null,
        "note": "Flat-space Casimir proxy.",
        "ricci_scalar": null
      },
      "local_observables": {
        "energy_antiperiodic": 0.2173913043478261,
        "energy_periodic": -0.4347826086956522,
        "sign_flip": true
      }
    },
    {
      "causal_structure": {
        "note": "Vacuum energy sign depends on boundary conditions."
      },
      "coordinates": {
        "compact_length": 2.4000000000000004
      },
      "curvature_invariants": {
        "kretschmann": null,
        "note": "Flat-space Casimir proxy.",
        "ricci_scalar": null
      },
      "local_observables": {
        "energy_antiperiodic": 0.20833333333333331,
        "energy_periodic": -0.41666666666666663,
        "sign_flip": true
      }
    }
  ],
  "spacetime": "Compactified flat space",
  "theory": "QFT: Casimir vacuum energy sign ambiguity",
  "toy_id": "086",
  "units": {
    "G": 1,
    "c": 1
  }
}