{
  "notes": {
    "assumptions": [
      "Long-range entangled state",
      "Connected correlator retains tail"
    ],
    "pressure_point": "Cluster decomposition can fail due to long-range entanglement or global constraints, preventing independent distant subsystems."
  },
  "observables": {
    "failure_flags": {
      "cluster_decomposition": false,
      "independent_subsystems": false
    },
    "regime_classification": {
      "large_distance": "residual_entanglement",
      "short_distance": "strong_correlation"
    }
  },
  "parameters": {
    "correlation_length": 3.0,
    "separations": [
      1.0,
      2.0,
      5.0,
      10.0
    ]
  },
  "sample_points": [
    {
      "causal_structure": {
        "cluster_decomposition_exact": false
      },
      "coordinates": {
        "separation_distance": 1.0
      },
      "curvature_invariants": {
        "correlation_length": 3.0
      },
      "local_observables": {
        "connected_correlator": 0.7165313105737893,
        "disconnected_factor": 0.0,
        "mutual_information_proxy": 0.5613839137989282
      }
    },
    {
      "causal_structure": {
        "cluster_decomposition_exact": false
      },
      "coordinates": {
        "separation_distance": 2.0
      },
      "curvature_invariants": {
        "correlation_length": 3.0
      },
      "local_observables": {
        "connected_correlator": 0.513417119032592,
        "disconnected_factor": 0.0,
        "mutual_information_proxy": 0.44197737724067393
      }
    },
    {
      "causal_structure": {
        "cluster_decomposition_exact": false
      },
      "coordinates": {
        "separation_distance": 5.0
      },
      "curvature_invariants": {
        "correlation_length": 3.0
      },
      "local_observables": {
        "connected_correlator": 0.18887560283756183,
        "disconnected_factor": 0.0,
        "mutual_information_proxy": 0.27499717647392924
      }
    },
    {
      "causal_structure": {
        "cluster_decomposition_exact": false
      },
      "coordinates": {
        "separation_distance": 10.0
      },
      "curvature_invariants": {
        "correlation_length": 3.0
      },
      "local_observables": {
        "connected_correlator": 0.035673993347252395,
        "disconnected_factor": 0.0,
        "mutual_information_proxy": 0.1610980878266266
      }
    }
  ],
  "spacetime": "Flat Minkowski (two-region system)",
  "theory": "Quantum Field Theory",
  "toy_id": "036",
  "units": {
    "c": 1,
    "hbar": 1
  }
}