{
  "notes": {
    "pressure_point": "Spectral reconstruction from Euclidean correlators is ill-posed: many different \u03c1(\u03c9) can fit finite/noisy G(t) comparably well. Results depend strongly on the regularization/prior (\u03b1).",
    "regularization": "Tikhonov with smoothness prior \u03b1||L\u03c1||^2 and nonnegativity projection.",
    "representation": "G(t) = \u222b \u03c1(\u03c9) e^{-\u03c9 t} d\u03c9  (discretized: G\u2248K\u03c1)."
  },
  "observables": {
    "pairwise_rho_distances": [
      {
        "alpha_i": 1e-06,
        "alpha_j": 0.0001,
        "rho_L2_distance": 5.281211888812923
      },
      {
        "alpha_i": 1e-06,
        "alpha_j": 0.01,
        "rho_L2_distance": 5.850862114305432
      },
      {
        "alpha_i": 1e-06,
        "alpha_j": 1.0,
        "rho_L2_distance": 6.54084446059847
      },
      {
        "alpha_i": 1e-06,
        "alpha_j": 100.0,
        "rho_L2_distance": 6.618825195659073
      },
      {
        "alpha_i": 0.0001,
        "alpha_j": 0.01,
        "rho_L2_distance": 2.5755256611790895
      },
      {
        "alpha_i": 0.0001,
        "alpha_j": 1.0,
        "rho_L2_distance": 3.7977542204894155
      },
      {
        "alpha_i": 0.0001,
        "alpha_j": 100.0,
        "rho_L2_distance": 3.8137793274066047
      },
      {
        "alpha_i": 0.01,
        "alpha_j": 1.0,
        "rho_L2_distance": 1.9911811367282033
      },
      {
        "alpha_i": 0.01,
        "alpha_j": 100.0,
        "rho_L2_distance": 2.289232940060908
      },
      {
        "alpha_i": 1.0,
        "alpha_j": 100.0,
        "rho_L2_distance": 1.040401907653483
      }
    ],
    "reconstructions_by_alpha": {
      "1e-06": {
        "alpha": 1e-06,
        "rel_fit_error_to_G_noisy": 0.001838419704703999,
        "rho_L1": 1.4661846009622943,
        "rho_L2": 6.991030856421605,
        "top_peaks": [
          {
            "omega": 2.0100502512562817,
            "rho": 2.635381370965759
          },
          {
            "omega": 5.326633165829146,
            "rho": 2.1415984453862027
          },
          {
            "omega": 1.155778894472362,
            "rho": 0.6949527831774929
          }
        ]
      },
      "0.0001": {
        "alpha": 0.0001,
        "rel_fit_error_to_G_noisy": 0.0014244879841994438,
        "rho_L1": 1.4661316292894657,
        "rho_L2": 4.435833969348717,
        "top_peaks": [
          {
            "omega": 5.075376884422111,
            "rho": 1.063002594377267
          },
          {
            "omega": 1.8592964824120604,
            "rho": 0.7341513035182204
          },
          {
            "omega": 5.376884422110553,
            "rho": 0.7326671096888907
          }
        ]
      },
      "0.01": {
        "alpha": 0.01,
        "rel_fit_error_to_G_noisy": 0.00176682592244157,
        "rho_L1": 1.4661663830045246,
        "rho_L2": 3.214257274512398,
        "top_peaks": [
          {
            "omega": 1.9095477386934674,
            "rho": 0.5399197244362802
          },
          {
            "omega": 2.21105527638191,
            "rho": 0.4779433781580401
          },
          {
            "omega": 1.6080402010050252,
            "rho": 0.44626750073189947
          }
        ]
      },
      "1.0": {
        "alpha": 1.0,
        "rel_fit_error_to_G_noisy": 0.0037920259075595727,
        "rho_L1": 1.4666387303327397,
        "rho_L2": 2.6231218779625416,
        "top_peaks": [
          {
            "omega": 2.261306532663317,
            "rho": 0.39027491979458717
          },
          {
            "omega": 2.562814070351759,
            "rho": 0.374180810729447
          },
          {
            "omega": 1.9597989949748744,
            "rho": 0.3716403985108542
          }
        ]
      },
      "100.0": {
        "alpha": 100.0,
        "rel_fit_error_to_G_noisy": 0.00898261541375408,
        "rho_L1": 1.4648132069926394,
        "rho_L2": 2.6101571119523954,
        "top_peaks": [
          {
            "omega": 2.9145728643216082,
            "rho": 0.34297802136933425
          },
          {
            "omega": 2.613065326633166,
            "rho": 0.33768885687971145
          },
          {
            "omega": 3.2160804020100504,
            "rho": 0.33708526870081945
          }
        ]
      }
    },
    "summary": {
      "best_rel_fit_error": 0.0014244879841994438,
      "interpretation": "Small changes in prior (alpha) produce large changes in reconstructed spectrum.",
      "max_pairwise_rho_L2_distance": 6.618825195659073,
      "worst_rel_fit_error": 0.00898261541375408
    }
  },
  "parameters": {
    "alpha_samples": [
      1e-06,
      0.0001,
      0.01,
      1.0,
      100.0
    ],
    "eta_noise_level": 0.01,
    "n_t": 60,
    "n_w": 200,
    "noise_phase": 0.7,
    "projection_iters": 6,
    "t_max": 6.0,
    "w_max": 10.0
  },
  "sample_points": [
    {
      "causal_structure": {
        "note": "Multiple distinct spectra fit the same noisy Euclidean data well; analytic continuation/reconstruction is ill-posed and prior-dependent."
      },
      "coordinates": {
        "alpha": 1e-06
      },
      "curvature_invariants": {
        "kretschmann": null,
        "note": "Inverse problem in Euclidean QFT; no spacetime curvature.",
        "ricci_scalar": null
      },
      "local_observables": {
        "rel_fit_error_to_G_noisy": 0.001838419704703999,
        "rho_L1": 1.4661846009622943,
        "rho_L2": 6.991030856421605,
        "top_peaks": [
          {
            "omega": 2.0100502512562817,
            "rho": 2.635381370965759
          },
          {
            "omega": 5.326633165829146,
            "rho": 2.1415984453862027
          },
          {
            "omega": 1.155778894472362,
            "rho": 0.6949527831774929
          }
        ]
      }
    },
    {
      "causal_structure": {
        "note": "Multiple distinct spectra fit the same noisy Euclidean data well; analytic continuation/reconstruction is ill-posed and prior-dependent."
      },
      "coordinates": {
        "alpha": 0.0001
      },
      "curvature_invariants": {
        "kretschmann": null,
        "note": "Inverse problem in Euclidean QFT; no spacetime curvature.",
        "ricci_scalar": null
      },
      "local_observables": {
        "rel_fit_error_to_G_noisy": 0.0014244879841994438,
        "rho_L1": 1.4661316292894657,
        "rho_L2": 4.435833969348717,
        "top_peaks": [
          {
            "omega": 5.075376884422111,
            "rho": 1.063002594377267
          },
          {
            "omega": 1.8592964824120604,
            "rho": 0.7341513035182204
          },
          {
            "omega": 5.376884422110553,
            "rho": 0.7326671096888907
          }
        ]
      }
    },
    {
      "causal_structure": {
        "note": "Multiple distinct spectra fit the same noisy Euclidean data well; analytic continuation/reconstruction is ill-posed and prior-dependent."
      },
      "coordinates": {
        "alpha": 0.01
      },
      "curvature_invariants": {
        "kretschmann": null,
        "note": "Inverse problem in Euclidean QFT; no spacetime curvature.",
        "ricci_scalar": null
      },
      "local_observables": {
        "rel_fit_error_to_G_noisy": 0.00176682592244157,
        "rho_L1": 1.4661663830045246,
        "rho_L2": 3.214257274512398,
        "top_peaks": [
          {
            "omega": 1.9095477386934674,
            "rho": 0.5399197244362802
          },
          {
            "omega": 2.21105527638191,
            "rho": 0.4779433781580401
          },
          {
            "omega": 1.6080402010050252,
            "rho": 0.44626750073189947
          }
        ]
      }
    },
    {
      "causal_structure": {
        "note": "Multiple distinct spectra fit the same noisy Euclidean data well; analytic continuation/reconstruction is ill-posed and prior-dependent."
      },
      "coordinates": {
        "alpha": 1.0
      },
      "curvature_invariants": {
        "kretschmann": null,
        "note": "Inverse problem in Euclidean QFT; no spacetime curvature.",
        "ricci_scalar": null
      },
      "local_observables": {
        "rel_fit_error_to_G_noisy": 0.0037920259075595727,
        "rho_L1": 1.4666387303327397,
        "rho_L2": 2.6231218779625416,
        "top_peaks": [
          {
            "omega": 2.261306532663317,
            "rho": 0.39027491979458717
          },
          {
            "omega": 2.562814070351759,
            "rho": 0.374180810729447
          },
          {
            "omega": 1.9597989949748744,
            "rho": 0.3716403985108542
          }
        ]
      }
    },
    {
      "causal_structure": {
        "note": "Multiple distinct spectra fit the same noisy Euclidean data well; analytic continuation/reconstruction is ill-posed and prior-dependent."
      },
      "coordinates": {
        "alpha": 100.0
      },
      "curvature_invariants": {
        "kretschmann": null,
        "note": "Inverse problem in Euclidean QFT; no spacetime curvature.",
        "ricci_scalar": null
      },
      "local_observables": {
        "rel_fit_error_to_G_noisy": 0.00898261541375408,
        "rho_L1": 1.4648132069926394,
        "rho_L2": 2.6101571119523954,
        "top_peaks": [
          {
            "omega": 2.9145728643216082,
            "rho": 0.34297802136933425
          },
          {
            "omega": 2.613065326633166,
            "rho": 0.33768885687971145
          },
          {
            "omega": 3.2160804020100504,
            "rho": 0.33708526870081945
          }
        ]
      }
    }
  ],
  "spacetime": "Euclidean time correlator (Laplace transform inversion proxy)",
  "theory": "Quantum Field Theory (toy): K\u00e4ll\u00e9n\u2013Lehmann reconstruction ill-posedness under noisy Euclidean data",
  "toy_id": "091",
  "units": {
    "G": 1,
    "c": 1
  }
}