{
  "notes": {
    "assumptions": [
      "Free real scalar field",
      "Local operator algebra",
      "Overlap and energy treated as controlled proxies"
    ],
    "pressure_point": "Local operators can approximate global states (Reeh\u2013Schlieder). Locality does not imply independent degrees of freedom."
  },
  "observables": {
    "failure_flags": {
      "local_state_preparation": false,
      "strict_subsystem_factorization": false
    },
    "regime_classification": {
      "large_region": "efficient_state_preparation",
      "small_region": "nonzero_overlap_high_cost"
    }
  },
  "parameters": {
    "excitation_level": 1.0,
    "region_sizes": [
      2.0,
      1.0,
      0.5,
      0.25
    ]
  },
  "sample_points": [
    {
      "causal_structure": {
        "strict_local_global_split": false
      },
      "coordinates": {
        "region_size": 2.0
      },
      "curvature_invariants": {
        "locality_scale": 2.0
      },
      "local_observables": {
        "energy_cost_proxy": 0.25,
        "state_overlap_proxy": 0.6065306597126334
      }
    },
    {
      "causal_structure": {
        "strict_local_global_split": false
      },
      "coordinates": {
        "region_size": 1.0
      },
      "curvature_invariants": {
        "locality_scale": 1.0
      },
      "local_observables": {
        "energy_cost_proxy": 1.0,
        "state_overlap_proxy": 0.36787944117144233
      }
    },
    {
      "causal_structure": {
        "strict_local_global_split": false
      },
      "coordinates": {
        "region_size": 0.5
      },
      "curvature_invariants": {
        "locality_scale": 0.5
      },
      "local_observables": {
        "energy_cost_proxy": 4.0,
        "state_overlap_proxy": 0.1353352832366127
      }
    },
    {
      "causal_structure": {
        "strict_local_global_split": false
      },
      "coordinates": {
        "region_size": 0.25
      },
      "curvature_invariants": {
        "locality_scale": 0.25
      },
      "local_observables": {
        "energy_cost_proxy": 16.0,
        "state_overlap_proxy": 0.01831563888873418
      }
    }
  ],
  "spacetime": "Flat Minkowski (1+1D)",
  "theory": "Quantum Field Theory",
  "toy_id": "020",
  "units": {
    "c": 1,
    "hbar": 1
  }
}