{
  "notes": {
    "approximation": "Hartree / mean-field",
    "pressure_point": "Including backreaction makes dynamics state-dependent; there is no invariant Hamiltonian independent of the state."
  },
  "observables": {
    "summary": {
      "final_difference": 0.008317120261465805,
      "final_m_eff_A": 1.0873002575791317,
      "final_m_eff_B": 1.0956173778405975
    }
  },
  "parameters": {
    "dt": 0.05,
    "initial_occupation_A": 0.5,
    "initial_occupation_B": 0.6,
    "lambda": 0.2,
    "m0": 1.0,
    "modes": 10,
    "steps": 200
  },
  "sample_points": [
    {
      "causal_structure": {
        "note": "State-dependent effective dynamics"
      },
      "coordinates": {
        "t": 0.0
      },
      "curvature_invariants": {
        "analogy": null
      },
      "local_observables": {
        "delta_m_eff": 0.008373407111196274,
        "m_eff_state_A": 1.087582931315271,
        "m_eff_state_B": 1.0959563384264672
      }
    },
    {
      "causal_structure": {
        "note": "State-dependent effective dynamics"
      },
      "coordinates": {
        "t": 0.05
      },
      "curvature_invariants": {
        "analogy": null
      },
      "local_observables": {
        "delta_m_eff": 0.008316821778407757,
        "m_eff_state_A": 1.0872993138854161,
        "m_eff_state_B": 1.0956161356638239
      }
    },
    {
      "causal_structure": {
        "note": "State-dependent effective dynamics"
      },
      "coordinates": {
        "t": 0.1
      },
      "curvature_invariants": {
        "analogy": null
      },
      "local_observables": {
        "delta_m_eff": 0.008317121662933857,
        "m_eff_state_A": 1.0873002607293114,
        "m_eff_state_B": 1.0956173823922453
      }
    },
    {
      "causal_structure": {
        "note": "State-dependent effective dynamics"
      },
      "coordinates": {
        "t": 0.15000000000000002
      },
      "curvature_invariants": {
        "analogy": null
      },
      "local_observables": {
        "delta_m_eff": 0.008317120255303179,
        "m_eff_state_A": 1.087300257568616,
        "m_eff_state_B": 1.095617377823919
      }
    },
    {
      "causal_structure": {
        "note": "State-dependent effective dynamics"
      },
      "coordinates": {
        "t": 0.2
      },
      "curvature_invariants": {
        "analogy": null
      },
      "local_observables": {
        "delta_m_eff": 0.008317120261491784,
        "m_eff_state_A": 1.0873002575791668,
        "m_eff_state_B": 1.0956173778406586
      }
    },
    {
      "causal_structure": {
        "note": "State-dependent effective dynamics"
      },
      "coordinates": {
        "t": 0.25
      },
      "curvature_invariants": {
        "analogy": null
      },
      "local_observables": {
        "delta_m_eff": 0.008317120261465805,
        "m_eff_state_A": 1.0873002575791315,
        "m_eff_state_B": 1.0956173778405973
      }
    },
    {
      "causal_structure": {
        "note": "State-dependent effective dynamics"
      },
      "coordinates": {
        "t": 0.30000000000000004
      },
      "curvature_invariants": {
        "analogy": null
      },
      "local_observables": {
        "delta_m_eff": 0.008317120261465805,
        "m_eff_state_A": 1.0873002575791317,
        "m_eff_state_B": 1.0956173778405975
      }
    },
    {
      "causal_structure": {
        "note": "State-dependent effective dynamics"
      },
      "coordinates": {
        "t": 0.35000000000000003
      },
      "curvature_invariants": {
        "analogy": null
      },
      "local_observables": {
        "delta_m_eff": 0.008317120261465805,
        "m_eff_state_A": 1.0873002575791317,
        "m_eff_state_B": 1.0956173778405975
      }
    },
    {
      "causal_structure": {
        "note": "State-dependent effective dynamics"
      },
      "coordinates": {
        "t": 0.4
      },
      "curvature_invariants": {
        "analogy": null
      },
      "local_observables": {
        "delta_m_eff": 0.008317120261465805,
        "m_eff_state_A": 1.0873002575791317,
        "m_eff_state_B": 1.0956173778405975
      }
    },
    {
      "causal_structure": {
        "note": "State-dependent effective dynamics"
      },
      "coordinates": {
        "t": 0.45
      },
      "curvature_invariants": {
        "analogy": null
      },
      "local_observables": {
        "delta_m_eff": 0.008317120261465805,
        "m_eff_state_A": 1.0873002575791317,
        "m_eff_state_B": 1.0956173778405975
      }
    },
    {
      "causal_structure": {
        "note": "State-dependent effective dynamics"
      },
      "coordinates": {
        "t": 0.5
      },
      "curvature_invariants": {
        "analogy": null
      },
      "local_observables": {
        "delta_m_eff": 0.008317120261465805,
        "m_eff_state_A": 1.0873002575791317,
        "m_eff_state_B": 1.0956173778405975
      }
    },
    {
      "causal_structure": {
        "note": "State-dependent effective dynamics"
      },
      "coordinates": {
        "t": 0.55
      },
      "curvature_invariants": {
        "analogy": null
      },
      "local_observables": {
        "delta_m_eff": 0.008317120261465805,
        "m_eff_state_A": 1.0873002575791317,
        "m_eff_state_B": 1.0956173778405975
      }
    },
    {
      "causal_structure": {
        "note": "State-dependent effective dynamics"
      },
      "coordinates": {
        "t": 0.6000000000000001
      },
      "curvature_invariants": {
        "analogy": null
      },
      "local_observables": {
        "delta_m_eff": 0.008317120261465805,
        "m_eff_state_A": 1.0873002575791317,
        "m_eff_state_B": 1.0956173778405975
      }
    },
    {
      "causal_structure": {
        "note": "State-dependent effective dynamics"
      },
      "coordinates": {
        "t": 0.65
      },
      "curvature_invariants": {
        "analogy": null
      },
      "local_observables": {
        "delta_m_eff": 0.008317120261465805,
        "m_eff_state_A": 1.0873002575791317,
        "m_eff_state_B": 1.0956173778405975
      }
    },
    {
      "causal_structure": {
        "note": "State-dependent effective dynamics"
      },
      "coordinates": {
        "t": 0.7000000000000001
      },
      "curvature_invariants": {
        "analogy": null
      },
      "local_observables": {
        "delta_m_eff": 0.008317120261465805,
        "m_eff_state_A": 1.0873002575791317,
        "m_eff_state_B": 1.0956173778405975
      }
    },
    {
      "causal_structure": {
        "note": "State-dependent effective dynamics"
      },
      "coordinates": {
        "t": 0.75
      },
      "curvature_invariants": {
        "analogy": null
      },
      "local_observables": {
        "delta_m_eff": 0.008317120261465805,
        "m_eff_state_A": 1.0873002575791317,
        "m_eff_state_B": 1.0956173778405975
      }
    },
    {
      "causal_structure": {
        "note": "State-dependent effective dynamics"
      },
      "coordinates": {
        "t": 0.8
      },
      "curvature_invariants": {
        "analogy": null
      },
      "local_observables": {
        "delta_m_eff": 0.008317120261465805,
        "m_eff_state_A": 1.0873002575791317,
        "m_eff_state_B": 1.0956173778405975
      }
    },
    {
      "causal_structure": {
        "note": "State-dependent effective dynamics"
      },
      "coordinates": {
        "t": 0.8500000000000001
      },
      "curvature_invariants": {
        "analogy": null
      },
      "local_observables": {
        "delta_m_eff": 0.008317120261465805,
        "m_eff_state_A": 1.0873002575791317,
        "m_eff_state_B": 1.0956173778405975
      }
    },
    {
      "causal_structure": {
        "note": "State-dependent effective dynamics"
      },
      "coordinates": {
        "t": 0.9
      },
      "curvature_invariants": {
        "analogy": null
      },
      "local_observables": {
        "delta_m_eff": 0.008317120261465805,
        "m_eff_state_A": 1.0873002575791317,
        "m_eff_state_B": 1.0956173778405975
      }
    },
    {
      "causal_structure": {
        "note": "State-dependent effective dynamics"
      },
      "coordinates": {
        "t": 0.9500000000000001
      },
      "curvature_invariants": {
        "analogy": null
      },
      "local_observables": {
        "delta_m_eff": 0.008317120261465805,
        "m_eff_state_A": 1.0873002575791317,
        "m_eff_state_B": 1.0956173778405975
      }
    },
    {
      "causal_structure": {
        "note": "State-dependent effective dynamics"
      },
      "coordinates": {
        "t": 1.0
      },
      "curvature_invariants": {
        "analogy": null
      },
      "local_observables": {
        "delta_m_eff": 0.008317120261465805,
        "m_eff_state_A": 1.0873002575791317,
        "m_eff_state_B": 1.0956173778405975
      }
    },
    {
      "causal_structure": {
        "note": "State-dependent effective dynamics"
      },
      "coordinates": {
        "t": 1.05
      },
      "curvature_invariants": {
        "analogy": null
      },
      "local_observables": {
        "delta_m_eff": 0.008317120261465805,
        "m_eff_state_A": 1.0873002575791317,
        "m_eff_state_B": 1.0956173778405975
      }
    },
    {
      "causal_structure": {
        "note": "State-dependent effective dynamics"
      },
      "coordinates": {
        "t": 1.1
      },
      "curvature_invariants": {
        "analogy": null
      },
      "local_observables": {
        "delta_m_eff": 0.008317120261465805,
        "m_eff_state_A": 1.0873002575791317,
        "m_eff_state_B": 1.0956173778405975
      }
    },
    {
      "causal_structure": {
        "note": "State-dependent effective dynamics"
      },
      "coordinates": {
        "t": 1.1500000000000001
      },
      "curvature_invariants": {
        "analogy": null
      },
      "local_observables": {
        "delta_m_eff": 0.008317120261465805,
        "m_eff_state_A": 1.0873002575791317,
        "m_eff_state_B": 1.0956173778405975
      }
    },
    {
      "causal_structure": {
        "note": "State-dependent effective dynamics"
      },
      "coordinates": {
        "t": 1.2000000000000002
      },
      "curvature_invariants": {
        "analogy": null
      },
      "local_observables": {
        "delta_m_eff": 0.008317120261465805,
        "m_eff_state_A": 1.0873002575791317,
        "m_eff_state_B": 1.0956173778405975
      }
    },
    {
      "causal_structure": {
        "note": "State-dependent effective dynamics"
      },
      "coordinates": {
        "t": 1.25
      },
      "curvature_invariants": {
        "analogy": null
      },
      "local_observables": {
        "delta_m_eff": 0.008317120261465805,
        "m_eff_state_A": 1.0873002575791317,
        "m_eff_state_B": 1.0956173778405975
      }
    },
    {
      "causal_structure": {
        "note": "State-dependent effective dynamics"
      },
      "coordinates": {
        "t": 1.3
      },
      "curvature_invariants": {
        "analogy": null
      },
      "local_observables": {
        "delta_m_eff": 0.008317120261465805,
        "m_eff_state_A": 1.0873002575791317,
        "m_eff_state_B": 1.0956173778405975
      }
    },
    {
      "causal_structure": {
        "note": "State-dependent effective dynamics"
      },
      "coordinates": {
        "t": 1.35
      },
      "curvature_invariants": {
        "analogy": null
      },
      "local_observables": {
        "delta_m_eff": 0.008317120261465805,
        "m_eff_state_A": 1.0873002575791317,
        "m_eff_state_B": 1.0956173778405975
      }
    },
    {
      "causal_structure": {
        "note": "State-dependent effective dynamics"
      },
      "coordinates": {
        "t": 1.4000000000000001
      },
      "curvature_invariants": {
        "analogy": null
      },
      "local_observables": {
        "delta_m_eff": 0.008317120261465805,
        "m_eff_state_A": 1.0873002575791317,
        "m_eff_state_B": 1.0956173778405975
      }
    },
    {
      "causal_structure": {
        "note": "State-dependent effective dynamics"
      },
      "coordinates": {
        "t": 1.4500000000000002
      },
      "curvature_invariants": {
        "analogy": null
      },
      "local_observables": {
        "delta_m_eff": 0.008317120261465805,
        "m_eff_state_A": 1.0873002575791317,
        "m_eff_state_B": 1.0956173778405975
      }
    },
    {
      "causal_structure": {
        "note": "State-dependent effective dynamics"
      },
      "coordinates": {
        "t": 1.5
      },
      "curvature_invariants": {
        "analogy": null
      },
      "local_observables": {
        "delta_m_eff": 0.008317120261465805,
        "m_eff_state_A": 1.0873002575791317,
        "m_eff_state_B": 1.0956173778405975
      }
    },
    {
      "causal_structure": {
        "note": "State-dependent effective dynamics"
      },
      "coordinates": {
        "t": 1.55
      },
      "curvature_invariants": {
        "analogy": null
      },
      "local_observables": {
        "delta_m_eff": 0.008317120261465805,
        "m_eff_state_A": 1.0873002575791317,
        "m_eff_state_B": 1.0956173778405975
      }
    },
    {
      "causal_structure": {
        "note": "State-dependent effective dynamics"
      },
      "coordinates": {
        "t": 1.6
      },
      "curvature_invariants": {
        "analogy": null
      },
      "local_observables": {
        "delta_m_eff": 0.008317120261465805,
        "m_eff_state_A": 1.0873002575791317,
        "m_eff_state_B": 1.0956173778405975
      }
    },
    {
      "causal_structure": {
        "note": "State-dependent effective dynamics"
      },
      "coordinates": {
        "t": 1.6500000000000001
      },
      "curvature_invariants": {
        "analogy": null
      },
      "local_observables": {
        "delta_m_eff": 0.008317120261465805,
        "m_eff_state_A": 1.0873002575791317,
        "m_eff_state_B": 1.0956173778405975
      }
    },
    {
      "causal_structure": {
        "note": "State-dependent effective dynamics"
      },
      "coordinates": {
        "t": 1.7000000000000002
      },
      "curvature_invariants": {
        "analogy": null
      },
      "local_observables": {
        "delta_m_eff": 0.008317120261465805,
        "m_eff_state_A": 1.0873002575791317,
        "m_eff_state_B": 1.0956173778405975
      }
    },
    {
      "causal_structure": {
        "note": "State-dependent effective dynamics"
      },
      "coordinates": {
        "t": 1.75
      },
      "curvature_invariants": {
        "analogy": null
      },
      "local_observables": {
        "delta_m_eff": 0.008317120261465805,
        "m_eff_state_A": 1.0873002575791317,
        "m_eff_state_B": 1.0956173778405975
      }
    },
    {
      "causal_structure": {
        "note": "State-dependent effective dynamics"
      },
      "coordinates": {
        "t": 1.8
      },
      "curvature_invariants": {
        "analogy": null
      },
      "local_observables": {
        "delta_m_eff": 0.008317120261465805,
        "m_eff_state_A": 1.0873002575791317,
        "m_eff_state_B": 1.0956173778405975
      }
    },
    {
      "causal_structure": {
        "note": "State-dependent effective dynamics"
      },
      "coordinates": {
        "t": 1.85
      },
      "curvature_invariants": {
        "analogy": null
      },
      "local_observables": {
        "delta_m_eff": 0.008317120261465805,
        "m_eff_state_A": 1.0873002575791317,
        "m_eff_state_B": 1.0956173778405975
      }
    },
    {
      "causal_structure": {
        "note": "State-dependent effective dynamics"
      },
      "coordinates": {
        "t": 1.9000000000000001
      },
      "curvature_invariants": {
        "analogy": null
      },
      "local_observables": {
        "delta_m_eff": 0.008317120261465805,
        "m_eff_state_A": 1.0873002575791317,
        "m_eff_state_B": 1.0956173778405975
      }
    },
    {
      "causal_structure": {
        "note": "State-dependent effective dynamics"
      },
      "coordinates": {
        "t": 1.9500000000000002
      },
      "curvature_invariants": {
        "analogy": null
      },
      "local_observables": {
        "delta_m_eff": 0.008317120261465805,
        "m_eff_state_A": 1.0873002575791317,
        "m_eff_state_B": 1.0956173778405975
      }
    },
    {
      "causal_structure": {
        "note": "State-dependent effective dynamics"
      },
      "coordinates": {
        "t": 2.0
      },
      "curvature_invariants": {
        "analogy": null
      },
      "local_observables": {
        "delta_m_eff": 0.008317120261465805,
        "m_eff_state_A": 1.0873002575791317,
        "m_eff_state_B": 1.0956173778405975
      }
    },
    {
      "causal_structure": {
        "note": "State-dependent effective dynamics"
      },
      "coordinates": {
        "t": 2.0500000000000003
      },
      "curvature_invariants": {
        "analogy": null
      },
      "local_observables": {
        "delta_m_eff": 0.008317120261465805,
        "m_eff_state_A": 1.0873002575791317,
        "m_eff_state_B": 1.0956173778405975
      }
    },
    {
      "causal_structure": {
        "note": "State-dependent effective dynamics"
      },
      "coordinates": {
        "t": 2.1
      },
      "curvature_invariants": {
        "analogy": null
      },
      "local_observables": {
        "delta_m_eff": 0.008317120261465805,
        "m_eff_state_A": 1.0873002575791317,
        "m_eff_state_B": 1.0956173778405975
      }
    },
    {
      "causal_structure": {
        "note": "State-dependent effective dynamics"
      },
      "coordinates": {
        "t": 2.15
      },
      "curvature_invariants": {
        "analogy": null
      },
      "local_observables": {
        "delta_m_eff": 0.008317120261465805,
        "m_eff_state_A": 1.0873002575791317,
        "m_eff_state_B": 1.0956173778405975
      }
    },
    {
      "causal_structure": {
        "note": "State-dependent effective dynamics"
      },
      "coordinates": {
        "t": 2.2
      },
      "curvature_invariants": {
        "analogy": null
      },
      "local_observables": {
        "delta_m_eff": 0.008317120261465805,
        "m_eff_state_A": 1.0873002575791317,
        "m_eff_state_B": 1.0956173778405975
      }
    },
    {
      "causal_structure": {
        "note": "State-dependent effective dynamics"
      },
      "coordinates": {
        "t": 2.25
      },
      "curvature_invariants": {
        "analogy": null
      },
      "local_observables": {
        "delta_m_eff": 0.008317120261465805,
        "m_eff_state_A": 1.0873002575791317,
        "m_eff_state_B": 1.0956173778405975
      }
    },
    {
      "causal_structure": {
        "note": "State-dependent effective dynamics"
      },
      "coordinates": {
        "t": 2.3000000000000003
      },
      "curvature_invariants": {
        "analogy": null
      },
      "local_observables": {
        "delta_m_eff": 0.008317120261465805,
        "m_eff_state_A": 1.0873002575791317,
        "m_eff_state_B": 1.0956173778405975
      }
    },
    {
      "causal_structure": {
        "note": "State-dependent effective dynamics"
      },
      "coordinates": {
        "t": 2.35
      },
      "curvature_invariants": {
        "analogy": null
      },
      "local_observables": {
        "delta_m_eff": 0.008317120261465805,
        "m_eff_state_A": 1.0873002575791317,
        "m_eff_state_B": 1.0956173778405975
      }
    },
    {
      "causal_structure": {
        "note": "State-dependent effective dynamics"
      },
      "coordinates": {
        "t": 2.4000000000000004
      },
      "curvature_invariants": {
        "analogy": null
      },
      "local_observables": {
        "delta_m_eff": 0.008317120261465805,
        "m_eff_state_A": 1.0873002575791317,
        "m_eff_state_B": 1.0956173778405975
      }
    },
    {
      "causal_structure": {
        "note": "State-dependent effective dynamics"
      },
      "coordinates": {
        "t": 2.45
      },
      "curvature_invariants": {
        "analogy": null
      },
      "local_observables": {
        "delta_m_eff": 0.008317120261465805,
        "m_eff_state_A": 1.0873002575791317,
        "m_eff_state_B": 1.0956173778405975
      }
    },
    {
      "causal_structure": {
        "note": "State-dependent effective dynamics"
      },
      "coordinates": {
        "t": 2.5
      },
      "curvature_invariants": {
        "analogy": null
      },
      "local_observables": {
        "delta_m_eff": 0.008317120261465805,
        "m_eff_state_A": 1.0873002575791317,
        "m_eff_state_B": 1.0956173778405975
      }
    },
    {
      "causal_structure": {
        "note": "State-dependent effective dynamics"
      },
      "coordinates": {
        "t": 2.5500000000000003
      },
      "curvature_invariants": {
        "analogy": null
      },
      "local_observables": {
        "delta_m_eff": 0.008317120261465805,
        "m_eff_state_A": 1.0873002575791317,
        "m_eff_state_B": 1.0956173778405975
      }
    },
    {
      "causal_structure": {
        "note": "State-dependent effective dynamics"
      },
      "coordinates": {
        "t": 2.6
      },
      "curvature_invariants": {
        "analogy": null
      },
      "local_observables": {
        "delta_m_eff": 0.008317120261465805,
        "m_eff_state_A": 1.0873002575791317,
        "m_eff_state_B": 1.0956173778405975
      }
    },
    {
      "causal_structure": {
        "note": "State-dependent effective dynamics"
      },
      "coordinates": {
        "t": 2.6500000000000004
      },
      "curvature_invariants": {
        "analogy": null
      },
      "local_observables": {
        "delta_m_eff": 0.008317120261465805,
        "m_eff_state_A": 1.0873002575791317,
        "m_eff_state_B": 1.0956173778405975
      }
    },
    {
      "causal_structure": {
        "note": "State-dependent effective dynamics"
      },
      "coordinates": {
        "t": 2.7
      },
      "curvature_invariants": {
        "analogy": null
      },
      "local_observables": {
        "delta_m_eff": 0.008317120261465805,
        "m_eff_state_A": 1.0873002575791317,
        "m_eff_state_B": 1.0956173778405975
      }
    },
    {
      "causal_structure": {
        "note": "State-dependent effective dynamics"
      },
      "coordinates": {
        "t": 2.75
      },
      "curvature_invariants": {
        "analogy": null
      },
      "local_observables": {
        "delta_m_eff": 0.008317120261465805,
        "m_eff_state_A": 1.0873002575791317,
        "m_eff_state_B": 1.0956173778405975
      }
    },
    {
      "causal_structure": {
        "note": "State-dependent effective dynamics"
      },
      "coordinates": {
        "t": 2.8000000000000003
      },
      "curvature_invariants": {
        "analogy": null
      },
      "local_observables": {
        "delta_m_eff": 0.008317120261465805,
        "m_eff_state_A": 1.0873002575791317,
        "m_eff_state_B": 1.0956173778405975
      }
    },
    {
      "causal_structure": {
        "note": "State-dependent effective dynamics"
      },
      "coordinates": {
        "t": 2.85
      },
      "curvature_invariants": {
        "analogy": null
      },
      "local_observables": {
        "delta_m_eff": 0.008317120261465805,
        "m_eff_state_A": 1.0873002575791317,
        "m_eff_state_B": 1.0956173778405975
      }
    },
    {
      "causal_structure": {
        "note": "State-dependent effective dynamics"
      },
      "coordinates": {
        "t": 2.9000000000000004
      },
      "curvature_invariants": {
        "analogy": null
      },
      "local_observables": {
        "delta_m_eff": 0.008317120261465805,
        "m_eff_state_A": 1.0873002575791317,
        "m_eff_state_B": 1.0956173778405975
      }
    },
    {
      "causal_structure": {
        "note": "State-dependent effective dynamics"
      },
      "coordinates": {
        "t": 2.95
      },
      "curvature_invariants": {
        "analogy": null
      },
      "local_observables": {
        "delta_m_eff": 0.008317120261465805,
        "m_eff_state_A": 1.0873002575791317,
        "m_eff_state_B": 1.0956173778405975
      }
    },
    {
      "causal_structure": {
        "note": "State-dependent effective dynamics"
      },
      "coordinates": {
        "t": 3.0
      },
      "curvature_invariants": {
        "analogy": null
      },
      "local_observables": {
        "delta_m_eff": 0.008317120261465805,
        "m_eff_state_A": 1.0873002575791317,
        "m_eff_state_B": 1.0956173778405975
      }
    },
    {
      "causal_structure": {
        "note": "State-dependent effective dynamics"
      },
      "coordinates": {
        "t": 3.0500000000000003
      },
      "curvature_invariants": {
        "analogy": null
      },
      "local_observables": {
        "delta_m_eff": 0.008317120261465805,
        "m_eff_state_A": 1.0873002575791317,
        "m_eff_state_B": 1.0956173778405975
      }
    },
    {
      "causal_structure": {
        "note": "State-dependent effective dynamics"
      },
      "coordinates": {
        "t": 3.1
      },
      "curvature_invariants": {
        "analogy": null
      },
      "local_observables": {
        "delta_m_eff": 0.008317120261465805,
        "m_eff_state_A": 1.0873002575791317,
        "m_eff_state_B": 1.0956173778405975
      }
    },
    {
      "causal_structure": {
        "note": "State-dependent effective dynamics"
      },
      "coordinates": {
        "t": 3.1500000000000004
      },
      "curvature_invariants": {
        "analogy": null
      },
      "local_observables": {
        "delta_m_eff": 0.008317120261465805,
        "m_eff_state_A": 1.0873002575791317,
        "m_eff_state_B": 1.0956173778405975
      }
    },
    {
      "causal_structure": {
        "note": "State-dependent effective dynamics"
      },
      "coordinates": {
        "t": 3.2
      },
      "curvature_invariants": {
        "analogy": null
      },
      "local_observables": {
        "delta_m_eff": 0.008317120261465805,
        "m_eff_state_A": 1.0873002575791317,
        "m_eff_state_B": 1.0956173778405975
      }
    },
    {
      "causal_structure": {
        "note": "State-dependent effective dynamics"
      },
      "coordinates": {
        "t": 3.25
      },
      "curvature_invariants": {
        "analogy": null
      },
      "local_observables": {
        "delta_m_eff": 0.008317120261465805,
        "m_eff_state_A": 1.0873002575791317,
        "m_eff_state_B": 1.0956173778405975
      }
    },
    {
      "causal_structure": {
        "note": "State-dependent effective dynamics"
      },
      "coordinates": {
        "t": 3.3000000000000003
      },
      "curvature_invariants": {
        "analogy": null
      },
      "local_observables": {
        "delta_m_eff": 0.008317120261465805,
        "m_eff_state_A": 1.0873002575791317,
        "m_eff_state_B": 1.0956173778405975
      }
    },
    {
      "causal_structure": {
        "note": "State-dependent effective dynamics"
      },
      "coordinates": {
        "t": 3.35
      },
      "curvature_invariants": {
        "analogy": null
      },
      "local_observables": {
        "delta_m_eff": 0.008317120261465805,
        "m_eff_state_A": 1.0873002575791317,
        "m_eff_state_B": 1.0956173778405975
      }
    },
    {
      "causal_structure": {
        "note": "State-dependent effective dynamics"
      },
      "coordinates": {
        "t": 3.4000000000000004
      },
      "curvature_invariants": {
        "analogy": null
      },
      "local_observables": {
        "delta_m_eff": 0.008317120261465805,
        "m_eff_state_A": 1.0873002575791317,
        "m_eff_state_B": 1.0956173778405975
      }
    },
    {
      "causal_structure": {
        "note": "State-dependent effective dynamics"
      },
      "coordinates": {
        "t": 3.45
      },
      "curvature_invariants": {
        "analogy": null
      },
      "local_observables": {
        "delta_m_eff": 0.008317120261465805,
        "m_eff_state_A": 1.0873002575791317,
        "m_eff_state_B": 1.0956173778405975
      }
    },
    {
      "causal_structure": {
        "note": "State-dependent effective dynamics"
      },
      "coordinates": {
        "t": 3.5
      },
      "curvature_invariants": {
        "analogy": null
      },
      "local_observables": {
        "delta_m_eff": 0.008317120261465805,
        "m_eff_state_A": 1.0873002575791317,
        "m_eff_state_B": 1.0956173778405975
      }
    },
    {
      "causal_structure": {
        "note": "State-dependent effective dynamics"
      },
      "coordinates": {
        "t": 3.5500000000000003
      },
      "curvature_invariants": {
        "analogy": null
      },
      "local_observables": {
        "delta_m_eff": 0.008317120261465805,
        "m_eff_state_A": 1.0873002575791317,
        "m_eff_state_B": 1.0956173778405975
      }
    },
    {
      "causal_structure": {
        "note": "State-dependent effective dynamics"
      },
      "coordinates": {
        "t": 3.6
      },
      "curvature_invariants": {
        "analogy": null
      },
      "local_observables": {
        "delta_m_eff": 0.008317120261465805,
        "m_eff_state_A": 1.0873002575791317,
        "m_eff_state_B": 1.0956173778405975
      }
    },
    {
      "causal_structure": {
        "note": "State-dependent effective dynamics"
      },
      "coordinates": {
        "t": 3.6500000000000004
      },
      "curvature_invariants": {
        "analogy": null
      },
      "local_observables": {
        "delta_m_eff": 0.008317120261465805,
        "m_eff_state_A": 1.0873002575791317,
        "m_eff_state_B": 1.0956173778405975
      }
    },
    {
      "causal_structure": {
        "note": "State-dependent effective dynamics"
      },
      "coordinates": {
        "t": 3.7
      },
      "curvature_invariants": {
        "analogy": null
      },
      "local_observables": {
        "delta_m_eff": 0.008317120261465805,
        "m_eff_state_A": 1.0873002575791317,
        "m_eff_state_B": 1.0956173778405975
      }
    },
    {
      "causal_structure": {
        "note": "State-dependent effective dynamics"
      },
      "coordinates": {
        "t": 3.75
      },
      "curvature_invariants": {
        "analogy": null
      },
      "local_observables": {
        "delta_m_eff": 0.008317120261465805,
        "m_eff_state_A": 1.0873002575791317,
        "m_eff_state_B": 1.0956173778405975
      }
    },
    {
      "causal_structure": {
        "note": "State-dependent effective dynamics"
      },
      "coordinates": {
        "t": 3.8000000000000003
      },
      "curvature_invariants": {
        "analogy": null
      },
      "local_observables": {
        "delta_m_eff": 0.008317120261465805,
        "m_eff_state_A": 1.0873002575791317,
        "m_eff_state_B": 1.0956173778405975
      }
    },
    {
      "causal_structure": {
        "note": "State-dependent effective dynamics"
      },
      "coordinates": {
        "t": 3.85
      },
      "curvature_invariants": {
        "analogy": null
      },
      "local_observables": {
        "delta_m_eff": 0.008317120261465805,
        "m_eff_state_A": 1.0873002575791317,
        "m_eff_state_B": 1.0956173778405975
      }
    },
    {
      "causal_structure": {
        "note": "State-dependent effective dynamics"
      },
      "coordinates": {
        "t": 3.9000000000000004
      },
      "curvature_invariants": {
        "analogy": null
      },
      "local_observables": {
        "delta_m_eff": 0.008317120261465805,
        "m_eff_state_A": 1.0873002575791317,
        "m_eff_state_B": 1.0956173778405975
      }
    },
    {
      "causal_structure": {
        "note": "State-dependent effective dynamics"
      },
      "coordinates": {
        "t": 3.95
      },
      "curvature_invariants": {
        "analogy": null
      },
      "local_observables": {
        "delta_m_eff": 0.008317120261465805,
        "m_eff_state_A": 1.0873002575791317,
        "m_eff_state_B": 1.0956173778405975
      }
    },
    {
      "causal_structure": {
        "note": "State-dependent effective dynamics"
      },
      "coordinates": {
        "t": 4.0
      },
      "curvature_invariants": {
        "analogy": null
      },
      "local_observables": {
        "delta_m_eff": 0.008317120261465805,
        "m_eff_state_A": 1.0873002575791317,
        "m_eff_state_B": 1.0956173778405975
      }
    },
    {
      "causal_structure": {
        "note": "State-dependent effective dynamics"
      },
      "coordinates": {
        "t": 4.05
      },
      "curvature_invariants": {
        "analogy": null
      },
      "local_observables": {
        "delta_m_eff": 0.008317120261465805,
        "m_eff_state_A": 1.0873002575791317,
        "m_eff_state_B": 1.0956173778405975
      }
    },
    {
      "causal_structure": {
        "note": "State-dependent effective dynamics"
      },
      "coordinates": {
        "t": 4.1000000000000005
      },
      "curvature_invariants": {
        "analogy": null
      },
      "local_observables": {
        "delta_m_eff": 0.008317120261465805,
        "m_eff_state_A": 1.0873002575791317,
        "m_eff_state_B": 1.0956173778405975
      }
    },
    {
      "causal_structure": {
        "note": "State-dependent effective dynamics"
      },
      "coordinates": {
        "t": 4.15
      },
      "curvature_invariants": {
        "analogy": null
      },
      "local_observables": {
        "delta_m_eff": 0.008317120261465805,
        "m_eff_state_A": 1.0873002575791317,
        "m_eff_state_B": 1.0956173778405975
      }
    },
    {
      "causal_structure": {
        "note": "State-dependent effective dynamics"
      },
      "coordinates": {
        "t": 4.2
      },
      "curvature_invariants": {
        "analogy": null
      },
      "local_observables": {
        "delta_m_eff": 0.008317120261465805,
        "m_eff_state_A": 1.0873002575791317,
        "m_eff_state_B": 1.0956173778405975
      }
    },
    {
      "causal_structure": {
        "note": "State-dependent effective dynamics"
      },
      "coordinates": {
        "t": 4.25
      },
      "curvature_invariants": {
        "analogy": null
      },
      "local_observables": {
        "delta_m_eff": 0.008317120261465805,
        "m_eff_state_A": 1.0873002575791317,
        "m_eff_state_B": 1.0956173778405975
      }
    },
    {
      "causal_structure": {
        "note": "State-dependent effective dynamics"
      },
      "coordinates": {
        "t": 4.3
      },
      "curvature_invariants": {
        "analogy": null
      },
      "local_observables": {
        "delta_m_eff": 0.008317120261465805,
        "m_eff_state_A": 1.0873002575791317,
        "m_eff_state_B": 1.0956173778405975
      }
    },
    {
      "causal_structure": {
        "note": "State-dependent effective dynamics"
      },
      "coordinates": {
        "t": 4.3500000000000005
      },
      "curvature_invariants": {
        "analogy": null
      },
      "local_observables": {
        "delta_m_eff": 0.008317120261465805,
        "m_eff_state_A": 1.0873002575791317,
        "m_eff_state_B": 1.0956173778405975
      }
    },
    {
      "causal_structure": {
        "note": "State-dependent effective dynamics"
      },
      "coordinates": {
        "t": 4.4
      },
      "curvature_invariants": {
        "analogy": null
      },
      "local_observables": {
        "delta_m_eff": 0.008317120261465805,
        "m_eff_state_A": 1.0873002575791317,
        "m_eff_state_B": 1.0956173778405975
      }
    },
    {
      "causal_structure": {
        "note": "State-dependent effective dynamics"
      },
      "coordinates": {
        "t": 4.45
      },
      "curvature_invariants": {
        "analogy": null
      },
      "local_observables": {
        "delta_m_eff": 0.008317120261465805,
        "m_eff_state_A": 1.0873002575791317,
        "m_eff_state_B": 1.0956173778405975
      }
    },
    {
      "causal_structure": {
        "note": "State-dependent effective dynamics"
      },
      "coordinates": {
        "t": 4.5
      },
      "curvature_invariants": {
        "analogy": null
      },
      "local_observables": {
        "delta_m_eff": 0.008317120261465805,
        "m_eff_state_A": 1.0873002575791317,
        "m_eff_state_B": 1.0956173778405975
      }
    },
    {
      "causal_structure": {
        "note": "State-dependent effective dynamics"
      },
      "coordinates": {
        "t": 4.55
      },
      "curvature_invariants": {
        "analogy": null
      },
      "local_observables": {
        "delta_m_eff": 0.008317120261465805,
        "m_eff_state_A": 1.0873002575791317,
        "m_eff_state_B": 1.0956173778405975
      }
    },
    {
      "causal_structure": {
        "note": "State-dependent effective dynamics"
      },
      "coordinates": {
        "t": 4.6000000000000005
      },
      "curvature_invariants": {
        "analogy": null
      },
      "local_observables": {
        "delta_m_eff": 0.008317120261465805,
        "m_eff_state_A": 1.0873002575791317,
        "m_eff_state_B": 1.0956173778405975
      }
    },
    {
      "causal_structure": {
        "note": "State-dependent effective dynamics"
      },
      "coordinates": {
        "t": 4.65
      },
      "curvature_invariants": {
        "analogy": null
      },
      "local_observables": {
        "delta_m_eff": 0.008317120261465805,
        "m_eff_state_A": 1.0873002575791317,
        "m_eff_state_B": 1.0956173778405975
      }
    },
    {
      "causal_structure": {
        "note": "State-dependent effective dynamics"
      },
      "coordinates": {
        "t": 4.7
      },
      "curvature_invariants": {
        "analogy": null
      },
      "local_observables": {
        "delta_m_eff": 0.008317120261465805,
        "m_eff_state_A": 1.0873002575791317,
        "m_eff_state_B": 1.0956173778405975
      }
    },
    {
      "causal_structure": {
        "note": "State-dependent effective dynamics"
      },
      "coordinates": {
        "t": 4.75
      },
      "curvature_invariants": {
        "analogy": null
      },
      "local_observables": {
        "delta_m_eff": 0.008317120261465805,
        "m_eff_state_A": 1.0873002575791317,
        "m_eff_state_B": 1.0956173778405975
      }
    },
    {
      "causal_structure": {
        "note": "State-dependent effective dynamics"
      },
      "coordinates": {
        "t": 4.800000000000001
      },
      "curvature_invariants": {
        "analogy": null
      },
      "local_observables": {
        "delta_m_eff": 0.008317120261465805,
        "m_eff_state_A": 1.0873002575791317,
        "m_eff_state_B": 1.0956173778405975
      }
    },
    {
      "causal_structure": {
        "note": "State-dependent effective dynamics"
      },
      "coordinates": {
        "t": 4.8500000000000005
      },
      "curvature_invariants": {
        "analogy": null
      },
      "local_observables": {
        "delta_m_eff": 0.008317120261465805,
        "m_eff_state_A": 1.0873002575791317,
        "m_eff_state_B": 1.0956173778405975
      }
    },
    {
      "causal_structure": {
        "note": "State-dependent effective dynamics"
      },
      "coordinates": {
        "t": 4.9
      },
      "curvature_invariants": {
        "analogy": null
      },
      "local_observables": {
        "delta_m_eff": 0.008317120261465805,
        "m_eff_state_A": 1.0873002575791317,
        "m_eff_state_B": 1.0956173778405975
      }
    },
    {
      "causal_structure": {
        "note": "State-dependent effective dynamics"
      },
      "coordinates": {
        "t": 4.95
      },
      "curvature_invariants": {
        "analogy": null
      },
      "local_observables": {
        "delta_m_eff": 0.008317120261465805,
        "m_eff_state_A": 1.0873002575791317,
        "m_eff_state_B": 1.0956173778405975
      }
    },
    {
      "causal_structure": {
        "note": "State-dependent effective dynamics"
      },
      "coordinates": {
        "t": 5.0
      },
      "curvature_invariants": {
        "analogy": null
      },
      "local_observables": {
        "delta_m_eff": 0.008317120261465805,
        "m_eff_state_A": 1.0873002575791317,
        "m_eff_state_B": 1.0956173778405975
      }
    },
    {
      "causal_structure": {
        "note": "State-dependent effective dynamics"
      },
      "coordinates": {
        "t": 5.050000000000001
      },
      "curvature_invariants": {
        "analogy": null
      },
      "local_observables": {
        "delta_m_eff": 0.008317120261465805,
        "m_eff_state_A": 1.0873002575791317,
        "m_eff_state_B": 1.0956173778405975
      }
    },
    {
      "causal_structure": {
        "note": "State-dependent effective dynamics"
      },
      "coordinates": {
        "t": 5.1000000000000005
      },
      "curvature_invariants": {
        "analogy": null
      },
      "local_observables": {
        "delta_m_eff": 0.008317120261465805,
        "m_eff_state_A": 1.0873002575791317,
        "m_eff_state_B": 1.0956173778405975
      }
    },
    {
      "causal_structure": {
        "note": "State-dependent effective dynamics"
      },
      "coordinates": {
        "t": 5.15
      },
      "curvature_invariants": {
        "analogy": null
      },
      "local_observables": {
        "delta_m_eff": 0.008317120261465805,
        "m_eff_state_A": 1.0873002575791317,
        "m_eff_state_B": 1.0956173778405975
      }
    },
    {
      "causal_structure": {
        "note": "State-dependent effective dynamics"
      },
      "coordinates": {
        "t": 5.2
      },
      "curvature_invariants": {
        "analogy": null
      },
      "local_observables": {
        "delta_m_eff": 0.008317120261465805,
        "m_eff_state_A": 1.0873002575791317,
        "m_eff_state_B": 1.0956173778405975
      }
    },
    {
      "causal_structure": {
        "note": "State-dependent effective dynamics"
      },
      "coordinates": {
        "t": 5.25
      },
      "curvature_invariants": {
        "analogy": null
      },
      "local_observables": {
        "delta_m_eff": 0.008317120261465805,
        "m_eff_state_A": 1.0873002575791317,
        "m_eff_state_B": 1.0956173778405975
      }
    },
    {
      "causal_structure": {
        "note": "State-dependent effective dynamics"
      },
      "coordinates": {
        "t": 5.300000000000001
      },
      "curvature_invariants": {
        "analogy": null
      },
      "local_observables": {
        "delta_m_eff": 0.008317120261465805,
        "m_eff_state_A": 1.0873002575791317,
        "m_eff_state_B": 1.0956173778405975
      }
    },
    {
      "causal_structure": {
        "note": "State-dependent effective dynamics"
      },
      "coordinates": {
        "t": 5.3500000000000005
      },
      "curvature_invariants": {
        "analogy": null
      },
      "local_observables": {
        "delta_m_eff": 0.008317120261465805,
        "m_eff_state_A": 1.0873002575791317,
        "m_eff_state_B": 1.0956173778405975
      }
    },
    {
      "causal_structure": {
        "note": "State-dependent effective dynamics"
      },
      "coordinates": {
        "t": 5.4
      },
      "curvature_invariants": {
        "analogy": null
      },
      "local_observables": {
        "delta_m_eff": 0.008317120261465805,
        "m_eff_state_A": 1.0873002575791317,
        "m_eff_state_B": 1.0956173778405975
      }
    },
    {
      "causal_structure": {
        "note": "State-dependent effective dynamics"
      },
      "coordinates": {
        "t": 5.45
      },
      "curvature_invariants": {
        "analogy": null
      },
      "local_observables": {
        "delta_m_eff": 0.008317120261465805,
        "m_eff_state_A": 1.0873002575791317,
        "m_eff_state_B": 1.0956173778405975
      }
    },
    {
      "causal_structure": {
        "note": "State-dependent effective dynamics"
      },
      "coordinates": {
        "t": 5.5
      },
      "curvature_invariants": {
        "analogy": null
      },
      "local_observables": {
        "delta_m_eff": 0.008317120261465805,
        "m_eff_state_A": 1.0873002575791317,
        "m_eff_state_B": 1.0956173778405975
      }
    },
    {
      "causal_structure": {
        "note": "State-dependent effective dynamics"
      },
      "coordinates": {
        "t": 5.550000000000001
      },
      "curvature_invariants": {
        "analogy": null
      },
      "local_observables": {
        "delta_m_eff": 0.008317120261465805,
        "m_eff_state_A": 1.0873002575791317,
        "m_eff_state_B": 1.0956173778405975
      }
    },
    {
      "causal_structure": {
        "note": "State-dependent effective dynamics"
      },
      "coordinates": {
        "t": 5.6000000000000005
      },
      "curvature_invariants": {
        "analogy": null
      },
      "local_observables": {
        "delta_m_eff": 0.008317120261465805,
        "m_eff_state_A": 1.0873002575791317,
        "m_eff_state_B": 1.0956173778405975
      }
    },
    {
      "causal_structure": {
        "note": "State-dependent effective dynamics"
      },
      "coordinates": {
        "t": 5.65
      },
      "curvature_invariants": {
        "analogy": null
      },
      "local_observables": {
        "delta_m_eff": 0.008317120261465805,
        "m_eff_state_A": 1.0873002575791317,
        "m_eff_state_B": 1.0956173778405975
      }
    },
    {
      "causal_structure": {
        "note": "State-dependent effective dynamics"
      },
      "coordinates": {
        "t": 5.7
      },
      "curvature_invariants": {
        "analogy": null
      },
      "local_observables": {
        "delta_m_eff": 0.008317120261465805,
        "m_eff_state_A": 1.0873002575791317,
        "m_eff_state_B": 1.0956173778405975
      }
    },
    {
      "causal_structure": {
        "note": "State-dependent effective dynamics"
      },
      "coordinates": {
        "t": 5.75
      },
      "curvature_invariants": {
        "analogy": null
      },
      "local_observables": {
        "delta_m_eff": 0.008317120261465805,
        "m_eff_state_A": 1.0873002575791317,
        "m_eff_state_B": 1.0956173778405975
      }
    },
    {
      "causal_structure": {
        "note": "State-dependent effective dynamics"
      },
      "coordinates": {
        "t": 5.800000000000001
      },
      "curvature_invariants": {
        "analogy": null
      },
      "local_observables": {
        "delta_m_eff": 0.008317120261465805,
        "m_eff_state_A": 1.0873002575791317,
        "m_eff_state_B": 1.0956173778405975
      }
    },
    {
      "causal_structure": {
        "note": "State-dependent effective dynamics"
      },
      "coordinates": {
        "t": 5.8500000000000005
      },
      "curvature_invariants": {
        "analogy": null
      },
      "local_observables": {
        "delta_m_eff": 0.008317120261465805,
        "m_eff_state_A": 1.0873002575791317,
        "m_eff_state_B": 1.0956173778405975
      }
    },
    {
      "causal_structure": {
        "note": "State-dependent effective dynamics"
      },
      "coordinates": {
        "t": 5.9
      },
      "curvature_invariants": {
        "analogy": null
      },
      "local_observables": {
        "delta_m_eff": 0.008317120261465805,
        "m_eff_state_A": 1.0873002575791317,
        "m_eff_state_B": 1.0956173778405975
      }
    },
    {
      "causal_structure": {
        "note": "State-dependent effective dynamics"
      },
      "coordinates": {
        "t": 5.95
      },
      "curvature_invariants": {
        "analogy": null
      },
      "local_observables": {
        "delta_m_eff": 0.008317120261465805,
        "m_eff_state_A": 1.0873002575791317,
        "m_eff_state_B": 1.0956173778405975
      }
    },
    {
      "causal_structure": {
        "note": "State-dependent effective dynamics"
      },
      "coordinates": {
        "t": 6.0
      },
      "curvature_invariants": {
        "analogy": null
      },
      "local_observables": {
        "delta_m_eff": 0.008317120261465805,
        "m_eff_state_A": 1.0873002575791317,
        "m_eff_state_B": 1.0956173778405975
      }
    },
    {
      "causal_structure": {
        "note": "State-dependent effective dynamics"
      },
      "coordinates": {
        "t": 6.050000000000001
      },
      "curvature_invariants": {
        "analogy": null
      },
      "local_observables": {
        "delta_m_eff": 0.008317120261465805,
        "m_eff_state_A": 1.0873002575791317,
        "m_eff_state_B": 1.0956173778405975
      }
    },
    {
      "causal_structure": {
        "note": "State-dependent effective dynamics"
      },
      "coordinates": {
        "t": 6.1000000000000005
      },
      "curvature_invariants": {
        "analogy": null
      },
      "local_observables": {
        "delta_m_eff": 0.008317120261465805,
        "m_eff_state_A": 1.0873002575791317,
        "m_eff_state_B": 1.0956173778405975
      }
    },
    {
      "causal_structure": {
        "note": "State-dependent effective dynamics"
      },
      "coordinates": {
        "t": 6.15
      },
      "curvature_invariants": {
        "analogy": null
      },
      "local_observables": {
        "delta_m_eff": 0.008317120261465805,
        "m_eff_state_A": 1.0873002575791317,
        "m_eff_state_B": 1.0956173778405975
      }
    },
    {
      "causal_structure": {
        "note": "State-dependent effective dynamics"
      },
      "coordinates": {
        "t": 6.2
      },
      "curvature_invariants": {
        "analogy": null
      },
      "local_observables": {
        "delta_m_eff": 0.008317120261465805,
        "m_eff_state_A": 1.0873002575791317,
        "m_eff_state_B": 1.0956173778405975
      }
    },
    {
      "causal_structure": {
        "note": "State-dependent effective dynamics"
      },
      "coordinates": {
        "t": 6.25
      },
      "curvature_invariants": {
        "analogy": null
      },
      "local_observables": {
        "delta_m_eff": 0.008317120261465805,
        "m_eff_state_A": 1.0873002575791317,
        "m_eff_state_B": 1.0956173778405975
      }
    },
    {
      "causal_structure": {
        "note": "State-dependent effective dynamics"
      },
      "coordinates": {
        "t": 6.300000000000001
      },
      "curvature_invariants": {
        "analogy": null
      },
      "local_observables": {
        "delta_m_eff": 0.008317120261465805,
        "m_eff_state_A": 1.0873002575791317,
        "m_eff_state_B": 1.0956173778405975
      }
    },
    {
      "causal_structure": {
        "note": "State-dependent effective dynamics"
      },
      "coordinates": {
        "t": 6.3500000000000005
      },
      "curvature_invariants": {
        "analogy": null
      },
      "local_observables": {
        "delta_m_eff": 0.008317120261465805,
        "m_eff_state_A": 1.0873002575791317,
        "m_eff_state_B": 1.0956173778405975
      }
    },
    {
      "causal_structure": {
        "note": "State-dependent effective dynamics"
      },
      "coordinates": {
        "t": 6.4
      },
      "curvature_invariants": {
        "analogy": null
      },
      "local_observables": {
        "delta_m_eff": 0.008317120261465805,
        "m_eff_state_A": 1.0873002575791317,
        "m_eff_state_B": 1.0956173778405975
      }
    },
    {
      "causal_structure": {
        "note": "State-dependent effective dynamics"
      },
      "coordinates": {
        "t": 6.45
      },
      "curvature_invariants": {
        "analogy": null
      },
      "local_observables": {
        "delta_m_eff": 0.008317120261465805,
        "m_eff_state_A": 1.0873002575791317,
        "m_eff_state_B": 1.0956173778405975
      }
    },
    {
      "causal_structure": {
        "note": "State-dependent effective dynamics"
      },
      "coordinates": {
        "t": 6.5
      },
      "curvature_invariants": {
        "analogy": null
      },
      "local_observables": {
        "delta_m_eff": 0.008317120261465805,
        "m_eff_state_A": 1.0873002575791317,
        "m_eff_state_B": 1.0956173778405975
      }
    },
    {
      "causal_structure": {
        "note": "State-dependent effective dynamics"
      },
      "coordinates": {
        "t": 6.550000000000001
      },
      "curvature_invariants": {
        "analogy": null
      },
      "local_observables": {
        "delta_m_eff": 0.008317120261465805,
        "m_eff_state_A": 1.0873002575791317,
        "m_eff_state_B": 1.0956173778405975
      }
    },
    {
      "causal_structure": {
        "note": "State-dependent effective dynamics"
      },
      "coordinates": {
        "t": 6.6000000000000005
      },
      "curvature_invariants": {
        "analogy": null
      },
      "local_observables": {
        "delta_m_eff": 0.008317120261465805,
        "m_eff_state_A": 1.0873002575791317,
        "m_eff_state_B": 1.0956173778405975
      }
    },
    {
      "causal_structure": {
        "note": "State-dependent effective dynamics"
      },
      "coordinates": {
        "t": 6.65
      },
      "curvature_invariants": {
        "analogy": null
      },
      "local_observables": {
        "delta_m_eff": 0.008317120261465805,
        "m_eff_state_A": 1.0873002575791317,
        "m_eff_state_B": 1.0956173778405975
      }
    },
    {
      "causal_structure": {
        "note": "State-dependent effective dynamics"
      },
      "coordinates": {
        "t": 6.7
      },
      "curvature_invariants": {
        "analogy": null
      },
      "local_observables": {
        "delta_m_eff": 0.008317120261465805,
        "m_eff_state_A": 1.0873002575791317,
        "m_eff_state_B": 1.0956173778405975
      }
    },
    {
      "causal_structure": {
        "note": "State-dependent effective dynamics"
      },
      "coordinates": {
        "t": 6.75
      },
      "curvature_invariants": {
        "analogy": null
      },
      "local_observables": {
        "delta_m_eff": 0.008317120261465805,
        "m_eff_state_A": 1.0873002575791317,
        "m_eff_state_B": 1.0956173778405975
      }
    },
    {
      "causal_structure": {
        "note": "State-dependent effective dynamics"
      },
      "coordinates": {
        "t": 6.800000000000001
      },
      "curvature_invariants": {
        "analogy": null
      },
      "local_observables": {
        "delta_m_eff": 0.008317120261465805,
        "m_eff_state_A": 1.0873002575791317,
        "m_eff_state_B": 1.0956173778405975
      }
    },
    {
      "causal_structure": {
        "note": "State-dependent effective dynamics"
      },
      "coordinates": {
        "t": 6.8500000000000005
      },
      "curvature_invariants": {
        "analogy": null
      },
      "local_observables": {
        "delta_m_eff": 0.008317120261465805,
        "m_eff_state_A": 1.0873002575791317,
        "m_eff_state_B": 1.0956173778405975
      }
    },
    {
      "causal_structure": {
        "note": "State-dependent effective dynamics"
      },
      "coordinates": {
        "t": 6.9
      },
      "curvature_invariants": {
        "analogy": null
      },
      "local_observables": {
        "delta_m_eff": 0.008317120261465805,
        "m_eff_state_A": 1.0873002575791317,
        "m_eff_state_B": 1.0956173778405975
      }
    },
    {
      "causal_structure": {
        "note": "State-dependent effective dynamics"
      },
      "coordinates": {
        "t": 6.95
      },
      "curvature_invariants": {
        "analogy": null
      },
      "local_observables": {
        "delta_m_eff": 0.008317120261465805,
        "m_eff_state_A": 1.0873002575791317,
        "m_eff_state_B": 1.0956173778405975
      }
    },
    {
      "causal_structure": {
        "note": "State-dependent effective dynamics"
      },
      "coordinates": {
        "t": 7.0
      },
      "curvature_invariants": {
        "analogy": null
      },
      "local_observables": {
        "delta_m_eff": 0.008317120261465805,
        "m_eff_state_A": 1.0873002575791317,
        "m_eff_state_B": 1.0956173778405975
      }
    },
    {
      "causal_structure": {
        "note": "State-dependent effective dynamics"
      },
      "coordinates": {
        "t": 7.050000000000001
      },
      "curvature_invariants": {
        "analogy": null
      },
      "local_observables": {
        "delta_m_eff": 0.008317120261465805,
        "m_eff_state_A": 1.0873002575791317,
        "m_eff_state_B": 1.0956173778405975
      }
    },
    {
      "causal_structure": {
        "note": "State-dependent effective dynamics"
      },
      "coordinates": {
        "t": 7.1000000000000005
      },
      "curvature_invariants": {
        "analogy": null
      },
      "local_observables": {
        "delta_m_eff": 0.008317120261465805,
        "m_eff_state_A": 1.0873002575791317,
        "m_eff_state_B": 1.0956173778405975
      }
    },
    {
      "causal_structure": {
        "note": "State-dependent effective dynamics"
      },
      "coordinates": {
        "t": 7.15
      },
      "curvature_invariants": {
        "analogy": null
      },
      "local_observables": {
        "delta_m_eff": 0.008317120261465805,
        "m_eff_state_A": 1.0873002575791317,
        "m_eff_state_B": 1.0956173778405975
      }
    },
    {
      "causal_structure": {
        "note": "State-dependent effective dynamics"
      },
      "coordinates": {
        "t": 7.2
      },
      "curvature_invariants": {
        "analogy": null
      },
      "local_observables": {
        "delta_m_eff": 0.008317120261465805,
        "m_eff_state_A": 1.0873002575791317,
        "m_eff_state_B": 1.0956173778405975
      }
    },
    {
      "causal_structure": {
        "note": "State-dependent effective dynamics"
      },
      "coordinates": {
        "t": 7.25
      },
      "curvature_invariants": {
        "analogy": null
      },
      "local_observables": {
        "delta_m_eff": 0.008317120261465805,
        "m_eff_state_A": 1.0873002575791317,
        "m_eff_state_B": 1.0956173778405975
      }
    },
    {
      "causal_structure": {
        "note": "State-dependent effective dynamics"
      },
      "coordinates": {
        "t": 7.300000000000001
      },
      "curvature_invariants": {
        "analogy": null
      },
      "local_observables": {
        "delta_m_eff": 0.008317120261465805,
        "m_eff_state_A": 1.0873002575791317,
        "m_eff_state_B": 1.0956173778405975
      }
    },
    {
      "causal_structure": {
        "note": "State-dependent effective dynamics"
      },
      "coordinates": {
        "t": 7.3500000000000005
      },
      "curvature_invariants": {
        "analogy": null
      },
      "local_observables": {
        "delta_m_eff": 0.008317120261465805,
        "m_eff_state_A": 1.0873002575791317,
        "m_eff_state_B": 1.0956173778405975
      }
    },
    {
      "causal_structure": {
        "note": "State-dependent effective dynamics"
      },
      "coordinates": {
        "t": 7.4
      },
      "curvature_invariants": {
        "analogy": null
      },
      "local_observables": {
        "delta_m_eff": 0.008317120261465805,
        "m_eff_state_A": 1.0873002575791317,
        "m_eff_state_B": 1.0956173778405975
      }
    },
    {
      "causal_structure": {
        "note": "State-dependent effective dynamics"
      },
      "coordinates": {
        "t": 7.45
      },
      "curvature_invariants": {
        "analogy": null
      },
      "local_observables": {
        "delta_m_eff": 0.008317120261465805,
        "m_eff_state_A": 1.0873002575791317,
        "m_eff_state_B": 1.0956173778405975
      }
    },
    {
      "causal_structure": {
        "note": "State-dependent effective dynamics"
      },
      "coordinates": {
        "t": 7.5
      },
      "curvature_invariants": {
        "analogy": null
      },
      "local_observables": {
        "delta_m_eff": 0.008317120261465805,
        "m_eff_state_A": 1.0873002575791317,
        "m_eff_state_B": 1.0956173778405975
      }
    },
    {
      "causal_structure": {
        "note": "State-dependent effective dynamics"
      },
      "coordinates": {
        "t": 7.550000000000001
      },
      "curvature_invariants": {
        "analogy": null
      },
      "local_observables": {
        "delta_m_eff": 0.008317120261465805,
        "m_eff_state_A": 1.0873002575791317,
        "m_eff_state_B": 1.0956173778405975
      }
    },
    {
      "causal_structure": {
        "note": "State-dependent effective dynamics"
      },
      "coordinates": {
        "t": 7.6000000000000005
      },
      "curvature_invariants": {
        "analogy": null
      },
      "local_observables": {
        "delta_m_eff": 0.008317120261465805,
        "m_eff_state_A": 1.0873002575791317,
        "m_eff_state_B": 1.0956173778405975
      }
    },
    {
      "causal_structure": {
        "note": "State-dependent effective dynamics"
      },
      "coordinates": {
        "t": 7.65
      },
      "curvature_invariants": {
        "analogy": null
      },
      "local_observables": {
        "delta_m_eff": 0.008317120261465805,
        "m_eff_state_A": 1.0873002575791317,
        "m_eff_state_B": 1.0956173778405975
      }
    },
    {
      "causal_structure": {
        "note": "State-dependent effective dynamics"
      },
      "coordinates": {
        "t": 7.7
      },
      "curvature_invariants": {
        "analogy": null
      },
      "local_observables": {
        "delta_m_eff": 0.008317120261465805,
        "m_eff_state_A": 1.0873002575791317,
        "m_eff_state_B": 1.0956173778405975
      }
    },
    {
      "causal_structure": {
        "note": "State-dependent effective dynamics"
      },
      "coordinates": {
        "t": 7.75
      },
      "curvature_invariants": {
        "analogy": null
      },
      "local_observables": {
        "delta_m_eff": 0.008317120261465805,
        "m_eff_state_A": 1.0873002575791317,
        "m_eff_state_B": 1.0956173778405975
      }
    },
    {
      "causal_structure": {
        "note": "State-dependent effective dynamics"
      },
      "coordinates": {
        "t": 7.800000000000001
      },
      "curvature_invariants": {
        "analogy": null
      },
      "local_observables": {
        "delta_m_eff": 0.008317120261465805,
        "m_eff_state_A": 1.0873002575791317,
        "m_eff_state_B": 1.0956173778405975
      }
    },
    {
      "causal_structure": {
        "note": "State-dependent effective dynamics"
      },
      "coordinates": {
        "t": 7.8500000000000005
      },
      "curvature_invariants": {
        "analogy": null
      },
      "local_observables": {
        "delta_m_eff": 0.008317120261465805,
        "m_eff_state_A": 1.0873002575791317,
        "m_eff_state_B": 1.0956173778405975
      }
    },
    {
      "causal_structure": {
        "note": "State-dependent effective dynamics"
      },
      "coordinates": {
        "t": 7.9
      },
      "curvature_invariants": {
        "analogy": null
      },
      "local_observables": {
        "delta_m_eff": 0.008317120261465805,
        "m_eff_state_A": 1.0873002575791317,
        "m_eff_state_B": 1.0956173778405975
      }
    },
    {
      "causal_structure": {
        "note": "State-dependent effective dynamics"
      },
      "coordinates": {
        "t": 7.95
      },
      "curvature_invariants": {
        "analogy": null
      },
      "local_observables": {
        "delta_m_eff": 0.008317120261465805,
        "m_eff_state_A": 1.0873002575791317,
        "m_eff_state_B": 1.0956173778405975
      }
    },
    {
      "causal_structure": {
        "note": "State-dependent effective dynamics"
      },
      "coordinates": {
        "t": 8.0
      },
      "curvature_invariants": {
        "analogy": null
      },
      "local_observables": {
        "delta_m_eff": 0.008317120261465805,
        "m_eff_state_A": 1.0873002575791317,
        "m_eff_state_B": 1.0956173778405975
      }
    },
    {
      "causal_structure": {
        "note": "State-dependent effective dynamics"
      },
      "coordinates": {
        "t": 8.05
      },
      "curvature_invariants": {
        "analogy": null
      },
      "local_observables": {
        "delta_m_eff": 0.008317120261465805,
        "m_eff_state_A": 1.0873002575791317,
        "m_eff_state_B": 1.0956173778405975
      }
    },
    {
      "causal_structure": {
        "note": "State-dependent effective dynamics"
      },
      "coordinates": {
        "t": 8.1
      },
      "curvature_invariants": {
        "analogy": null
      },
      "local_observables": {
        "delta_m_eff": 0.008317120261465805,
        "m_eff_state_A": 1.0873002575791317,
        "m_eff_state_B": 1.0956173778405975
      }
    },
    {
      "causal_structure": {
        "note": "State-dependent effective dynamics"
      },
      "coordinates": {
        "t": 8.15
      },
      "curvature_invariants": {
        "analogy": null
      },
      "local_observables": {
        "delta_m_eff": 0.008317120261465805,
        "m_eff_state_A": 1.0873002575791317,
        "m_eff_state_B": 1.0956173778405975
      }
    },
    {
      "causal_structure": {
        "note": "State-dependent effective dynamics"
      },
      "coordinates": {
        "t": 8.200000000000001
      },
      "curvature_invariants": {
        "analogy": null
      },
      "local_observables": {
        "delta_m_eff": 0.008317120261465805,
        "m_eff_state_A": 1.0873002575791317,
        "m_eff_state_B": 1.0956173778405975
      }
    },
    {
      "causal_structure": {
        "note": "State-dependent effective dynamics"
      },
      "coordinates": {
        "t": 8.25
      },
      "curvature_invariants": {
        "analogy": null
      },
      "local_observables": {
        "delta_m_eff": 0.008317120261465805,
        "m_eff_state_A": 1.0873002575791317,
        "m_eff_state_B": 1.0956173778405975
      }
    },
    {
      "causal_structure": {
        "note": "State-dependent effective dynamics"
      },
      "coordinates": {
        "t": 8.3
      },
      "curvature_invariants": {
        "analogy": null
      },
      "local_observables": {
        "delta_m_eff": 0.008317120261465805,
        "m_eff_state_A": 1.0873002575791317,
        "m_eff_state_B": 1.0956173778405975
      }
    },
    {
      "causal_structure": {
        "note": "State-dependent effective dynamics"
      },
      "coordinates": {
        "t": 8.35
      },
      "curvature_invariants": {
        "analogy": null
      },
      "local_observables": {
        "delta_m_eff": 0.008317120261465805,
        "m_eff_state_A": 1.0873002575791317,
        "m_eff_state_B": 1.0956173778405975
      }
    },
    {
      "causal_structure": {
        "note": "State-dependent effective dynamics"
      },
      "coordinates": {
        "t": 8.4
      },
      "curvature_invariants": {
        "analogy": null
      },
      "local_observables": {
        "delta_m_eff": 0.008317120261465805,
        "m_eff_state_A": 1.0873002575791317,
        "m_eff_state_B": 1.0956173778405975
      }
    },
    {
      "causal_structure": {
        "note": "State-dependent effective dynamics"
      },
      "coordinates": {
        "t": 8.450000000000001
      },
      "curvature_invariants": {
        "analogy": null
      },
      "local_observables": {
        "delta_m_eff": 0.008317120261465805,
        "m_eff_state_A": 1.0873002575791317,
        "m_eff_state_B": 1.0956173778405975
      }
    },
    {
      "causal_structure": {
        "note": "State-dependent effective dynamics"
      },
      "coordinates": {
        "t": 8.5
      },
      "curvature_invariants": {
        "analogy": null
      },
      "local_observables": {
        "delta_m_eff": 0.008317120261465805,
        "m_eff_state_A": 1.0873002575791317,
        "m_eff_state_B": 1.0956173778405975
      }
    },
    {
      "causal_structure": {
        "note": "State-dependent effective dynamics"
      },
      "coordinates": {
        "t": 8.55
      },
      "curvature_invariants": {
        "analogy": null
      },
      "local_observables": {
        "delta_m_eff": 0.008317120261465805,
        "m_eff_state_A": 1.0873002575791317,
        "m_eff_state_B": 1.0956173778405975
      }
    },
    {
      "causal_structure": {
        "note": "State-dependent effective dynamics"
      },
      "coordinates": {
        "t": 8.6
      },
      "curvature_invariants": {
        "analogy": null
      },
      "local_observables": {
        "delta_m_eff": 0.008317120261465805,
        "m_eff_state_A": 1.0873002575791317,
        "m_eff_state_B": 1.0956173778405975
      }
    },
    {
      "causal_structure": {
        "note": "State-dependent effective dynamics"
      },
      "coordinates": {
        "t": 8.65
      },
      "curvature_invariants": {
        "analogy": null
      },
      "local_observables": {
        "delta_m_eff": 0.008317120261465805,
        "m_eff_state_A": 1.0873002575791317,
        "m_eff_state_B": 1.0956173778405975
      }
    },
    {
      "causal_structure": {
        "note": "State-dependent effective dynamics"
      },
      "coordinates": {
        "t": 8.700000000000001
      },
      "curvature_invariants": {
        "analogy": null
      },
      "local_observables": {
        "delta_m_eff": 0.008317120261465805,
        "m_eff_state_A": 1.0873002575791317,
        "m_eff_state_B": 1.0956173778405975
      }
    },
    {
      "causal_structure": {
        "note": "State-dependent effective dynamics"
      },
      "coordinates": {
        "t": 8.75
      },
      "curvature_invariants": {
        "analogy": null
      },
      "local_observables": {
        "delta_m_eff": 0.008317120261465805,
        "m_eff_state_A": 1.0873002575791317,
        "m_eff_state_B": 1.0956173778405975
      }
    },
    {
      "causal_structure": {
        "note": "State-dependent effective dynamics"
      },
      "coordinates": {
        "t": 8.8
      },
      "curvature_invariants": {
        "analogy": null
      },
      "local_observables": {
        "delta_m_eff": 0.008317120261465805,
        "m_eff_state_A": 1.0873002575791317,
        "m_eff_state_B": 1.0956173778405975
      }
    },
    {
      "causal_structure": {
        "note": "State-dependent effective dynamics"
      },
      "coordinates": {
        "t": 8.85
      },
      "curvature_invariants": {
        "analogy": null
      },
      "local_observables": {
        "delta_m_eff": 0.008317120261465805,
        "m_eff_state_A": 1.0873002575791317,
        "m_eff_state_B": 1.0956173778405975
      }
    },
    {
      "causal_structure": {
        "note": "State-dependent effective dynamics"
      },
      "coordinates": {
        "t": 8.9
      },
      "curvature_invariants": {
        "analogy": null
      },
      "local_observables": {
        "delta_m_eff": 0.008317120261465805,
        "m_eff_state_A": 1.0873002575791317,
        "m_eff_state_B": 1.0956173778405975
      }
    },
    {
      "causal_structure": {
        "note": "State-dependent effective dynamics"
      },
      "coordinates": {
        "t": 8.950000000000001
      },
      "curvature_invariants": {
        "analogy": null
      },
      "local_observables": {
        "delta_m_eff": 0.008317120261465805,
        "m_eff_state_A": 1.0873002575791317,
        "m_eff_state_B": 1.0956173778405975
      }
    },
    {
      "causal_structure": {
        "note": "State-dependent effective dynamics"
      },
      "coordinates": {
        "t": 9.0
      },
      "curvature_invariants": {
        "analogy": null
      },
      "local_observables": {
        "delta_m_eff": 0.008317120261465805,
        "m_eff_state_A": 1.0873002575791317,
        "m_eff_state_B": 1.0956173778405975
      }
    },
    {
      "causal_structure": {
        "note": "State-dependent effective dynamics"
      },
      "coordinates": {
        "t": 9.05
      },
      "curvature_invariants": {
        "analogy": null
      },
      "local_observables": {
        "delta_m_eff": 0.008317120261465805,
        "m_eff_state_A": 1.0873002575791317,
        "m_eff_state_B": 1.0956173778405975
      }
    },
    {
      "causal_structure": {
        "note": "State-dependent effective dynamics"
      },
      "coordinates": {
        "t": 9.1
      },
      "curvature_invariants": {
        "analogy": null
      },
      "local_observables": {
        "delta_m_eff": 0.008317120261465805,
        "m_eff_state_A": 1.0873002575791317,
        "m_eff_state_B": 1.0956173778405975
      }
    },
    {
      "causal_structure": {
        "note": "State-dependent effective dynamics"
      },
      "coordinates": {
        "t": 9.15
      },
      "curvature_invariants": {
        "analogy": null
      },
      "local_observables": {
        "delta_m_eff": 0.008317120261465805,
        "m_eff_state_A": 1.0873002575791317,
        "m_eff_state_B": 1.0956173778405975
      }
    },
    {
      "causal_structure": {
        "note": "State-dependent effective dynamics"
      },
      "coordinates": {
        "t": 9.200000000000001
      },
      "curvature_invariants": {
        "analogy": null
      },
      "local_observables": {
        "delta_m_eff": 0.008317120261465805,
        "m_eff_state_A": 1.0873002575791317,
        "m_eff_state_B": 1.0956173778405975
      }
    },
    {
      "causal_structure": {
        "note": "State-dependent effective dynamics"
      },
      "coordinates": {
        "t": 9.25
      },
      "curvature_invariants": {
        "analogy": null
      },
      "local_observables": {
        "delta_m_eff": 0.008317120261465805,
        "m_eff_state_A": 1.0873002575791317,
        "m_eff_state_B": 1.0956173778405975
      }
    },
    {
      "causal_structure": {
        "note": "State-dependent effective dynamics"
      },
      "coordinates": {
        "t": 9.3
      },
      "curvature_invariants": {
        "analogy": null
      },
      "local_observables": {
        "delta_m_eff": 0.008317120261465805,
        "m_eff_state_A": 1.0873002575791317,
        "m_eff_state_B": 1.0956173778405975
      }
    },
    {
      "causal_structure": {
        "note": "State-dependent effective dynamics"
      },
      "coordinates": {
        "t": 9.35
      },
      "curvature_invariants": {
        "analogy": null
      },
      "local_observables": {
        "delta_m_eff": 0.008317120261465805,
        "m_eff_state_A": 1.0873002575791317,
        "m_eff_state_B": 1.0956173778405975
      }
    },
    {
      "causal_structure": {
        "note": "State-dependent effective dynamics"
      },
      "coordinates": {
        "t": 9.4
      },
      "curvature_invariants": {
        "analogy": null
      },
      "local_observables": {
        "delta_m_eff": 0.008317120261465805,
        "m_eff_state_A": 1.0873002575791317,
        "m_eff_state_B": 1.0956173778405975
      }
    },
    {
      "causal_structure": {
        "note": "State-dependent effective dynamics"
      },
      "coordinates": {
        "t": 9.450000000000001
      },
      "curvature_invariants": {
        "analogy": null
      },
      "local_observables": {
        "delta_m_eff": 0.008317120261465805,
        "m_eff_state_A": 1.0873002575791317,
        "m_eff_state_B": 1.0956173778405975
      }
    },
    {
      "causal_structure": {
        "note": "State-dependent effective dynamics"
      },
      "coordinates": {
        "t": 9.5
      },
      "curvature_invariants": {
        "analogy": null
      },
      "local_observables": {
        "delta_m_eff": 0.008317120261465805,
        "m_eff_state_A": 1.0873002575791317,
        "m_eff_state_B": 1.0956173778405975
      }
    },
    {
      "causal_structure": {
        "note": "State-dependent effective dynamics"
      },
      "coordinates": {
        "t": 9.55
      },
      "curvature_invariants": {
        "analogy": null
      },
      "local_observables": {
        "delta_m_eff": 0.008317120261465805,
        "m_eff_state_A": 1.0873002575791317,
        "m_eff_state_B": 1.0956173778405975
      }
    },
    {
      "causal_structure": {
        "note": "State-dependent effective dynamics"
      },
      "coordinates": {
        "t": 9.600000000000001
      },
      "curvature_invariants": {
        "analogy": null
      },
      "local_observables": {
        "delta_m_eff": 0.008317120261465805,
        "m_eff_state_A": 1.0873002575791317,
        "m_eff_state_B": 1.0956173778405975
      }
    },
    {
      "causal_structure": {
        "note": "State-dependent effective dynamics"
      },
      "coordinates": {
        "t": 9.65
      },
      "curvature_invariants": {
        "analogy": null
      },
      "local_observables": {
        "delta_m_eff": 0.008317120261465805,
        "m_eff_state_A": 1.0873002575791317,
        "m_eff_state_B": 1.0956173778405975
      }
    },
    {
      "causal_structure": {
        "note": "State-dependent effective dynamics"
      },
      "coordinates": {
        "t": 9.700000000000001
      },
      "curvature_invariants": {
        "analogy": null
      },
      "local_observables": {
        "delta_m_eff": 0.008317120261465805,
        "m_eff_state_A": 1.0873002575791317,
        "m_eff_state_B": 1.0956173778405975
      }
    },
    {
      "causal_structure": {
        "note": "State-dependent effective dynamics"
      },
      "coordinates": {
        "t": 9.75
      },
      "curvature_invariants": {
        "analogy": null
      },
      "local_observables": {
        "delta_m_eff": 0.008317120261465805,
        "m_eff_state_A": 1.0873002575791317,
        "m_eff_state_B": 1.0956173778405975
      }
    },
    {
      "causal_structure": {
        "note": "State-dependent effective dynamics"
      },
      "coordinates": {
        "t": 9.8
      },
      "curvature_invariants": {
        "analogy": null
      },
      "local_observables": {
        "delta_m_eff": 0.008317120261465805,
        "m_eff_state_A": 1.0873002575791317,
        "m_eff_state_B": 1.0956173778405975
      }
    },
    {
      "causal_structure": {
        "note": "State-dependent effective dynamics"
      },
      "coordinates": {
        "t": 9.850000000000001
      },
      "curvature_invariants": {
        "analogy": null
      },
      "local_observables": {
        "delta_m_eff": 0.008317120261465805,
        "m_eff_state_A": 1.0873002575791317,
        "m_eff_state_B": 1.0956173778405975
      }
    },
    {
      "causal_structure": {
        "note": "State-dependent effective dynamics"
      },
      "coordinates": {
        "t": 9.9
      },
      "curvature_invariants": {
        "analogy": null
      },
      "local_observables": {
        "delta_m_eff": 0.008317120261465805,
        "m_eff_state_A": 1.0873002575791317,
        "m_eff_state_B": 1.0956173778405975
      }
    },
    {
      "causal_structure": {
        "note": "State-dependent effective dynamics"
      },
      "coordinates": {
        "t": 9.950000000000001
      },
      "curvature_invariants": {
        "analogy": null
      },
      "local_observables": {
        "delta_m_eff": 0.008317120261465805,
        "m_eff_state_A": 1.0873002575791317,
        "m_eff_state_B": 1.0956173778405975
      }
    },
    {
      "causal_structure": {
        "note": "State-dependent effective dynamics"
      },
      "coordinates": {
        "t": 10.0
      },
      "curvature_invariants": {
        "analogy": null
      },
      "local_observables": {
        "delta_m_eff": 0.008317120261465805,
        "m_eff_state_A": 1.0873002575791317,
        "m_eff_state_B": 1.0956173778405975
      }
    }
  ],
  "spacetime": "Finite-volume scalar field",
  "theory": "Quantum Field Theory (mean-field backreaction proxy)",
  "toy_id": "041",
  "units": {
    "c": 1,
    "hbar": 1
  }
}