{
  "notes": {
    "assumptions": [
      "Free scalar field",
      "Gaussian smearing of local operators",
      "Finite UV cutoff regulator"
    ],
    "pressure_point": "Exact microcausality applies only to idealized local operators. Physical smearing introduces resolution-dependent causal leakage."
  },
  "observables": {
    "failure_flags": {
      "absolute_causal_sharpness": false,
      "resolution_independent_lightcone": false
    },
    "regime_classification": {
      "finite_sigma": "approximate_causality",
      "sigma_to_zero": "exact_microcausality"
    }
  },
  "parameters": {
    "cutoff_Lambda": 25.0,
    "separation_x": 3.0,
    "smearings": [
      0.2,
      0.5,
      1.0,
      2.0
    ]
  },
  "sample_points": [
    {
      "causal_structure": {
        "exact_microcausality": false
      },
      "coordinates": {
        "separation_x": 3.0,
        "smearing_width_sigma": 0.2
      },
      "curvature_invariants": {
        "sharp_limit_commutator": 0.0
      },
      "local_observables": {
        "spacelike_commutator_leakage": 2.6920254947202846e-13
      }
    },
    {
      "causal_structure": {
        "exact_microcausality": false
      },
      "coordinates": {
        "separation_x": 3.0,
        "smearing_width_sigma": 0.5
      },
      "curvature_invariants": {
        "sharp_limit_commutator": 0.0
      },
      "local_observables": {
        "spacelike_commutator_leakage": 5.3342745780146006e-18
      }
    },
    {
      "causal_structure": {
        "exact_microcausality": false
      },
      "coordinates": {
        "separation_x": 3.0,
        "smearing_width_sigma": 1.0
      },
      "curvature_invariants": {
        "sharp_limit_commutator": 0.0
      },
      "local_observables": {
        "spacelike_commutator_leakage": 9.225892098847068e-18
      }
    },
    {
      "causal_structure": {
        "exact_microcausality": false
      },
      "coordinates": {
        "separation_x": 3.0,
        "smearing_width_sigma": 2.0
      },
      "curvature_invariants": {
        "sharp_limit_commutator": 0.0
      },
      "local_observables": {
        "spacelike_commutator_leakage": 1.4612998907320043e-16
      }
    }
  ],
  "spacetime": "Flat Minkowski (1+1D)",
  "theory": "Quantum Field Theory",
  "toy_id": "028",
  "units": {
    "c": 1,
    "hbar": 1
  }
}