{
  "notes": {
    "interpretation": "Severity near 1 indicates strong boundary pressure (hard to maintain locality/unitarity/uniqueness/control). Control score near 1 indicates overall good control across the included diagnostics.",
    "pressure_point": "Closure tool: aggregates boundary signals from toys 090\u2013098, ranks the dominant QFT boundaries, and produces a single dashboard summary."
  },
  "observables": {
    "boundary_ordering": [
      {
        "severity": 0.9,
        "signal": "thermalization_ambiguity_eth_vs_integrable"
      },
      {
        "severity": 0.843995798736548,
        "signal": "analytic_continuation_ill_posed"
      },
      {
        "severity": 0.726510193061599,
        "signal": "microcausality_leakage"
      },
      {
        "severity": 0.49999999999999956,
        "signal": "operator_algebra_reconstruction_nonuniqueness"
      },
      {
        "severity": 0.48,
        "signal": "eft_breakdown_vs_unitarity_proxy"
      },
      {
        "severity": 0.368,
        "signal": "uv_completability_positivity"
      },
      {
        "severity": 0.15397947401533216,
        "signal": "gauge_ward_identity_scheme_dependence"
      },
      {
        "severity": 0.0,
        "signal": "rg_scheme_dependence_global_portrait"
      }
    ],
    "boundary_severities": {
      "analytic_continuation_ill_posed": 0.843995798736548,
      "eft_breakdown_vs_unitarity_proxy": 0.48,
      "gauge_ward_identity_scheme_dependence": 0.15397947401533216,
      "inequivalent_representations_haag_proxy": null,
      "microcausality_leakage": 0.726510193061599,
      "operator_algebra_reconstruction_nonuniqueness": 0.49999999999999956,
      "rg_scheme_dependence_global_portrait": 0.0,
      "thermalization_ambiguity_eth_vs_integrable": 0.9,
      "uv_completability_positivity": 0.368
    },
    "control_score_0_to_1": 0.5034393167733151,
    "notes_on_missing_extractors": [],
    "per_file": [
      {
        "file": "toy_090_eft_positivity_bounds_uv_completable_cone.json",
        "health": {
          "issues": [],
          "n_sample_points": 125,
          "ok": true
        },
        "raw_extract": {
          "fractions": {
            "positivity_ok": 0.632,
            "positivity_ok_and_has_EEFT": 0.56,
            "positivity_ok_and_unitarity_ok_at_EEFT": 0.52
          },
          "summary": {
            "fractions": {
              "positivity_ok": 0.632,
              "positivity_ok_and_has_EEFT": 0.56,
              "positivity_ok_and_unitarity_ok_at_EEFT": 0.52
            },
            "n_positivity_ok": 79,
            "n_positivity_ok_and_has_EEFT": 70,
            "n_positivity_ok_and_unitarity_ok_at_EEFT": 65,
            "n_total": 125
          }
        },
        "signals_expected": [
          "eft_breakdown_vs_unitarity_proxy",
          "uv_completability_positivity"
        ],
        "signals_extracted": {
          "eft_breakdown_vs_unitarity_proxy": 0.48,
          "uv_completability_positivity": 0.368
        },
        "theory": "Quantum Field Theory (toy): positivity bounds / UV-completability cone for EFT coefficients",
        "toy_id": "090"
      },
      {
        "file": "toy_091_kallen_lehmann_reconstruction_ill_posed.json",
        "health": {
          "issues": [],
          "n_sample_points": 5,
          "ok": true
        },
        "raw_extract": {
          "best": 0.0014244879841994438,
          "summary": {
            "best_rel_fit_error": 0.0014244879841994438,
            "interpretation": "Small changes in prior (alpha) produce large changes in reconstructed spectrum.",
            "max_pairwise_rho_L2_distance": 6.618825195659073,
            "worst_rel_fit_error": 0.00898261541375408
          },
          "var": 6.618825195659073,
          "worst": 0.00898261541375408
        },
        "signals_expected": [
          "analytic_continuation_ill_posed"
        ],
        "signals_extracted": {
          "analytic_continuation_ill_posed": 0.843995798736548
        },
        "theory": "Quantum Field Theory (toy): K\u00e4ll\u00e9n\u2013Lehmann reconstruction ill-posedness under noisy Euclidean data",
        "toy_id": "091"
      },
      {
        "file": "toy_092_ward_identity_regulator_dependence_audit.json",
        "health": {
          "issues": [],
          "n_sample_points": 24,
          "ok": true
        },
        "raw_extract": {
          "summary": {
            "expectation": "Dimreg_proxy residual should be parametrically smaller/stabler than hard cutoff.",
            "max_ward_residual_dimreg_proxy": 1287.5630740656593,
            "max_ward_residual_hard_cutoff": 1756.2474116600579
          }
        },
        "signals_expected": [
          "gauge_ward_identity_scheme_dependence"
        ],
        "signals_extracted": {
          "gauge_ward_identity_scheme_dependence": 0.15397947401533216
        },
        "theory": "Quantum Field Theory (toy): Ward identity violation under regulator choice",
        "toy_id": "092"
      },
      {
        "file": "toy_093_bogoliubov_inequivalent_vacua_overlap.json",
        "health": {
          "issues": [],
          "n_sample_points": 35,
          "ok": true
        },
        "raw_extract": {
          "thresholds": {
            "0.1": null,
            "0.2": null,
            "0.4": null,
            "0.8": null,
            "1.2": null
          }
        },
        "signals_expected": [
          "inequivalent_representations_haag_proxy"
        ],
        "signals_extracted": {
          "inequivalent_representations_haag_proxy": null
        },
        "theory": "Quantum Field Theory (toy): inequivalent vacua via Bogoliubov overlap collapse",
        "toy_id": "093"
      },
      {
        "file": "toy_094_rg_scheme_dependence_fixed_point_vs_cycle.json",
        "health": {
          "issues": [],
          "n_sample_points": 5,
          "ok": true
        },
        "raw_extract": {
          "summary": {
            "fraction_disagree": 0.0,
            "n_classification_disagreements": 0,
            "n_initial_conditions": 5
          }
        },
        "signals_expected": [
          "rg_scheme_dependence_global_portrait"
        ],
        "signals_extracted": {
          "rg_scheme_dependence_global_portrait": 0.0
        },
        "theory": "Quantum Field Theory (toy): RG scheme dependence (fixed point vs limit-cycle proxy)",
        "toy_id": "094"
      },
      {
        "file": "toy_095_microcausality_leakage_vs_uv_softening.json",
        "health": {
          "issues": [],
          "n_sample_points": 36,
          "ok": true
        },
        "raw_extract": {
          "summary": {
            "max_leakage_ratio_observed": 2.656443401655673,
            "worst_case_parameters": {
              "K": 30.0,
              "Lambda": 6.0,
              "alpha": 0.1,
              "t": 1.2
            }
          }
        },
        "signals_expected": [
          "microcausality_leakage"
        ],
        "signals_extracted": {
          "microcausality_leakage": 0.726510193061599
        },
        "theory": "Quantum Field Theory (toy): microcausality leakage under UV softening",
        "toy_id": "095"
      },
      {
        "file": "toy_096_positivity_bounds_analyticity_bootstrap.json",
        "health": {
          "issues": [],
          "n_sample_points": 125,
          "ok": true
        },
        "raw_extract": {
          "summary": {
            "fractions": {
              "allowed": 0.648,
              "boundary": 0.104,
              "strictly_inside": 0.544
            },
            "n_allowed": 81,
            "n_boundary_saturated": 13,
            "n_strictly_inside": 68,
            "n_total": 125
          }
        },
        "signals_expected": [
          "uv_completability_positivity"
        ],
        "signals_extracted": {
          "uv_completability_positivity": 0.352
        },
        "theory": "Quantum Field Theory (toy): positivity bounds / analyticity bootstrap",
        "toy_id": "096"
      },
      {
        "file": "toy_097_operator_algebra_reconstruction_non_uniqueness.json",
        "health": {
          "issues": [],
          "n_sample_points": 4,
          "ok": true
        },
        "raw_extract": {
          "purities": {
            "reconstruction_center_extended": 0.5,
            "reconstruction_max_entropy_from_AB_BC": 0.49999999940000006,
            "true_state_classical_mixture": 0.5,
            "true_state_ghz_pure": 0.9999999999999996
          },
          "summary": {
            "key_signal": "True states share identical local marginals, but differ in purity and GHZ overlap; reconstructions differ depending on prior/center choice.",
            "marginals_match_within_numerical_norm": true
          }
        },
        "signals_expected": [
          "operator_algebra_reconstruction_nonuniqueness"
        ],
        "signals_extracted": {
          "operator_algebra_reconstruction_nonuniqueness": 0.49999999999999956
        },
        "theory": "Quantum Field Theory (toy): operator-algebra reconstruction non-uniqueness (center choice)",
        "toy_id": "097"
      },
      {
        "file": "toy_098_thermalization_ambiguity_eth_vs_integrable.json",
        "health": {
          "issues": [],
          "n_sample_points": 2,
          "ok": true
        },
        "raw_extract": {
          "summary": {
            "S_half_var_chaotic": 0.0014018095043277876,
            "S_half_var_integrable": 0.009450160802589869,
            "mz_var_chaotic": 0.0037608833080692047,
            "mz_var_integrable": 1.2027838924895309e-31,
            "thermalization_proxy_supports_ETH": false
          }
        },
        "signals_expected": [
          "thermalization_ambiguity_eth_vs_integrable"
        ],
        "signals_extracted": {
          "thermalization_ambiguity_eth_vs_integrable": 0.9
        },
        "theory": "Quantum Field Theory (toy): thermalization ambiguity boundary (ETH vs integrable)",
        "toy_id": "098"
      }
    ]
  },
  "parameters": {
    "inputs": [
      "toy_090_eft_positivity_bounds_uv_completable_cone.json",
      "toy_091_kallen_lehmann_reconstruction_ill_posed.json",
      "toy_092_ward_identity_regulator_dependence_audit.json",
      "toy_093_bogoliubov_inequivalent_vacua_overlap.json",
      "toy_094_rg_scheme_dependence_fixed_point_vs_cycle.json",
      "toy_095_microcausality_leakage_vs_uv_softening.json",
      "toy_096_positivity_bounds_analyticity_bootstrap.json",
      "toy_097_operator_algebra_reconstruction_non_uniqueness.json",
      "toy_098_thermalization_ambiguity_eth_vs_integrable.json"
    ],
    "n_inputs": 9,
    "signals": [
      "uv_completability_positivity",
      "analytic_continuation_ill_posed",
      "gauge_ward_identity_scheme_dependence",
      "inequivalent_representations_haag_proxy",
      "rg_scheme_dependence_global_portrait",
      "microcausality_leakage",
      "operator_algebra_reconstruction_nonuniqueness",
      "thermalization_ambiguity_eth_vs_integrable",
      "eft_breakdown_vs_unitarity_proxy"
    ],
    "used_toy_ids": [
      "090",
      "091",
      "092",
      "093",
      "094",
      "095",
      "096",
      "097",
      "098"
    ]
  },
  "sample_points": [],
  "theory": "Meta: QFT boundary dashboard (Toy 090\u2013098 aggregator)",
  "toy_id": "099"
}