{
  "notes": {
    "key_formulas": {
      "Z": "Z(g)=\u222b_C d\u03c6 exp(-(1/2)\u03c6^2-(g/4)\u03c6^4)",
      "contour": "\u03c6=e^{i\u03b8}x, d\u03c6=e^{i\u03b8}dx",
      "convergence": "Re(g e^{4 i \u03b8})>0"
    },
    "pressure_point": "For g<0 the real-line path integral diverges; one must choose a complex contour. Different admissible contours produce different Z, and dominance can switch across Stokes lines."
  },
  "observables": {
    "summary": {
      "max_abs_spread_over_theta_families": 23443015241614.61,
      "note": "Large spread indicates strong contour dependence / Stokes sensitivity."
    }
  },
  "parameters": {
    "convergence_condition": "Re(g e^{4 i theta}) > 0",
    "g_samples": [
      1.0,
      0.5,
      0.2,
      -0.2,
      -0.5,
      -1.0
    ],
    "integration": {
      "L_cutoff": 10.0,
      "n_int_simpson": 20000
    },
    "theta_samples": [
      0.0,
      0.3926990817,
      0.7853981634,
      1.1780972451,
      1.5707963268,
      -0.3926990817,
      -0.7853981634
    ]
  },
  "sample_points": [
    {
      "causal_structure": {
        "note": "Contour choice is extra data; without it, the formal path integral is not a number."
      },
      "coordinates": {
        "contour": "phi = exp(i*theta) * x, x in [-L, L]",
        "g": 1.0,
        "theta": 0.0
      },
      "curvature_invariants": {
        "kretschmann": null,
        "note": "0D QFT toy; no spacetime curvature.",
        "ricci_scalar": null
      },
      "local_observables": {
        "Z_theta": {
          "abs": 1.9352478184967254,
          "arg": 0.0,
          "imag": 0.0,
          "real": 1.9352478184967254
        },
        "convergent_for_g_theta": true,
        "reference_real_axis_Z_for_g_gt_0": {
          "abs": 1.9352478184967254,
          "defined": true,
          "imag": 0.0,
          "real": 1.9352478184967254
        },
        "relative_difference_to_real_axis_reference": 0.0,
        "theta_family_abs_spread_for_this_g": 4585366394300.495
      }
    },
    {
      "causal_structure": {
        "note": "Contour choice is extra data; without it, the formal path integral is not a number."
      },
      "coordinates": {
        "contour": "phi = exp(i*theta) * x, x in [-L, L]",
        "g": 1.0,
        "theta": 0.3926990817
      },
      "curvature_invariants": {
        "kretschmann": null,
        "note": "0D QFT toy; no spacetime curvature.",
        "ricci_scalar": null
      },
      "local_observables": {
        "Z_theta": {
          "abs": null,
          "arg": null,
          "imag": null,
          "real": null
        },
        "convergent_for_g_theta": false,
        "reference_real_axis_Z_for_g_gt_0": {
          "abs": 1.9352478184967254,
          "defined": true,
          "imag": 0.0,
          "real": 1.9352478184967254
        },
        "relative_difference_to_real_axis_reference": null,
        "theta_family_abs_spread_for_this_g": 4585366394300.495
      }
    },
    {
      "causal_structure": {
        "note": "Contour choice is extra data; without it, the formal path integral is not a number."
      },
      "coordinates": {
        "contour": "phi = exp(i*theta) * x, x in [-L, L]",
        "g": 1.0,
        "theta": 0.7853981634
      },
      "curvature_invariants": {
        "kretschmann": null,
        "note": "0D QFT toy; no spacetime curvature.",
        "ricci_scalar": null
      },
      "local_observables": {
        "Z_theta": {
          "abs": null,
          "arg": null,
          "imag": null,
          "real": null
        },
        "convergent_for_g_theta": false,
        "reference_real_axis_Z_for_g_gt_0": {
          "abs": 1.9352478184967254,
          "defined": true,
          "imag": 0.0,
          "real": 1.9352478184967254
        },
        "relative_difference_to_real_axis_reference": null,
        "theta_family_abs_spread_for_this_g": 4585366394300.495
      }
    },
    {
      "causal_structure": {
        "note": "Contour choice is extra data; without it, the formal path integral is not a number."
      },
      "coordinates": {
        "contour": "phi = exp(i*theta) * x, x in [-L, L]",
        "g": 1.0,
        "theta": 1.1780972451
      },
      "curvature_invariants": {
        "kretschmann": null,
        "note": "0D QFT toy; no spacetime curvature.",
        "ricci_scalar": null
      },
      "local_observables": {
        "Z_theta": {
          "abs": 4585366394302.431,
          "arg": 1.2499497106997575,
          "imag": 4351369465082.2695,
          "real": 1446087393053.3083
        },
        "convergent_for_g_theta": true,
        "reference_real_axis_Z_for_g_gt_0": {
          "abs": 1.9352478184967254,
          "defined": true,
          "imag": 0.0,
          "real": 1.9352478184967254
        },
        "relative_difference_to_real_axis_reference": 2369394942846.994,
        "theta_family_abs_spread_for_this_g": 4585366394300.495
      }
    },
    {
      "causal_structure": {
        "note": "Contour choice is extra data; without it, the formal path integral is not a number."
      },
      "coordinates": {
        "contour": "phi = exp(i*theta) * x, x in [-L, L]",
        "g": 1.0,
        "theta": 1.5707963268
      },
      "curvature_invariants": {
        "kretschmann": null,
        "note": "0D QFT toy; no spacetime curvature.",
        "ricci_scalar": null
      },
      "local_observables": {
        "Z_theta": {
          "abs": 3.905137169857312,
          "arg": 1.5707963267948966,
          "imag": 3.905137169857312,
          "real": -1.0662875083691372e-25
        },
        "convergent_for_g_theta": true,
        "reference_real_axis_Z_for_g_gt_0": {
          "abs": 1.9352478184967254,
          "defined": true,
          "imag": 0.0,
          "real": 1.9352478184967254
        },
        "relative_difference_to_real_axis_reference": 2.2520927278450444,
        "theta_family_abs_spread_for_this_g": 4585366394300.495
      }
    },
    {
      "causal_structure": {
        "note": "Contour choice is extra data; without it, the formal path integral is not a number."
      },
      "coordinates": {
        "contour": "phi = exp(i*theta) * x, x in [-L, L]",
        "g": 1.0,
        "theta": -0.3926990817
      },
      "curvature_invariants": {
        "kretschmann": null,
        "note": "0D QFT toy; no spacetime curvature.",
        "ricci_scalar": null
      },
      "local_observables": {
        "Z_theta": {
          "abs": null,
          "arg": null,
          "imag": null,
          "real": null
        },
        "convergent_for_g_theta": false,
        "reference_real_axis_Z_for_g_gt_0": {
          "abs": 1.9352478184967254,
          "defined": true,
          "imag": 0.0,
          "real": 1.9352478184967254
        },
        "relative_difference_to_real_axis_reference": null,
        "theta_family_abs_spread_for_this_g": 4585366394300.495
      }
    },
    {
      "causal_structure": {
        "note": "Contour choice is extra data; without it, the formal path integral is not a number."
      },
      "coordinates": {
        "contour": "phi = exp(i*theta) * x, x in [-L, L]",
        "g": 1.0,
        "theta": -0.7853981634
      },
      "curvature_invariants": {
        "kretschmann": null,
        "note": "0D QFT toy; no spacetime curvature.",
        "ricci_scalar": null
      },
      "local_observables": {
        "Z_theta": {
          "abs": null,
          "arg": null,
          "imag": null,
          "real": null
        },
        "convergent_for_g_theta": false,
        "reference_real_axis_Z_for_g_gt_0": {
          "abs": 1.9352478184967254,
          "defined": true,
          "imag": 0.0,
          "real": 1.9352478184967254
        },
        "relative_difference_to_real_axis_reference": null,
        "theta_family_abs_spread_for_this_g": 4585366394300.495
      }
    },
    {
      "causal_structure": {
        "note": "Contour choice is extra data; without it, the formal path integral is not a number."
      },
      "coordinates": {
        "contour": "phi = exp(i*theta) * x, x in [-L, L]",
        "g": 0.5,
        "theta": 0.0
      },
      "curvature_invariants": {
        "kretschmann": null,
        "note": "0D QFT toy; no spacetime curvature.",
        "ricci_scalar": null
      },
      "local_observables": {
        "Z_theta": {
          "abs": 2.1019609161655235,
          "arg": 0.0,
          "imag": 0.0,
          "real": 2.1019609161655235
        },
        "convergent_for_g_theta": true,
        "reference_real_axis_Z_for_g_gt_0": {
          "abs": 2.1019609161655235,
          "defined": true,
          "imag": 0.0,
          "real": 2.1019609161655235
        },
        "relative_difference_to_real_axis_reference": 0.0,
        "theta_family_abs_spread_for_this_g": 9182949562891.588
      }
    },
    {
      "causal_structure": {
        "note": "Contour choice is extra data; without it, the formal path integral is not a number."
      },
      "coordinates": {
        "contour": "phi = exp(i*theta) * x, x in [-L, L]",
        "g": 0.5,
        "theta": 0.3926990817
      },
      "curvature_invariants": {
        "kretschmann": null,
        "note": "0D QFT toy; no spacetime curvature.",
        "ricci_scalar": null
      },
      "local_observables": {
        "Z_theta": {
          "abs": null,
          "arg": null,
          "imag": null,
          "real": null
        },
        "convergent_for_g_theta": false,
        "reference_real_axis_Z_for_g_gt_0": {
          "abs": 2.1019609161655235,
          "defined": true,
          "imag": 0.0,
          "real": 2.1019609161655235
        },
        "relative_difference_to_real_axis_reference": null,
        "theta_family_abs_spread_for_this_g": 9182949562891.588
      }
    },
    {
      "causal_structure": {
        "note": "Contour choice is extra data; without it, the formal path integral is not a number."
      },
      "coordinates": {
        "contour": "phi = exp(i*theta) * x, x in [-L, L]",
        "g": 0.5,
        "theta": 0.7853981634
      },
      "curvature_invariants": {
        "kretschmann": null,
        "note": "0D QFT toy; no spacetime curvature.",
        "ricci_scalar": null
      },
      "local_observables": {
        "Z_theta": {
          "abs": null,
          "arg": null,
          "imag": null,
          "real": null
        },
        "convergent_for_g_theta": false,
        "reference_real_axis_Z_for_g_gt_0": {
          "abs": 2.1019609161655235,
          "defined": true,
          "imag": 0.0,
          "real": 2.1019609161655235
        },
        "relative_difference_to_real_axis_reference": null,
        "theta_family_abs_spread_for_this_g": 9182949562891.588
      }
    },
    {
      "causal_structure": {
        "note": "Contour choice is extra data; without it, the formal path integral is not a number."
      },
      "coordinates": {
        "contour": "phi = exp(i*theta) * x, x in [-L, L]",
        "g": 0.5,
        "theta": 1.1780972451
      },
      "curvature_invariants": {
        "kretschmann": null,
        "note": "0D QFT toy; no spacetime curvature.",
        "ricci_scalar": null
      },
      "local_observables": {
        "Z_theta": {
          "abs": 9182949562893.69,
          "arg": 1.6109073172163983,
          "imag": 9175563368282.385,
          "real": -368238440801.37354
        },
        "convergent_for_g_theta": true,
        "reference_real_axis_Z_for_g_gt_0": {
          "abs": 2.1019609161655235,
          "defined": true,
          "imag": 0.0,
          "real": 2.1019609161655235
        },
        "relative_difference_to_real_axis_reference": 4368753715766.3506,
        "theta_family_abs_spread_for_this_g": 9182949562891.588
      }
    },
    {
      "causal_structure": {
        "note": "Contour choice is extra data; without it, the formal path integral is not a number."
      },
      "coordinates": {
        "contour": "phi = exp(i*theta) * x, x in [-L, L]",
        "g": 0.5,
        "theta": 1.5707963268
      },
      "curvature_invariants": {
        "kretschmann": null,
        "note": "0D QFT toy; no spacetime curvature.",
        "ricci_scalar": null
      },
      "local_observables": {
        "Z_theta": {
          "abs": 5.891257416534,
          "arg": 1.5707963267948966,
          "imag": 5.891257416534,
          "real": 3.42504472385238e-25
        },
        "convergent_for_g_theta": true,
        "reference_real_axis_Z_for_g_gt_0": {
          "abs": 2.1019609161655235,
          "defined": true,
          "imag": 0.0,
          "real": 2.1019609161655235
        },
        "relative_difference_to_real_axis_reference": 2.9757976159005253,
        "theta_family_abs_spread_for_this_g": 9182949562891.588
      }
    },
    {
      "causal_structure": {
        "note": "Contour choice is extra data; without it, the formal path integral is not a number."
      },
      "coordinates": {
        "contour": "phi = exp(i*theta) * x, x in [-L, L]",
        "g": 0.5,
        "theta": -0.3926990817
      },
      "curvature_invariants": {
        "kretschmann": null,
        "note": "0D QFT toy; no spacetime curvature.",
        "ricci_scalar": null
      },
      "local_observables": {
        "Z_theta": {
          "abs": null,
          "arg": null,
          "imag": null,
          "real": null
        },
        "convergent_for_g_theta": false,
        "reference_real_axis_Z_for_g_gt_0": {
          "abs": 2.1019609161655235,
          "defined": true,
          "imag": 0.0,
          "real": 2.1019609161655235
        },
        "relative_difference_to_real_axis_reference": null,
        "theta_family_abs_spread_for_this_g": 9182949562891.588
      }
    },
    {
      "causal_structure": {
        "note": "Contour choice is extra data; without it, the formal path integral is not a number."
      },
      "coordinates": {
        "contour": "phi = exp(i*theta) * x, x in [-L, L]",
        "g": 0.5,
        "theta": -0.7853981634
      },
      "curvature_invariants": {
        "kretschmann": null,
        "note": "0D QFT toy; no spacetime curvature.",
        "ricci_scalar": null
      },
      "local_observables": {
        "Z_theta": {
          "abs": null,
          "arg": null,
          "imag": null,
          "real": null
        },
        "convergent_for_g_theta": false,
        "reference_real_axis_Z_for_g_gt_0": {
          "abs": 2.1019609161655235,
          "defined": true,
          "imag": 0.0,
          "real": 2.1019609161655235
        },
        "relative_difference_to_real_axis_reference": null,
        "theta_family_abs_spread_for_this_g": 9182949562891.588
      }
    },
    {
      "causal_structure": {
        "note": "Contour choice is extra data; without it, the formal path integral is not a number."
      },
      "coordinates": {
        "contour": "phi = exp(i*theta) * x, x in [-L, L]",
        "g": 0.2,
        "theta": 0.0
      },
      "curvature_invariants": {
        "kretschmann": null,
        "note": "0D QFT toy; no spacetime curvature.",
        "ricci_scalar": null
      },
      "local_observables": {
        "Z_theta": {
          "abs": 2.2759803160426473,
          "arg": 0.0,
          "imag": 0.0,
          "real": 2.2759803160426473
        },
        "convergent_for_g_theta": true,
        "reference_real_axis_Z_for_g_gt_0": {
          "abs": 2.2759803160426473,
          "defined": true,
          "imag": 0.0,
          "real": 2.2759803160426473
        },
        "relative_difference_to_real_axis_reference": 0.0,
        "theta_family_abs_spread_for_this_g": 23443015241614.61
      }
    },
    {
      "causal_structure": {
        "note": "Contour choice is extra data; without it, the formal path integral is not a number."
      },
      "coordinates": {
        "contour": "phi = exp(i*theta) * x, x in [-L, L]",
        "g": 0.2,
        "theta": 0.3926990817
      },
      "curvature_invariants": {
        "kretschmann": null,
        "note": "0D QFT toy; no spacetime curvature.",
        "ricci_scalar": null
      },
      "local_observables": {
        "Z_theta": {
          "abs": null,
          "arg": null,
          "imag": null,
          "real": null
        },
        "convergent_for_g_theta": false,
        "reference_real_axis_Z_for_g_gt_0": {
          "abs": 2.2759803160426473,
          "defined": true,
          "imag": 0.0,
          "real": 2.2759803160426473
        },
        "relative_difference_to_real_axis_reference": null,
        "theta_family_abs_spread_for_this_g": 23443015241614.61
      }
    },
    {
      "causal_structure": {
        "note": "Contour choice is extra data; without it, the formal path integral is not a number."
      },
      "coordinates": {
        "contour": "phi = exp(i*theta) * x, x in [-L, L]",
        "g": 0.2,
        "theta": 0.7853981634
      },
      "curvature_invariants": {
        "kretschmann": null,
        "note": "0D QFT toy; no spacetime curvature.",
        "ricci_scalar": null
      },
      "local_observables": {
        "Z_theta": {
          "abs": null,
          "arg": null,
          "imag": null,
          "real": null
        },
        "convergent_for_g_theta": false,
        "reference_real_axis_Z_for_g_gt_0": {
          "abs": 2.2759803160426473,
          "defined": true,
          "imag": 0.0,
          "real": 2.2759803160426473
        },
        "relative_difference_to_real_axis_reference": null,
        "theta_family_abs_spread_for_this_g": 23443015241614.61
      }
    },
    {
      "causal_structure": {
        "note": "Contour choice is extra data; without it, the formal path integral is not a number."
      },
      "coordinates": {
        "contour": "phi = exp(i*theta) * x, x in [-L, L]",
        "g": 0.2,
        "theta": 1.1780972451
      },
      "curvature_invariants": {
        "kretschmann": null,
        "note": "0D QFT toy; no spacetime curvature.",
        "ricci_scalar": null
      },
      "local_observables": {
        "Z_theta": {
          "abs": 23443015241616.887,
          "arg": -0.6687057965065728,
          "imag": -14533990599097.346,
          "real": 18393968600713.43
        },
        "convergent_for_g_theta": true,
        "reference_real_axis_Z_for_g_gt_0": {
          "abs": 2.2759803160426473,
          "defined": true,
          "imag": 0.0,
          "real": 2.2759803160426473
        },
        "relative_difference_to_real_axis_reference": 10300183651138.318,
        "theta_family_abs_spread_for_this_g": 23443015241614.61
      }
    },
    {
      "causal_structure": {
        "note": "Contour choice is extra data; without it, the formal path integral is not a number."
      },
      "coordinates": {
        "contour": "phi = exp(i*theta) * x, x in [-L, L]",
        "g": 0.2,
        "theta": 1.5707963268
      },
      "curvature_invariants": {
        "kretschmann": null,
        "note": "0D QFT toy; no spacetime curvature.",
        "ricci_scalar": null
      },
      "local_observables": {
        "Z_theta": {
          "abs": 13.966094500820471,
          "arg": 1.5707963267948966,
          "imag": 13.966094500820471,
          "real": -2.3264454728053903e-25
        },
        "convergent_for_g_theta": true,
        "reference_real_axis_Z_for_g_gt_0": {
          "abs": 2.2759803160426473,
          "defined": true,
          "imag": 0.0,
          "real": 2.2759803160426473
        },
        "relative_difference_to_real_axis_reference": 6.21724687862273,
        "theta_family_abs_spread_for_this_g": 23443015241614.61
      }
    },
    {
      "causal_structure": {
        "note": "Contour choice is extra data; without it, the formal path integral is not a number."
      },
      "coordinates": {
        "contour": "phi = exp(i*theta) * x, x in [-L, L]",
        "g": 0.2,
        "theta": -0.3926990817
      },
      "curvature_invariants": {
        "kretschmann": null,
        "note": "0D QFT toy; no spacetime curvature.",
        "ricci_scalar": null
      },
      "local_observables": {
        "Z_theta": {
          "abs": null,
          "arg": null,
          "imag": null,
          "real": null
        },
        "convergent_for_g_theta": false,
        "reference_real_axis_Z_for_g_gt_0": {
          "abs": 2.2759803160426473,
          "defined": true,
          "imag": 0.0,
          "real": 2.2759803160426473
        },
        "relative_difference_to_real_axis_reference": null,
        "theta_family_abs_spread_for_this_g": 23443015241614.61
      }
    },
    {
      "causal_structure": {
        "note": "Contour choice is extra data; without it, the formal path integral is not a number."
      },
      "coordinates": {
        "contour": "phi = exp(i*theta) * x, x in [-L, L]",
        "g": 0.2,
        "theta": -0.7853981634
      },
      "curvature_invariants": {
        "kretschmann": null,
        "note": "0D QFT toy; no spacetime curvature.",
        "ricci_scalar": null
      },
      "local_observables": {
        "Z_theta": {
          "abs": null,
          "arg": null,
          "imag": null,
          "real": null
        },
        "convergent_for_g_theta": false,
        "reference_real_axis_Z_for_g_gt_0": {
          "abs": 2.2759803160426473,
          "defined": true,
          "imag": 0.0,
          "real": 2.2759803160426473
        },
        "relative_difference_to_real_axis_reference": null,
        "theta_family_abs_spread_for_this_g": 23443015241614.61
      }
    },
    {
      "causal_structure": {
        "note": "Contour choice is extra data; without it, the formal path integral is not a number."
      },
      "coordinates": {
        "contour": "phi = exp(i*theta) * x, x in [-L, L]",
        "g": -0.2,
        "theta": 0.0
      },
      "curvature_invariants": {
        "kretschmann": null,
        "note": "0D QFT toy; no spacetime curvature.",
        "ricci_scalar": null
      },
      "local_observables": {
        "Z_theta": {
          "abs": null,
          "arg": null,
          "imag": null,
          "real": null
        },
        "convergent_for_g_theta": false,
        "reference_real_axis_Z_for_g_gt_0": {
          "abs": null,
          "defined": false,
          "imag": null,
          "real": null
        },
        "relative_difference_to_real_axis_reference": null,
        "theta_family_abs_spread_for_this_g": 1.2434497875801753e-14
      }
    },
    {
      "causal_structure": {
        "note": "Contour choice is extra data; without it, the formal path integral is not a number."
      },
      "coordinates": {
        "contour": "phi = exp(i*theta) * x, x in [-L, L]",
        "g": -0.2,
        "theta": 0.3926990817
      },
      "curvature_invariants": {
        "kretschmann": null,
        "note": "0D QFT toy; no spacetime curvature.",
        "ricci_scalar": null
      },
      "local_observables": {
        "Z_theta": {
          "abs": 2.8667083701372307,
          "arg": 0.1615446100195013,
          "imag": 0.46108967941969625,
          "real": 2.8293838882250495
        },
        "convergent_for_g_theta": true,
        "reference_real_axis_Z_for_g_gt_0": {
          "abs": null,
          "defined": false,
          "imag": null,
          "real": null
        },
        "relative_difference_to_real_axis_reference": null,
        "theta_family_abs_spread_for_this_g": 1.2434497875801753e-14
      }
    },
    {
      "causal_structure": {
        "note": "Contour choice is extra data; without it, the formal path integral is not a number."
      },
      "coordinates": {
        "contour": "phi = exp(i*theta) * x, x in [-L, L]",
        "g": -0.2,
        "theta": 0.7853981634
      },
      "curvature_invariants": {
        "kretschmann": null,
        "note": "0D QFT toy; no spacetime curvature.",
        "ricci_scalar": null
      },
      "local_observables": {
        "Z_theta": {
          "abs": 2.8667083701372182,
          "arg": 0.1615446100194941,
          "imag": 0.46108967941967394,
          "real": 2.8293838882250406
        },
        "convergent_for_g_theta": true,
        "reference_real_axis_Z_for_g_gt_0": {
          "abs": null,
          "defined": false,
          "imag": null,
          "real": null
        },
        "relative_difference_to_real_axis_reference": null,
        "theta_family_abs_spread_for_this_g": 1.2434497875801753e-14
      }
    },
    {
      "causal_structure": {
        "note": "Contour choice is extra data; without it, the formal path integral is not a number."
      },
      "coordinates": {
        "contour": "phi = exp(i*theta) * x, x in [-L, L]",
        "g": -0.2,
        "theta": 1.1780972451
      },
      "curvature_invariants": {
        "kretschmann": null,
        "note": "0D QFT toy; no spacetime curvature.",
        "ricci_scalar": null
      },
      "local_observables": {
        "Z_theta": {
          "abs": null,
          "arg": null,
          "imag": null,
          "real": null
        },
        "convergent_for_g_theta": false,
        "reference_real_axis_Z_for_g_gt_0": {
          "abs": null,
          "defined": false,
          "imag": null,
          "real": null
        },
        "relative_difference_to_real_axis_reference": null,
        "theta_family_abs_spread_for_this_g": 1.2434497875801753e-14
      }
    },
    {
      "causal_structure": {
        "note": "Contour choice is extra data; without it, the formal path integral is not a number."
      },
      "coordinates": {
        "contour": "phi = exp(i*theta) * x, x in [-L, L]",
        "g": -0.2,
        "theta": 1.5707963268
      },
      "curvature_invariants": {
        "kretschmann": null,
        "note": "0D QFT toy; no spacetime curvature.",
        "ricci_scalar": null
      },
      "local_observables": {
        "Z_theta": {
          "abs": null,
          "arg": null,
          "imag": null,
          "real": null
        },
        "convergent_for_g_theta": false,
        "reference_real_axis_Z_for_g_gt_0": {
          "abs": null,
          "defined": false,
          "imag": null,
          "real": null
        },
        "relative_difference_to_real_axis_reference": null,
        "theta_family_abs_spread_for_this_g": 1.2434497875801753e-14
      }
    },
    {
      "causal_structure": {
        "note": "Contour choice is extra data; without it, the formal path integral is not a number."
      },
      "coordinates": {
        "contour": "phi = exp(i*theta) * x, x in [-L, L]",
        "g": -0.2,
        "theta": -0.3926990817
      },
      "curvature_invariants": {
        "kretschmann": null,
        "note": "0D QFT toy; no spacetime curvature.",
        "ricci_scalar": null
      },
      "local_observables": {
        "Z_theta": {
          "abs": 2.8667083701372307,
          "arg": -0.1615446100195013,
          "imag": -0.46108967941969625,
          "real": 2.8293838882250495
        },
        "convergent_for_g_theta": true,
        "reference_real_axis_Z_for_g_gt_0": {
          "abs": null,
          "defined": false,
          "imag": null,
          "real": null
        },
        "relative_difference_to_real_axis_reference": null,
        "theta_family_abs_spread_for_this_g": 1.2434497875801753e-14
      }
    },
    {
      "causal_structure": {
        "note": "Contour choice is extra data; without it, the formal path integral is not a number."
      },
      "coordinates": {
        "contour": "phi = exp(i*theta) * x, x in [-L, L]",
        "g": -0.2,
        "theta": -0.7853981634
      },
      "curvature_invariants": {
        "kretschmann": null,
        "note": "0D QFT toy; no spacetime curvature.",
        "ricci_scalar": null
      },
      "local_observables": {
        "Z_theta": {
          "abs": 2.8667083701372182,
          "arg": -0.1615446100194941,
          "imag": -0.46108967941967394,
          "real": 2.8293838882250406
        },
        "convergent_for_g_theta": true,
        "reference_real_axis_Z_for_g_gt_0": {
          "abs": null,
          "defined": false,
          "imag": null,
          "real": null
        },
        "relative_difference_to_real_axis_reference": null,
        "theta_family_abs_spread_for_this_g": 1.2434497875801753e-14
      }
    },
    {
      "causal_structure": {
        "note": "Contour choice is extra data; without it, the formal path integral is not a number."
      },
      "coordinates": {
        "contour": "phi = exp(i*theta) * x, x in [-L, L]",
        "g": -0.5,
        "theta": 0.0
      },
      "curvature_invariants": {
        "kretschmann": null,
        "note": "0D QFT toy; no spacetime curvature.",
        "ricci_scalar": null
      },
      "local_observables": {
        "Z_theta": {
          "abs": null,
          "arg": null,
          "imag": null,
          "real": null
        },
        "convergent_for_g_theta": false,
        "reference_real_axis_Z_for_g_gt_0": {
          "abs": null,
          "defined": false,
          "imag": null,
          "real": null
        },
        "relative_difference_to_real_axis_reference": null,
        "theta_family_abs_spread_for_this_g": 9.769962616701378e-15
      }
    },
    {
      "causal_structure": {
        "note": "Contour choice is extra data; without it, the formal path integral is not a number."
      },
      "coordinates": {
        "contour": "phi = exp(i*theta) * x, x in [-L, L]",
        "g": -0.5,
        "theta": 0.3926990817
      },
      "curvature_invariants": {
        "kretschmann": null,
        "note": "0D QFT toy; no spacetime curvature.",
        "ricci_scalar": null
      },
      "local_observables": {
        "Z_theta": {
          "abs": 2.682660960425429,
          "arg": 0.34271385267956533,
          "imag": 0.9014930807428522,
          "real": 2.5266539244549193
        },
        "convergent_for_g_theta": true,
        "reference_real_axis_Z_for_g_gt_0": {
          "abs": null,
          "defined": false,
          "imag": null,
          "real": null
        },
        "relative_difference_to_real_axis_reference": null,
        "theta_family_abs_spread_for_this_g": 9.769962616701378e-15
      }
    },
    {
      "causal_structure": {
        "note": "Contour choice is extra data; without it, the formal path integral is not a number."
      },
      "coordinates": {
        "contour": "phi = exp(i*theta) * x, x in [-L, L]",
        "g": -0.5,
        "theta": 0.7853981634
      },
      "curvature_invariants": {
        "kretschmann": null,
        "note": "0D QFT toy; no spacetime curvature.",
        "ricci_scalar": null
      },
      "local_observables": {
        "Z_theta": {
          "abs": 2.682660960425419,
          "arg": 0.34271385267956433,
          "imag": 0.9014930807428465,
          "real": 2.5266539244549113
        },
        "convergent_for_g_theta": true,
        "reference_real_axis_Z_for_g_gt_0": {
          "abs": null,
          "defined": false,
          "imag": null,
          "real": null
        },
        "relative_difference_to_real_axis_reference": null,
        "theta_family_abs_spread_for_this_g": 9.769962616701378e-15
      }
    },
    {
      "causal_structure": {
        "note": "Contour choice is extra data; without it, the formal path integral is not a number."
      },
      "coordinates": {
        "contour": "phi = exp(i*theta) * x, x in [-L, L]",
        "g": -0.5,
        "theta": 1.1780972451
      },
      "curvature_invariants": {
        "kretschmann": null,
        "note": "0D QFT toy; no spacetime curvature.",
        "ricci_scalar": null
      },
      "local_observables": {
        "Z_theta": {
          "abs": null,
          "arg": null,
          "imag": null,
          "real": null
        },
        "convergent_for_g_theta": false,
        "reference_real_axis_Z_for_g_gt_0": {
          "abs": null,
          "defined": false,
          "imag": null,
          "real": null
        },
        "relative_difference_to_real_axis_reference": null,
        "theta_family_abs_spread_for_this_g": 9.769962616701378e-15
      }
    },
    {
      "causal_structure": {
        "note": "Contour choice is extra data; without it, the formal path integral is not a number."
      },
      "coordinates": {
        "contour": "phi = exp(i*theta) * x, x in [-L, L]",
        "g": -0.5,
        "theta": 1.5707963268
      },
      "curvature_invariants": {
        "kretschmann": null,
        "note": "0D QFT toy; no spacetime curvature.",
        "ricci_scalar": null
      },
      "local_observables": {
        "Z_theta": {
          "abs": null,
          "arg": null,
          "imag": null,
          "real": null
        },
        "convergent_for_g_theta": false,
        "reference_real_axis_Z_for_g_gt_0": {
          "abs": null,
          "defined": false,
          "imag": null,
          "real": null
        },
        "relative_difference_to_real_axis_reference": null,
        "theta_family_abs_spread_for_this_g": 9.769962616701378e-15
      }
    },
    {
      "causal_structure": {
        "note": "Contour choice is extra data; without it, the formal path integral is not a number."
      },
      "coordinates": {
        "contour": "phi = exp(i*theta) * x, x in [-L, L]",
        "g": -0.5,
        "theta": -0.3926990817
      },
      "curvature_invariants": {
        "kretschmann": null,
        "note": "0D QFT toy; no spacetime curvature.",
        "ricci_scalar": null
      },
      "local_observables": {
        "Z_theta": {
          "abs": 2.682660960425429,
          "arg": -0.34271385267956533,
          "imag": -0.9014930807428522,
          "real": 2.5266539244549193
        },
        "convergent_for_g_theta": true,
        "reference_real_axis_Z_for_g_gt_0": {
          "abs": null,
          "defined": false,
          "imag": null,
          "real": null
        },
        "relative_difference_to_real_axis_reference": null,
        "theta_family_abs_spread_for_this_g": 9.769962616701378e-15
      }
    },
    {
      "causal_structure": {
        "note": "Contour choice is extra data; without it, the formal path integral is not a number."
      },
      "coordinates": {
        "contour": "phi = exp(i*theta) * x, x in [-L, L]",
        "g": -0.5,
        "theta": -0.7853981634
      },
      "curvature_invariants": {
        "kretschmann": null,
        "note": "0D QFT toy; no spacetime curvature.",
        "ricci_scalar": null
      },
      "local_observables": {
        "Z_theta": {
          "abs": 2.682660960425419,
          "arg": -0.34271385267956433,
          "imag": -0.9014930807428465,
          "real": 2.5266539244549113
        },
        "convergent_for_g_theta": true,
        "reference_real_axis_Z_for_g_gt_0": {
          "abs": null,
          "defined": false,
          "imag": null,
          "real": null
        },
        "relative_difference_to_real_axis_reference": null,
        "theta_family_abs_spread_for_this_g": 9.769962616701378e-15
      }
    },
    {
      "causal_structure": {
        "note": "Contour choice is extra data; without it, the formal path integral is not a number."
      },
      "coordinates": {
        "contour": "phi = exp(i*theta) * x, x in [-L, L]",
        "g": -1.0,
        "theta": 0.0
      },
      "curvature_invariants": {
        "kretschmann": null,
        "note": "0D QFT toy; no spacetime curvature.",
        "ricci_scalar": null
      },
      "local_observables": {
        "Z_theta": {
          "abs": null,
          "arg": null,
          "imag": null,
          "real": null
        },
        "convergent_for_g_theta": false,
        "reference_real_axis_Z_for_g_gt_0": {
          "abs": null,
          "defined": false,
          "imag": null,
          "real": null
        },
        "relative_difference_to_real_axis_reference": null,
        "theta_family_abs_spread_for_this_g": 2.220446049250313e-15
      }
    },
    {
      "causal_structure": {
        "note": "Contour choice is extra data; without it, the formal path integral is not a number."
      },
      "coordinates": {
        "contour": "phi = exp(i*theta) * x, x in [-L, L]",
        "g": -1.0,
        "theta": 0.3926990817
      },
      "curvature_invariants": {
        "kretschmann": null,
        "note": "0D QFT toy; no spacetime curvature.",
        "ricci_scalar": null
      },
      "local_observables": {
        "Z_theta": {
          "abs": 2.400127077187942,
          "arg": 0.4600930137311992,
          "imag": 1.0657319068227513,
          "real": 2.1505407434946857
        },
        "convergent_for_g_theta": true,
        "reference_real_axis_Z_for_g_gt_0": {
          "abs": null,
          "defined": false,
          "imag": null,
          "real": null
        },
        "relative_difference_to_real_axis_reference": null,
        "theta_family_abs_spread_for_this_g": 2.220446049250313e-15
      }
    },
    {
      "causal_structure": {
        "note": "Contour choice is extra data; without it, the formal path integral is not a number."
      },
      "coordinates": {
        "contour": "phi = exp(i*theta) * x, x in [-L, L]",
        "g": -1.0,
        "theta": 0.7853981634
      },
      "curvature_invariants": {
        "kretschmann": null,
        "note": "0D QFT toy; no spacetime curvature.",
        "ricci_scalar": null
      },
      "local_observables": {
        "Z_theta": {
          "abs": 2.4001270771879444,
          "arg": 0.46009301373119726,
          "imag": 1.0657319068227484,
          "real": 2.15054074349469
        },
        "convergent_for_g_theta": true,
        "reference_real_axis_Z_for_g_gt_0": {
          "abs": null,
          "defined": false,
          "imag": null,
          "real": null
        },
        "relative_difference_to_real_axis_reference": null,
        "theta_family_abs_spread_for_this_g": 2.220446049250313e-15
      }
    },
    {
      "causal_structure": {
        "note": "Contour choice is extra data; without it, the formal path integral is not a number."
      },
      "coordinates": {
        "contour": "phi = exp(i*theta) * x, x in [-L, L]",
        "g": -1.0,
        "theta": 1.1780972451
      },
      "curvature_invariants": {
        "kretschmann": null,
        "note": "0D QFT toy; no spacetime curvature.",
        "ricci_scalar": null
      },
      "local_observables": {
        "Z_theta": {
          "abs": null,
          "arg": null,
          "imag": null,
          "real": null
        },
        "convergent_for_g_theta": false,
        "reference_real_axis_Z_for_g_gt_0": {
          "abs": null,
          "defined": false,
          "imag": null,
          "real": null
        },
        "relative_difference_to_real_axis_reference": null,
        "theta_family_abs_spread_for_this_g": 2.220446049250313e-15
      }
    },
    {
      "causal_structure": {
        "note": "Contour choice is extra data; without it, the formal path integral is not a number."
      },
      "coordinates": {
        "contour": "phi = exp(i*theta) * x, x in [-L, L]",
        "g": -1.0,
        "theta": 1.5707963268
      },
      "curvature_invariants": {
        "kretschmann": null,
        "note": "0D QFT toy; no spacetime curvature.",
        "ricci_scalar": null
      },
      "local_observables": {
        "Z_theta": {
          "abs": null,
          "arg": null,
          "imag": null,
          "real": null
        },
        "convergent_for_g_theta": false,
        "reference_real_axis_Z_for_g_gt_0": {
          "abs": null,
          "defined": false,
          "imag": null,
          "real": null
        },
        "relative_difference_to_real_axis_reference": null,
        "theta_family_abs_spread_for_this_g": 2.220446049250313e-15
      }
    },
    {
      "causal_structure": {
        "note": "Contour choice is extra data; without it, the formal path integral is not a number."
      },
      "coordinates": {
        "contour": "phi = exp(i*theta) * x, x in [-L, L]",
        "g": -1.0,
        "theta": -0.3926990817
      },
      "curvature_invariants": {
        "kretschmann": null,
        "note": "0D QFT toy; no spacetime curvature.",
        "ricci_scalar": null
      },
      "local_observables": {
        "Z_theta": {
          "abs": 2.400127077187942,
          "arg": -0.4600930137311992,
          "imag": -1.0657319068227513,
          "real": 2.1505407434946857
        },
        "convergent_for_g_theta": true,
        "reference_real_axis_Z_for_g_gt_0": {
          "abs": null,
          "defined": false,
          "imag": null,
          "real": null
        },
        "relative_difference_to_real_axis_reference": null,
        "theta_family_abs_spread_for_this_g": 2.220446049250313e-15
      }
    },
    {
      "causal_structure": {
        "note": "Contour choice is extra data; without it, the formal path integral is not a number."
      },
      "coordinates": {
        "contour": "phi = exp(i*theta) * x, x in [-L, L]",
        "g": -1.0,
        "theta": -0.7853981634
      },
      "curvature_invariants": {
        "kretschmann": null,
        "note": "0D QFT toy; no spacetime curvature.",
        "ricci_scalar": null
      },
      "local_observables": {
        "Z_theta": {
          "abs": 2.4001270771879444,
          "arg": -0.46009301373119726,
          "imag": -1.0657319068227484,
          "real": 2.15054074349469
        },
        "convergent_for_g_theta": true,
        "reference_real_axis_Z_for_g_gt_0": {
          "abs": null,
          "defined": false,
          "imag": null,
          "real": null
        },
        "relative_difference_to_real_axis_reference": null,
        "theta_family_abs_spread_for_this_g": 2.220446049250313e-15
      }
    }
  ],
  "spacetime": "0D (no spacetime), complexified integration contour",
  "theory": "Quantum Field Theory (toy): 0D path integral + contour ambiguity (Lefschetz/Stokes proxy)",
  "toy_id": "067",
  "units": {
    "G": 1,
    "c": 1
  }
}