{
  "notes": {
    "diagnostic": "KMS condition via two-point correlators",
    "pressure_point": "The KMS condition, and hence temperature, is defined relative to a choice of Hamiltonian (time flow). Thermality is not invariant."
  },
  "observables": {
    "summary": {
      "final_KMS_violation_H1": 1.1102230246251565e-16,
      "final_KMS_violation_H2": 0.2556818792790311
    }
  },
  "parameters": {
    "beta": 1.0,
    "dt": 0.05,
    "epsilon": 0.3,
    "omega": 1.0,
    "steps": 200
  },
  "sample_points": [
    {
      "causal_structure": {
        "note": "Thermality depends on choice of time generator"
      },
      "coordinates": {
        "t": 0.0
      },
      "curvature_invariants": {
        "analogy": null
      },
      "local_observables": {
        "KMS_violation_H1": 0.0,
        "KMS_violation_H2": 0.25568187927903085
      }
    },
    {
      "causal_structure": {
        "note": "Thermality depends on choice of time generator"
      },
      "coordinates": {
        "t": 0.05
      },
      "curvature_invariants": {
        "analogy": null
      },
      "local_observables": {
        "KMS_violation_H1": 1.3877787807814457e-17,
        "KMS_violation_H2": 0.25568187927903085
      }
    },
    {
      "causal_structure": {
        "note": "Thermality depends on choice of time generator"
      },
      "coordinates": {
        "t": 0.1
      },
      "curvature_invariants": {
        "analogy": null
      },
      "local_observables": {
        "KMS_violation_H1": 1.1443916996305594e-16,
        "KMS_violation_H2": 0.25568187927903074
      }
    },
    {
      "causal_structure": {
        "note": "Thermality depends on choice of time generator"
      },
      "coordinates": {
        "t": 0.15000000000000002
      },
      "curvature_invariants": {
        "analogy": null
      },
      "local_observables": {
        "KMS_violation_H1": 0.0,
        "KMS_violation_H2": 0.25568187927903097
      }
    },
    {
      "causal_structure": {
        "note": "Thermality depends on choice of time generator"
      },
      "coordinates": {
        "t": 0.2
      },
      "curvature_invariants": {
        "analogy": null
      },
      "local_observables": {
        "KMS_violation_H1": 1.1102230246251565e-16,
        "KMS_violation_H2": 0.25568187927903097
      }
    },
    {
      "causal_structure": {
        "note": "Thermality depends on choice of time generator"
      },
      "coordinates": {
        "t": 0.25
      },
      "curvature_invariants": {
        "analogy": null
      },
      "local_observables": {
        "KMS_violation_H1": 1.1102230246251565e-16,
        "KMS_violation_H2": 0.2556818792790312
      }
    },
    {
      "causal_structure": {
        "note": "Thermality depends on choice of time generator"
      },
      "coordinates": {
        "t": 0.30000000000000004
      },
      "curvature_invariants": {
        "analogy": null
      },
      "local_observables": {
        "KMS_violation_H1": 0.0,
        "KMS_violation_H2": 0.25568187927903063
      }
    },
    {
      "causal_structure": {
        "note": "Thermality depends on choice of time generator"
      },
      "coordinates": {
        "t": 0.35000000000000003
      },
      "curvature_invariants": {
        "analogy": null
      },
      "local_observables": {
        "KMS_violation_H1": 0.0,
        "KMS_violation_H2": 0.2556818792790312
      }
    },
    {
      "causal_structure": {
        "note": "Thermality depends on choice of time generator"
      },
      "coordinates": {
        "t": 0.4
      },
      "curvature_invariants": {
        "analogy": null
      },
      "local_observables": {
        "KMS_violation_H1": 0.0,
        "KMS_violation_H2": 0.2556818792790311
      }
    },
    {
      "causal_structure": {
        "note": "Thermality depends on choice of time generator"
      },
      "coordinates": {
        "t": 0.45
      },
      "curvature_invariants": {
        "analogy": null
      },
      "local_observables": {
        "KMS_violation_H1": 0.0,
        "KMS_violation_H2": 0.25568187927903097
      }
    },
    {
      "causal_structure": {
        "note": "Thermality depends on choice of time generator"
      },
      "coordinates": {
        "t": 0.5
      },
      "curvature_invariants": {
        "analogy": null
      },
      "local_observables": {
        "KMS_violation_H1": 0.0,
        "KMS_violation_H2": 0.25568187927903085
      }
    },
    {
      "causal_structure": {
        "note": "Thermality depends on choice of time generator"
      },
      "coordinates": {
        "t": 0.55
      },
      "curvature_invariants": {
        "analogy": null
      },
      "local_observables": {
        "KMS_violation_H1": 0.0,
        "KMS_violation_H2": 0.2556818792790312
      }
    },
    {
      "causal_structure": {
        "note": "Thermality depends on choice of time generator"
      },
      "coordinates": {
        "t": 0.6000000000000001
      },
      "curvature_invariants": {
        "analogy": null
      },
      "local_observables": {
        "KMS_violation_H1": 0.0,
        "KMS_violation_H2": 0.25568187927903113
      }
    },
    {
      "causal_structure": {
        "note": "Thermality depends on choice of time generator"
      },
      "coordinates": {
        "t": 0.65
      },
      "curvature_invariants": {
        "analogy": null
      },
      "local_observables": {
        "KMS_violation_H1": 5.551115123125783e-17,
        "KMS_violation_H2": 0.25568187927903097
      }
    },
    {
      "causal_structure": {
        "note": "Thermality depends on choice of time generator"
      },
      "coordinates": {
        "t": 0.7000000000000001
      },
      "curvature_invariants": {
        "analogy": null
      },
      "local_observables": {
        "KMS_violation_H1": 1.1102230246251565e-16,
        "KMS_violation_H2": 0.2556818792790308
      }
    },
    {
      "causal_structure": {
        "note": "Thermality depends on choice of time generator"
      },
      "coordinates": {
        "t": 0.75
      },
      "curvature_invariants": {
        "analogy": null
      },
      "local_observables": {
        "KMS_violation_H1": 5.551115123125783e-17,
        "KMS_violation_H2": 0.25568187927903085
      }
    },
    {
      "causal_structure": {
        "note": "Thermality depends on choice of time generator"
      },
      "coordinates": {
        "t": 0.8
      },
      "curvature_invariants": {
        "analogy": null
      },
      "local_observables": {
        "KMS_violation_H1": 1.5700924586837752e-16,
        "KMS_violation_H2": 0.255681879279031
      }
    },
    {
      "causal_structure": {
        "note": "Thermality depends on choice of time generator"
      },
      "coordinates": {
        "t": 0.8500000000000001
      },
      "curvature_invariants": {
        "analogy": null
      },
      "local_observables": {
        "KMS_violation_H1": 1.5700924586837752e-16,
        "KMS_violation_H2": 0.255681879279031
      }
    },
    {
      "causal_structure": {
        "note": "Thermality depends on choice of time generator"
      },
      "coordinates": {
        "t": 0.9
      },
      "curvature_invariants": {
        "analogy": null
      },
      "local_observables": {
        "KMS_violation_H1": 0.0,
        "KMS_violation_H2": 0.25568187927903085
      }
    },
    {
      "causal_structure": {
        "note": "Thermality depends on choice of time generator"
      },
      "coordinates": {
        "t": 0.9500000000000001
      },
      "curvature_invariants": {
        "analogy": null
      },
      "local_observables": {
        "KMS_violation_H1": 1.1102230246251565e-16,
        "KMS_violation_H2": 0.255681879279031
      }
    },
    {
      "causal_structure": {
        "note": "Thermality depends on choice of time generator"
      },
      "coordinates": {
        "t": 1.0
      },
      "curvature_invariants": {
        "analogy": null
      },
      "local_observables": {
        "KMS_violation_H1": 0.0,
        "KMS_violation_H2": 0.25568187927903097
      }
    },
    {
      "causal_structure": {
        "note": "Thermality depends on choice of time generator"
      },
      "coordinates": {
        "t": 1.05
      },
      "curvature_invariants": {
        "analogy": null
      },
      "local_observables": {
        "KMS_violation_H1": 0.0,
        "KMS_violation_H2": 0.25568187927903097
      }
    },
    {
      "causal_structure": {
        "note": "Thermality depends on choice of time generator"
      },
      "coordinates": {
        "t": 1.1
      },
      "curvature_invariants": {
        "analogy": null
      },
      "local_observables": {
        "KMS_violation_H1": 1.1102230246251565e-16,
        "KMS_violation_H2": 0.2556818792790312
      }
    },
    {
      "causal_structure": {
        "note": "Thermality depends on choice of time generator"
      },
      "coordinates": {
        "t": 1.1500000000000001
      },
      "curvature_invariants": {
        "analogy": null
      },
      "local_observables": {
        "KMS_violation_H1": 0.0,
        "KMS_violation_H2": 0.25568187927903097
      }
    },
    {
      "causal_structure": {
        "note": "Thermality depends on choice of time generator"
      },
      "coordinates": {
        "t": 1.2000000000000002
      },
      "curvature_invariants": {
        "analogy": null
      },
      "local_observables": {
        "KMS_violation_H1": 0.0,
        "KMS_violation_H2": 0.2556818792790309
      }
    },
    {
      "causal_structure": {
        "note": "Thermality depends on choice of time generator"
      },
      "coordinates": {
        "t": 1.25
      },
      "curvature_invariants": {
        "analogy": null
      },
      "local_observables": {
        "KMS_violation_H1": 0.0,
        "KMS_violation_H2": 0.25568187927903063
      }
    },
    {
      "causal_structure": {
        "note": "Thermality depends on choice of time generator"
      },
      "coordinates": {
        "t": 1.3
      },
      "curvature_invariants": {
        "analogy": null
      },
      "local_observables": {
        "KMS_violation_H1": 1.5700924586837752e-16,
        "KMS_violation_H2": 0.2556818792790311
      }
    },
    {
      "causal_structure": {
        "note": "Thermality depends on choice of time generator"
      },
      "coordinates": {
        "t": 1.35
      },
      "curvature_invariants": {
        "analogy": null
      },
      "local_observables": {
        "KMS_violation_H1": 0.0,
        "KMS_violation_H2": 0.25568187927903085
      }
    },
    {
      "causal_structure": {
        "note": "Thermality depends on choice of time generator"
      },
      "coordinates": {
        "t": 1.4000000000000001
      },
      "curvature_invariants": {
        "analogy": null
      },
      "local_observables": {
        "KMS_violation_H1": 2.2887833992611187e-16,
        "KMS_violation_H2": 0.25568187927903085
      }
    },
    {
      "causal_structure": {
        "note": "Thermality depends on choice of time generator"
      },
      "coordinates": {
        "t": 1.4500000000000002
      },
      "curvature_invariants": {
        "analogy": null
      },
      "local_observables": {
        "KMS_violation_H1": 2.7755575615628914e-17,
        "KMS_violation_H2": 0.25568187927903074
      }
    },
    {
      "causal_structure": {
        "note": "Thermality depends on choice of time generator"
      },
      "coordinates": {
        "t": 1.5
      },
      "curvature_invariants": {
        "analogy": null
      },
      "local_observables": {
        "KMS_violation_H1": 1.1102230246251565e-16,
        "KMS_violation_H2": 0.2556818792790311
      }
    },
    {
      "causal_structure": {
        "note": "Thermality depends on choice of time generator"
      },
      "coordinates": {
        "t": 1.55
      },
      "curvature_invariants": {
        "analogy": null
      },
      "local_observables": {
        "KMS_violation_H1": 0.0,
        "KMS_violation_H2": 0.25568187927903085
      }
    },
    {
      "causal_structure": {
        "note": "Thermality depends on choice of time generator"
      },
      "coordinates": {
        "t": 1.6
      },
      "curvature_invariants": {
        "analogy": null
      },
      "local_observables": {
        "KMS_violation_H1": 0.0,
        "KMS_violation_H2": 0.25568187927903097
      }
    },
    {
      "causal_structure": {
        "note": "Thermality depends on choice of time generator"
      },
      "coordinates": {
        "t": 1.6500000000000001
      },
      "curvature_invariants": {
        "analogy": null
      },
      "local_observables": {
        "KMS_violation_H1": 0.0,
        "KMS_violation_H2": 0.25568187927903085
      }
    },
    {
      "causal_structure": {
        "note": "Thermality depends on choice of time generator"
      },
      "coordinates": {
        "t": 1.7000000000000002
      },
      "curvature_invariants": {
        "analogy": null
      },
      "local_observables": {
        "KMS_violation_H1": 0.0,
        "KMS_violation_H2": 0.25568187927903097
      }
    },
    {
      "causal_structure": {
        "note": "Thermality depends on choice of time generator"
      },
      "coordinates": {
        "t": 1.75
      },
      "curvature_invariants": {
        "analogy": null
      },
      "local_observables": {
        "KMS_violation_H1": 2.220446049250313e-16,
        "KMS_violation_H2": 0.2556818792790309
      }
    },
    {
      "causal_structure": {
        "note": "Thermality depends on choice of time generator"
      },
      "coordinates": {
        "t": 1.8
      },
      "curvature_invariants": {
        "analogy": null
      },
      "local_observables": {
        "KMS_violation_H1": 2.220446049250313e-16,
        "KMS_violation_H2": 0.2556818792790311
      }
    },
    {
      "causal_structure": {
        "note": "Thermality depends on choice of time generator"
      },
      "coordinates": {
        "t": 1.85
      },
      "curvature_invariants": {
        "analogy": null
      },
      "local_observables": {
        "KMS_violation_H1": 1.1102230246251565e-16,
        "KMS_violation_H2": 0.25568187927903074
      }
    },
    {
      "causal_structure": {
        "note": "Thermality depends on choice of time generator"
      },
      "coordinates": {
        "t": 1.9000000000000001
      },
      "curvature_invariants": {
        "analogy": null
      },
      "local_observables": {
        "KMS_violation_H1": 3.510833468576701e-16,
        "KMS_violation_H2": 0.2556818792790309
      }
    },
    {
      "causal_structure": {
        "note": "Thermality depends on choice of time generator"
      },
      "coordinates": {
        "t": 1.9500000000000002
      },
      "curvature_invariants": {
        "analogy": null
      },
      "local_observables": {
        "KMS_violation_H1": 2.220446049250313e-16,
        "KMS_violation_H2": 0.25568187927903074
      }
    },
    {
      "causal_structure": {
        "note": "Thermality depends on choice of time generator"
      },
      "coordinates": {
        "t": 2.0
      },
      "curvature_invariants": {
        "analogy": null
      },
      "local_observables": {
        "KMS_violation_H1": 1.1102230246251565e-16,
        "KMS_violation_H2": 0.25568187927903074
      }
    },
    {
      "causal_structure": {
        "note": "Thermality depends on choice of time generator"
      },
      "coordinates": {
        "t": 2.0500000000000003
      },
      "curvature_invariants": {
        "analogy": null
      },
      "local_observables": {
        "KMS_violation_H1": 1.1102230246251565e-16,
        "KMS_violation_H2": 0.2556818792790311
      }
    },
    {
      "causal_structure": {
        "note": "Thermality depends on choice of time generator"
      },
      "coordinates": {
        "t": 2.1
      },
      "curvature_invariants": {
        "analogy": null
      },
      "local_observables": {
        "KMS_violation_H1": 1.1102230246251565e-16,
        "KMS_violation_H2": 0.255681879279031
      }
    },
    {
      "causal_structure": {
        "note": "Thermality depends on choice of time generator"
      },
      "coordinates": {
        "t": 2.15
      },
      "curvature_invariants": {
        "analogy": null
      },
      "local_observables": {
        "KMS_violation_H1": 0.0,
        "KMS_violation_H2": 0.2556818792790308
      }
    },
    {
      "causal_structure": {
        "note": "Thermality depends on choice of time generator"
      },
      "coordinates": {
        "t": 2.2
      },
      "curvature_invariants": {
        "analogy": null
      },
      "local_observables": {
        "KMS_violation_H1": 1.1102230246251565e-16,
        "KMS_violation_H2": 0.25568187927903085
      }
    },
    {
      "causal_structure": {
        "note": "Thermality depends on choice of time generator"
      },
      "coordinates": {
        "t": 2.25
      },
      "curvature_invariants": {
        "analogy": null
      },
      "local_observables": {
        "KMS_violation_H1": 1.5700924586837752e-16,
        "KMS_violation_H2": 0.25568187927903085
      }
    },
    {
      "causal_structure": {
        "note": "Thermality depends on choice of time generator"
      },
      "coordinates": {
        "t": 2.3000000000000003
      },
      "curvature_invariants": {
        "analogy": null
      },
      "local_observables": {
        "KMS_violation_H1": 0.0,
        "KMS_violation_H2": 0.2556818792790311
      }
    },
    {
      "causal_structure": {
        "note": "Thermality depends on choice of time generator"
      },
      "coordinates": {
        "t": 2.35
      },
      "curvature_invariants": {
        "analogy": null
      },
      "local_observables": {
        "KMS_violation_H1": 1.1102230246251565e-16,
        "KMS_violation_H2": 0.25568187927903097
      }
    },
    {
      "causal_structure": {
        "note": "Thermality depends on choice of time generator"
      },
      "coordinates": {
        "t": 2.4000000000000004
      },
      "curvature_invariants": {
        "analogy": null
      },
      "local_observables": {
        "KMS_violation_H1": 1.5700924586837752e-16,
        "KMS_violation_H2": 0.25568187927903113
      }
    },
    {
      "causal_structure": {
        "note": "Thermality depends on choice of time generator"
      },
      "coordinates": {
        "t": 2.45
      },
      "curvature_invariants": {
        "analogy": null
      },
      "local_observables": {
        "KMS_violation_H1": 2.2887833992611187e-16,
        "KMS_violation_H2": 0.2556818792790308
      }
    },
    {
      "causal_structure": {
        "note": "Thermality depends on choice of time generator"
      },
      "coordinates": {
        "t": 2.5
      },
      "curvature_invariants": {
        "analogy": null
      },
      "local_observables": {
        "KMS_violation_H1": 0.0,
        "KMS_violation_H2": 0.2556818792790312
      }
    },
    {
      "causal_structure": {
        "note": "Thermality depends on choice of time generator"
      },
      "coordinates": {
        "t": 2.5500000000000003
      },
      "curvature_invariants": {
        "analogy": null
      },
      "local_observables": {
        "KMS_violation_H1": 0.0,
        "KMS_violation_H2": 0.25568187927903085
      }
    },
    {
      "causal_structure": {
        "note": "Thermality depends on choice of time generator"
      },
      "coordinates": {
        "t": 2.6
      },
      "curvature_invariants": {
        "analogy": null
      },
      "local_observables": {
        "KMS_violation_H1": 1.5700924586837752e-16,
        "KMS_violation_H2": 0.2556818792790312
      }
    },
    {
      "causal_structure": {
        "note": "Thermality depends on choice of time generator"
      },
      "coordinates": {
        "t": 2.6500000000000004
      },
      "curvature_invariants": {
        "analogy": null
      },
      "local_observables": {
        "KMS_violation_H1": 0.0,
        "KMS_violation_H2": 0.2556818792790312
      }
    },
    {
      "causal_structure": {
        "note": "Thermality depends on choice of time generator"
      },
      "coordinates": {
        "t": 2.7
      },
      "curvature_invariants": {
        "analogy": null
      },
      "local_observables": {
        "KMS_violation_H1": 1.1102230246251565e-16,
        "KMS_violation_H2": 0.2556818792790314
      }
    },
    {
      "causal_structure": {
        "note": "Thermality depends on choice of time generator"
      },
      "coordinates": {
        "t": 2.75
      },
      "curvature_invariants": {
        "analogy": null
      },
      "local_observables": {
        "KMS_violation_H1": 1.1102230246251565e-16,
        "KMS_violation_H2": 0.25568187927903097
      }
    },
    {
      "causal_structure": {
        "note": "Thermality depends on choice of time generator"
      },
      "coordinates": {
        "t": 2.8000000000000003
      },
      "curvature_invariants": {
        "analogy": null
      },
      "local_observables": {
        "KMS_violation_H1": 5.551115123125783e-17,
        "KMS_violation_H2": 0.2556818792790311
      }
    },
    {
      "causal_structure": {
        "note": "Thermality depends on choice of time generator"
      },
      "coordinates": {
        "t": 2.85
      },
      "curvature_invariants": {
        "analogy": null
      },
      "local_observables": {
        "KMS_violation_H1": 0.0,
        "KMS_violation_H2": 0.25568187927903097
      }
    },
    {
      "causal_structure": {
        "note": "Thermality depends on choice of time generator"
      },
      "coordinates": {
        "t": 2.9000000000000004
      },
      "curvature_invariants": {
        "analogy": null
      },
      "local_observables": {
        "KMS_violation_H1": 2.220446049250313e-16,
        "KMS_violation_H2": 0.2556818792790311
      }
    },
    {
      "causal_structure": {
        "note": "Thermality depends on choice of time generator"
      },
      "coordinates": {
        "t": 2.95
      },
      "curvature_invariants": {
        "analogy": null
      },
      "local_observables": {
        "KMS_violation_H1": 0.0,
        "KMS_violation_H2": 0.2556818792790311
      }
    },
    {
      "causal_structure": {
        "note": "Thermality depends on choice of time generator"
      },
      "coordinates": {
        "t": 3.0
      },
      "curvature_invariants": {
        "analogy": null
      },
      "local_observables": {
        "KMS_violation_H1": 1.1102230246251565e-16,
        "KMS_violation_H2": 0.25568187927903097
      }
    },
    {
      "causal_structure": {
        "note": "Thermality depends on choice of time generator"
      },
      "coordinates": {
        "t": 3.0500000000000003
      },
      "curvature_invariants": {
        "analogy": null
      },
      "local_observables": {
        "KMS_violation_H1": 0.0,
        "KMS_violation_H2": 0.25568187927903063
      }
    },
    {
      "causal_structure": {
        "note": "Thermality depends on choice of time generator"
      },
      "coordinates": {
        "t": 3.1
      },
      "curvature_invariants": {
        "analogy": null
      },
      "local_observables": {
        "KMS_violation_H1": 0.0,
        "KMS_violation_H2": 0.25568187927903074
      }
    },
    {
      "causal_structure": {
        "note": "Thermality depends on choice of time generator"
      },
      "coordinates": {
        "t": 3.1500000000000004
      },
      "curvature_invariants": {
        "analogy": null
      },
      "local_observables": {
        "KMS_violation_H1": 1.1102230246251565e-16,
        "KMS_violation_H2": 0.25568187927903097
      }
    },
    {
      "causal_structure": {
        "note": "Thermality depends on choice of time generator"
      },
      "coordinates": {
        "t": 3.2
      },
      "curvature_invariants": {
        "analogy": null
      },
      "local_observables": {
        "KMS_violation_H1": 1.3877787807814457e-17,
        "KMS_violation_H2": 0.25568187927903074
      }
    },
    {
      "causal_structure": {
        "note": "Thermality depends on choice of time generator"
      },
      "coordinates": {
        "t": 3.25
      },
      "curvature_invariants": {
        "analogy": null
      },
      "local_observables": {
        "KMS_violation_H1": 1.1443916996305594e-16,
        "KMS_violation_H2": 0.2556818792790313
      }
    },
    {
      "causal_structure": {
        "note": "Thermality depends on choice of time generator"
      },
      "coordinates": {
        "t": 3.3000000000000003
      },
      "curvature_invariants": {
        "analogy": null
      },
      "local_observables": {
        "KMS_violation_H1": 0.0,
        "KMS_violation_H2": 0.25568187927903085
      }
    },
    {
      "causal_structure": {
        "note": "Thermality depends on choice of time generator"
      },
      "coordinates": {
        "t": 3.35
      },
      "curvature_invariants": {
        "analogy": null
      },
      "local_observables": {
        "KMS_violation_H1": 0.0,
        "KMS_violation_H2": 0.2556818792790312
      }
    },
    {
      "causal_structure": {
        "note": "Thermality depends on choice of time generator"
      },
      "coordinates": {
        "t": 3.4000000000000004
      },
      "curvature_invariants": {
        "analogy": null
      },
      "local_observables": {
        "KMS_violation_H1": 5.551115123125783e-17,
        "KMS_violation_H2": 0.2556818792790312
      }
    },
    {
      "causal_structure": {
        "note": "Thermality depends on choice of time generator"
      },
      "coordinates": {
        "t": 3.45
      },
      "curvature_invariants": {
        "analogy": null
      },
      "local_observables": {
        "KMS_violation_H1": 1.5700924586837752e-16,
        "KMS_violation_H2": 0.2556818792790312
      }
    },
    {
      "causal_structure": {
        "note": "Thermality depends on choice of time generator"
      },
      "coordinates": {
        "t": 3.5
      },
      "curvature_invariants": {
        "analogy": null
      },
      "local_observables": {
        "KMS_violation_H1": 1.1102230246251565e-16,
        "KMS_violation_H2": 0.25568187927903085
      }
    },
    {
      "causal_structure": {
        "note": "Thermality depends on choice of time generator"
      },
      "coordinates": {
        "t": 3.5500000000000003
      },
      "curvature_invariants": {
        "analogy": null
      },
      "local_observables": {
        "KMS_violation_H1": 1.1102230246251565e-16,
        "KMS_violation_H2": 0.25568187927903074
      }
    },
    {
      "causal_structure": {
        "note": "Thermality depends on choice of time generator"
      },
      "coordinates": {
        "t": 3.6
      },
      "curvature_invariants": {
        "analogy": null
      },
      "local_observables": {
        "KMS_violation_H1": 0.0,
        "KMS_violation_H2": 0.255681879279031
      }
    },
    {
      "causal_structure": {
        "note": "Thermality depends on choice of time generator"
      },
      "coordinates": {
        "t": 3.6500000000000004
      },
      "curvature_invariants": {
        "analogy": null
      },
      "local_observables": {
        "KMS_violation_H1": 1.1102230246251565e-16,
        "KMS_violation_H2": 0.25568187927903074
      }
    },
    {
      "causal_structure": {
        "note": "Thermality depends on choice of time generator"
      },
      "coordinates": {
        "t": 3.7
      },
      "curvature_invariants": {
        "analogy": null
      },
      "local_observables": {
        "KMS_violation_H1": 1.6653345369377348e-16,
        "KMS_violation_H2": 0.255681879279031
      }
    },
    {
      "causal_structure": {
        "note": "Thermality depends on choice of time generator"
      },
      "coordinates": {
        "t": 3.75
      },
      "curvature_invariants": {
        "analogy": null
      },
      "local_observables": {
        "KMS_violation_H1": 1.2412670766236366e-16,
        "KMS_violation_H2": 0.2556818792790309
      }
    },
    {
      "causal_structure": {
        "note": "Thermality depends on choice of time generator"
      },
      "coordinates": {
        "t": 3.8000000000000003
      },
      "curvature_invariants": {
        "analogy": null
      },
      "local_observables": {
        "KMS_violation_H1": 0.0,
        "KMS_violation_H2": 0.2556818792790311
      }
    },
    {
      "causal_structure": {
        "note": "Thermality depends on choice of time generator"
      },
      "coordinates": {
        "t": 3.85
      },
      "curvature_invariants": {
        "analogy": null
      },
      "local_observables": {
        "KMS_violation_H1": 0.0,
        "KMS_violation_H2": 0.2556818792790311
      }
    },
    {
      "causal_structure": {
        "note": "Thermality depends on choice of time generator"
      },
      "coordinates": {
        "t": 3.9000000000000004
      },
      "curvature_invariants": {
        "analogy": null
      },
      "local_observables": {
        "KMS_violation_H1": 2.0014830212433605e-16,
        "KMS_violation_H2": 0.25568187927903097
      }
    },
    {
      "causal_structure": {
        "note": "Thermality depends on choice of time generator"
      },
      "coordinates": {
        "t": 3.95
      },
      "curvature_invariants": {
        "analogy": null
      },
      "local_observables": {
        "KMS_violation_H1": 0.0,
        "KMS_violation_H2": 0.2556818792790308
      }
    },
    {
      "causal_structure": {
        "note": "Thermality depends on choice of time generator"
      },
      "coordinates": {
        "t": 4.0
      },
      "curvature_invariants": {
        "analogy": null
      },
      "local_observables": {
        "KMS_violation_H1": 1.5700924586837752e-16,
        "KMS_violation_H2": 0.25568187927903085
      }
    },
    {
      "causal_structure": {
        "note": "Thermality depends on choice of time generator"
      },
      "coordinates": {
        "t": 4.05
      },
      "curvature_invariants": {
        "analogy": null
      },
      "local_observables": {
        "KMS_violation_H1": 5.551115123125783e-17,
        "KMS_violation_H2": 0.25568187927903085
      }
    },
    {
      "causal_structure": {
        "note": "Thermality depends on choice of time generator"
      },
      "coordinates": {
        "t": 4.1000000000000005
      },
      "curvature_invariants": {
        "analogy": null
      },
      "local_observables": {
        "KMS_violation_H1": 1.6653345369377348e-16,
        "KMS_violation_H2": 0.2556818792790311
      }
    },
    {
      "causal_structure": {
        "note": "Thermality depends on choice of time generator"
      },
      "coordinates": {
        "t": 4.15
      },
      "curvature_invariants": {
        "analogy": null
      },
      "local_observables": {
        "KMS_violation_H1": 0.0,
        "KMS_violation_H2": 0.25568187927903124
      }
    },
    {
      "causal_structure": {
        "note": "Thermality depends on choice of time generator"
      },
      "coordinates": {
        "t": 4.2
      },
      "curvature_invariants": {
        "analogy": null
      },
      "local_observables": {
        "KMS_violation_H1": 2.220446049250313e-16,
        "KMS_violation_H2": 0.2556818792790309
      }
    },
    {
      "causal_structure": {
        "note": "Thermality depends on choice of time generator"
      },
      "coordinates": {
        "t": 4.25
      },
      "curvature_invariants": {
        "analogy": null
      },
      "local_observables": {
        "KMS_violation_H1": 0.0,
        "KMS_violation_H2": 0.2556818792790311
      }
    },
    {
      "causal_structure": {
        "note": "Thermality depends on choice of time generator"
      },
      "coordinates": {
        "t": 4.3
      },
      "curvature_invariants": {
        "analogy": null
      },
      "local_observables": {
        "KMS_violation_H1": 1.1102230246251565e-16,
        "KMS_violation_H2": 0.2556818792790309
      }
    },
    {
      "causal_structure": {
        "note": "Thermality depends on choice of time generator"
      },
      "coordinates": {
        "t": 4.3500000000000005
      },
      "curvature_invariants": {
        "analogy": null
      },
      "local_observables": {
        "KMS_violation_H1": 0.0,
        "KMS_violation_H2": 0.2556818792790311
      }
    },
    {
      "causal_structure": {
        "note": "Thermality depends on choice of time generator"
      },
      "coordinates": {
        "t": 4.4
      },
      "curvature_invariants": {
        "analogy": null
      },
      "local_observables": {
        "KMS_violation_H1": 0.0,
        "KMS_violation_H2": 0.25568187927903074
      }
    },
    {
      "causal_structure": {
        "note": "Thermality depends on choice of time generator"
      },
      "coordinates": {
        "t": 4.45
      },
      "curvature_invariants": {
        "analogy": null
      },
      "local_observables": {
        "KMS_violation_H1": 1.1102230246251565e-16,
        "KMS_violation_H2": 0.25568187927903097
      }
    },
    {
      "causal_structure": {
        "note": "Thermality depends on choice of time generator"
      },
      "coordinates": {
        "t": 4.5
      },
      "curvature_invariants": {
        "analogy": null
      },
      "local_observables": {
        "KMS_violation_H1": 0.0,
        "KMS_violation_H2": 0.25568187927903085
      }
    },
    {
      "causal_structure": {
        "note": "Thermality depends on choice of time generator"
      },
      "coordinates": {
        "t": 4.55
      },
      "curvature_invariants": {
        "analogy": null
      },
      "local_observables": {
        "KMS_violation_H1": 1.2412670766236366e-16,
        "KMS_violation_H2": 0.2556818792790312
      }
    },
    {
      "causal_structure": {
        "note": "Thermality depends on choice of time generator"
      },
      "coordinates": {
        "t": 4.6000000000000005
      },
      "curvature_invariants": {
        "analogy": null
      },
      "local_observables": {
        "KMS_violation_H1": 2.237726045655905e-16,
        "KMS_violation_H2": 0.25568187927903085
      }
    },
    {
      "causal_structure": {
        "note": "Thermality depends on choice of time generator"
      },
      "coordinates": {
        "t": 4.65
      },
      "curvature_invariants": {
        "analogy": null
      },
      "local_observables": {
        "KMS_violation_H1": 1.1102230246251565e-16,
        "KMS_violation_H2": 0.25568187927903074
      }
    },
    {
      "causal_structure": {
        "note": "Thermality depends on choice of time generator"
      },
      "coordinates": {
        "t": 4.7
      },
      "curvature_invariants": {
        "analogy": null
      },
      "local_observables": {
        "KMS_violation_H1": 1.1102230246251565e-16,
        "KMS_violation_H2": 0.25568187927903085
      }
    },
    {
      "causal_structure": {
        "note": "Thermality depends on choice of time generator"
      },
      "coordinates": {
        "t": 4.75
      },
      "curvature_invariants": {
        "analogy": null
      },
      "local_observables": {
        "KMS_violation_H1": 1.1188630228279524e-16,
        "KMS_violation_H2": 0.25568187927903074
      }
    },
    {
      "causal_structure": {
        "note": "Thermality depends on choice of time generator"
      },
      "coordinates": {
        "t": 4.800000000000001
      },
      "curvature_invariants": {
        "analogy": null
      },
      "local_observables": {
        "KMS_violation_H1": 1.1102230246251565e-16,
        "KMS_violation_H2": 0.25568187927903097
      }
    },
    {
      "causal_structure": {
        "note": "Thermality depends on choice of time generator"
      },
      "coordinates": {
        "t": 4.8500000000000005
      },
      "curvature_invariants": {
        "analogy": null
      },
      "local_observables": {
        "KMS_violation_H1": 1.1102230246251565e-16,
        "KMS_violation_H2": 0.25568187927903085
      }
    },
    {
      "causal_structure": {
        "note": "Thermality depends on choice of time generator"
      },
      "coordinates": {
        "t": 4.9
      },
      "curvature_invariants": {
        "analogy": null
      },
      "local_observables": {
        "KMS_violation_H1": 1.2412670766236366e-16,
        "KMS_violation_H2": 0.25568187927903097
      }
    },
    {
      "causal_structure": {
        "note": "Thermality depends on choice of time generator"
      },
      "coordinates": {
        "t": 4.95
      },
      "curvature_invariants": {
        "analogy": null
      },
      "local_observables": {
        "KMS_violation_H1": 0.0,
        "KMS_violation_H2": 0.25568187927903124
      }
    },
    {
      "causal_structure": {
        "note": "Thermality depends on choice of time generator"
      },
      "coordinates": {
        "t": 5.0
      },
      "curvature_invariants": {
        "analogy": null
      },
      "local_observables": {
        "KMS_violation_H1": 0.0,
        "KMS_violation_H2": 0.2556818792790309
      }
    },
    {
      "causal_structure": {
        "note": "Thermality depends on choice of time generator"
      },
      "coordinates": {
        "t": 5.050000000000001
      },
      "curvature_invariants": {
        "analogy": null
      },
      "local_observables": {
        "KMS_violation_H1": 0.0,
        "KMS_violation_H2": 0.2556818792790309
      }
    },
    {
      "causal_structure": {
        "note": "Thermality depends on choice of time generator"
      },
      "coordinates": {
        "t": 5.1000000000000005
      },
      "curvature_invariants": {
        "analogy": null
      },
      "local_observables": {
        "KMS_violation_H1": 1.1102230246251565e-16,
        "KMS_violation_H2": 0.2556818792790309
      }
    },
    {
      "causal_structure": {
        "note": "Thermality depends on choice of time generator"
      },
      "coordinates": {
        "t": 5.15
      },
      "curvature_invariants": {
        "analogy": null
      },
      "local_observables": {
        "KMS_violation_H1": 1.5700924586837752e-16,
        "KMS_violation_H2": 0.25568187927903097
      }
    },
    {
      "causal_structure": {
        "note": "Thermality depends on choice of time generator"
      },
      "coordinates": {
        "t": 5.2
      },
      "curvature_invariants": {
        "analogy": null
      },
      "local_observables": {
        "KMS_violation_H1": 0.0,
        "KMS_violation_H2": 0.2556818792790309
      }
    },
    {
      "causal_structure": {
        "note": "Thermality depends on choice of time generator"
      },
      "coordinates": {
        "t": 5.25
      },
      "curvature_invariants": {
        "analogy": null
      },
      "local_observables": {
        "KMS_violation_H1": 0.0,
        "KMS_violation_H2": 0.25568187927903085
      }
    },
    {
      "causal_structure": {
        "note": "Thermality depends on choice of time generator"
      },
      "coordinates": {
        "t": 5.300000000000001
      },
      "curvature_invariants": {
        "analogy": null
      },
      "local_observables": {
        "KMS_violation_H1": 1.1102230246251565e-16,
        "KMS_violation_H2": 0.25568187927903097
      }
    },
    {
      "causal_structure": {
        "note": "Thermality depends on choice of time generator"
      },
      "coordinates": {
        "t": 5.3500000000000005
      },
      "curvature_invariants": {
        "analogy": null
      },
      "local_observables": {
        "KMS_violation_H1": 1.2412670766236366e-16,
        "KMS_violation_H2": 0.25568187927903085
      }
    },
    {
      "causal_structure": {
        "note": "Thermality depends on choice of time generator"
      },
      "coordinates": {
        "t": 5.4
      },
      "curvature_invariants": {
        "analogy": null
      },
      "local_observables": {
        "KMS_violation_H1": 1.1102230246251565e-16,
        "KMS_violation_H2": 0.25568187927903085
      }
    },
    {
      "causal_structure": {
        "note": "Thermality depends on choice of time generator"
      },
      "coordinates": {
        "t": 5.45
      },
      "curvature_invariants": {
        "analogy": null
      },
      "local_observables": {
        "KMS_violation_H1": 5.551115123125783e-17,
        "KMS_violation_H2": 0.255681879279031
      }
    },
    {
      "causal_structure": {
        "note": "Thermality depends on choice of time generator"
      },
      "coordinates": {
        "t": 5.5
      },
      "curvature_invariants": {
        "analogy": null
      },
      "local_observables": {
        "KMS_violation_H1": 5.551115123125783e-17,
        "KMS_violation_H2": 0.25568187927903097
      }
    },
    {
      "causal_structure": {
        "note": "Thermality depends on choice of time generator"
      },
      "coordinates": {
        "t": 5.550000000000001
      },
      "curvature_invariants": {
        "analogy": null
      },
      "local_observables": {
        "KMS_violation_H1": 1.1102230246251565e-16,
        "KMS_violation_H2": 0.25568187927903074
      }
    },
    {
      "causal_structure": {
        "note": "Thermality depends on choice of time generator"
      },
      "coordinates": {
        "t": 5.6000000000000005
      },
      "curvature_invariants": {
        "analogy": null
      },
      "local_observables": {
        "KMS_violation_H1": 0.0,
        "KMS_violation_H2": 0.2556818792790312
      }
    },
    {
      "causal_structure": {
        "note": "Thermality depends on choice of time generator"
      },
      "coordinates": {
        "t": 5.65
      },
      "curvature_invariants": {
        "analogy": null
      },
      "local_observables": {
        "KMS_violation_H1": 5.551115123125783e-17,
        "KMS_violation_H2": 0.2556818792790312
      }
    },
    {
      "causal_structure": {
        "note": "Thermality depends on choice of time generator"
      },
      "coordinates": {
        "t": 5.7
      },
      "curvature_invariants": {
        "analogy": null
      },
      "local_observables": {
        "KMS_violation_H1": 0.0,
        "KMS_violation_H2": 0.25568187927903097
      }
    },
    {
      "causal_structure": {
        "note": "Thermality depends on choice of time generator"
      },
      "coordinates": {
        "t": 5.75
      },
      "curvature_invariants": {
        "analogy": null
      },
      "local_observables": {
        "KMS_violation_H1": 1.1102230246251565e-16,
        "KMS_violation_H2": 0.25568187927903074
      }
    },
    {
      "causal_structure": {
        "note": "Thermality depends on choice of time generator"
      },
      "coordinates": {
        "t": 5.800000000000001
      },
      "curvature_invariants": {
        "analogy": null
      },
      "local_observables": {
        "KMS_violation_H1": 1.1102230246251565e-16,
        "KMS_violation_H2": 0.25568187927903063
      }
    },
    {
      "causal_structure": {
        "note": "Thermality depends on choice of time generator"
      },
      "coordinates": {
        "t": 5.8500000000000005
      },
      "curvature_invariants": {
        "analogy": null
      },
      "local_observables": {
        "KMS_violation_H1": 0.0,
        "KMS_violation_H2": 0.25568187927903074
      }
    },
    {
      "causal_structure": {
        "note": "Thermality depends on choice of time generator"
      },
      "coordinates": {
        "t": 5.9
      },
      "curvature_invariants": {
        "analogy": null
      },
      "local_observables": {
        "KMS_violation_H1": 1.1102230246251565e-16,
        "KMS_violation_H2": 0.25568187927903074
      }
    },
    {
      "causal_structure": {
        "note": "Thermality depends on choice of time generator"
      },
      "coordinates": {
        "t": 5.95
      },
      "curvature_invariants": {
        "analogy": null
      },
      "local_observables": {
        "KMS_violation_H1": 1.2412670766236366e-16,
        "KMS_violation_H2": 0.2556818792790311
      }
    },
    {
      "causal_structure": {
        "note": "Thermality depends on choice of time generator"
      },
      "coordinates": {
        "t": 6.0
      },
      "curvature_invariants": {
        "analogy": null
      },
      "local_observables": {
        "KMS_violation_H1": 2.220446049250313e-16,
        "KMS_violation_H2": 0.25568187927903085
      }
    },
    {
      "causal_structure": {
        "note": "Thermality depends on choice of time generator"
      },
      "coordinates": {
        "t": 6.050000000000001
      },
      "curvature_invariants": {
        "analogy": null
      },
      "local_observables": {
        "KMS_violation_H1": 0.0,
        "KMS_violation_H2": 0.25568187927903097
      }
    },
    {
      "causal_structure": {
        "note": "Thermality depends on choice of time generator"
      },
      "coordinates": {
        "t": 6.1000000000000005
      },
      "curvature_invariants": {
        "analogy": null
      },
      "local_observables": {
        "KMS_violation_H1": 1.2412670766236366e-16,
        "KMS_violation_H2": 0.25568187927903085
      }
    },
    {
      "causal_structure": {
        "note": "Thermality depends on choice of time generator"
      },
      "coordinates": {
        "t": 6.15
      },
      "curvature_invariants": {
        "analogy": null
      },
      "local_observables": {
        "KMS_violation_H1": 0.0,
        "KMS_violation_H2": 0.25568187927903097
      }
    },
    {
      "causal_structure": {
        "note": "Thermality depends on choice of time generator"
      },
      "coordinates": {
        "t": 6.2
      },
      "curvature_invariants": {
        "analogy": null
      },
      "local_observables": {
        "KMS_violation_H1": 2.7755575615628914e-17,
        "KMS_violation_H2": 0.2556818792790311
      }
    },
    {
      "causal_structure": {
        "note": "Thermality depends on choice of time generator"
      },
      "coordinates": {
        "t": 6.25
      },
      "curvature_invariants": {
        "analogy": null
      },
      "local_observables": {
        "KMS_violation_H1": 0.0,
        "KMS_violation_H2": 0.2556818792790305
      }
    },
    {
      "causal_structure": {
        "note": "Thermality depends on choice of time generator"
      },
      "coordinates": {
        "t": 6.300000000000001
      },
      "curvature_invariants": {
        "analogy": null
      },
      "local_observables": {
        "KMS_violation_H1": 6.938893903907228e-18,
        "KMS_violation_H2": 0.2556818792790305
      }
    },
    {
      "causal_structure": {
        "note": "Thermality depends on choice of time generator"
      },
      "coordinates": {
        "t": 6.3500000000000005
      },
      "curvature_invariants": {
        "analogy": null
      },
      "local_observables": {
        "KMS_violation_H1": 0.0,
        "KMS_violation_H2": 0.25568187927903097
      }
    },
    {
      "causal_structure": {
        "note": "Thermality depends on choice of time generator"
      },
      "coordinates": {
        "t": 6.4
      },
      "curvature_invariants": {
        "analogy": null
      },
      "local_observables": {
        "KMS_violation_H1": 0.0,
        "KMS_violation_H2": 0.25568187927903085
      }
    },
    {
      "causal_structure": {
        "note": "Thermality depends on choice of time generator"
      },
      "coordinates": {
        "t": 6.45
      },
      "curvature_invariants": {
        "analogy": null
      },
      "local_observables": {
        "KMS_violation_H1": 1.1102230246251565e-16,
        "KMS_violation_H2": 0.25568187927903097
      }
    },
    {
      "causal_structure": {
        "note": "Thermality depends on choice of time generator"
      },
      "coordinates": {
        "t": 6.5
      },
      "curvature_invariants": {
        "analogy": null
      },
      "local_observables": {
        "KMS_violation_H1": 0.0,
        "KMS_violation_H2": 0.2556818792790311
      }
    },
    {
      "causal_structure": {
        "note": "Thermality depends on choice of time generator"
      },
      "coordinates": {
        "t": 6.550000000000001
      },
      "curvature_invariants": {
        "analogy": null
      },
      "local_observables": {
        "KMS_violation_H1": 0.0,
        "KMS_violation_H2": 0.25568187927903074
      }
    },
    {
      "causal_structure": {
        "note": "Thermality depends on choice of time generator"
      },
      "coordinates": {
        "t": 6.6000000000000005
      },
      "curvature_invariants": {
        "analogy": null
      },
      "local_observables": {
        "KMS_violation_H1": 1.1102230246251565e-16,
        "KMS_violation_H2": 0.2556818792790307
      }
    },
    {
      "causal_structure": {
        "note": "Thermality depends on choice of time generator"
      },
      "coordinates": {
        "t": 6.65
      },
      "curvature_invariants": {
        "analogy": null
      },
      "local_observables": {
        "KMS_violation_H1": 1.1102230246251565e-16,
        "KMS_violation_H2": 0.25568187927903085
      }
    },
    {
      "causal_structure": {
        "note": "Thermality depends on choice of time generator"
      },
      "coordinates": {
        "t": 6.7
      },
      "curvature_invariants": {
        "analogy": null
      },
      "local_observables": {
        "KMS_violation_H1": 0.0,
        "KMS_violation_H2": 0.2556818792790309
      }
    },
    {
      "causal_structure": {
        "note": "Thermality depends on choice of time generator"
      },
      "coordinates": {
        "t": 6.75
      },
      "curvature_invariants": {
        "analogy": null
      },
      "local_observables": {
        "KMS_violation_H1": 0.0,
        "KMS_violation_H2": 0.2556818792790311
      }
    },
    {
      "causal_structure": {
        "note": "Thermality depends on choice of time generator"
      },
      "coordinates": {
        "t": 6.800000000000001
      },
      "curvature_invariants": {
        "analogy": null
      },
      "local_observables": {
        "KMS_violation_H1": 0.0,
        "KMS_violation_H2": 0.2556818792790309
      }
    },
    {
      "causal_structure": {
        "note": "Thermality depends on choice of time generator"
      },
      "coordinates": {
        "t": 6.8500000000000005
      },
      "curvature_invariants": {
        "analogy": null
      },
      "local_observables": {
        "KMS_violation_H1": 2.0014830212433605e-16,
        "KMS_violation_H2": 0.2556818792790312
      }
    },
    {
      "causal_structure": {
        "note": "Thermality depends on choice of time generator"
      },
      "coordinates": {
        "t": 6.9
      },
      "curvature_invariants": {
        "analogy": null
      },
      "local_observables": {
        "KMS_violation_H1": 2.0014830212433605e-16,
        "KMS_violation_H2": 0.2556818792790308
      }
    },
    {
      "causal_structure": {
        "note": "Thermality depends on choice of time generator"
      },
      "coordinates": {
        "t": 6.95
      },
      "curvature_invariants": {
        "analogy": null
      },
      "local_observables": {
        "KMS_violation_H1": 1.1102230246251565e-16,
        "KMS_violation_H2": 0.25568187927903085
      }
    },
    {
      "causal_structure": {
        "note": "Thermality depends on choice of time generator"
      },
      "coordinates": {
        "t": 7.0
      },
      "curvature_invariants": {
        "analogy": null
      },
      "local_observables": {
        "KMS_violation_H1": 1.1102230246251565e-16,
        "KMS_violation_H2": 0.2556818792790311
      }
    },
    {
      "causal_structure": {
        "note": "Thermality depends on choice of time generator"
      },
      "coordinates": {
        "t": 7.050000000000001
      },
      "curvature_invariants": {
        "analogy": null
      },
      "local_observables": {
        "KMS_violation_H1": 4.85722573273506e-17,
        "KMS_violation_H2": 0.2556818792790308
      }
    },
    {
      "causal_structure": {
        "note": "Thermality depends on choice of time generator"
      },
      "coordinates": {
        "t": 7.1000000000000005
      },
      "curvature_invariants": {
        "analogy": null
      },
      "local_observables": {
        "KMS_violation_H1": 1.5700924586837752e-16,
        "KMS_violation_H2": 0.25568187927903097
      }
    },
    {
      "causal_structure": {
        "note": "Thermality depends on choice of time generator"
      },
      "coordinates": {
        "t": 7.15
      },
      "curvature_invariants": {
        "analogy": null
      },
      "local_observables": {
        "KMS_violation_H1": 0.0,
        "KMS_violation_H2": 0.2556818792790311
      }
    },
    {
      "causal_structure": {
        "note": "Thermality depends on choice of time generator"
      },
      "coordinates": {
        "t": 7.2
      },
      "curvature_invariants": {
        "analogy": null
      },
      "local_observables": {
        "KMS_violation_H1": 1.1102230246251565e-16,
        "KMS_violation_H2": 0.25568187927903063
      }
    },
    {
      "causal_structure": {
        "note": "Thermality depends on choice of time generator"
      },
      "coordinates": {
        "t": 7.25
      },
      "curvature_invariants": {
        "analogy": null
      },
      "local_observables": {
        "KMS_violation_H1": 2.0014830212433605e-16,
        "KMS_violation_H2": 0.2556818792790311
      }
    },
    {
      "causal_structure": {
        "note": "Thermality depends on choice of time generator"
      },
      "coordinates": {
        "t": 7.300000000000001
      },
      "curvature_invariants": {
        "analogy": null
      },
      "local_observables": {
        "KMS_violation_H1": 1.1102230246251565e-16,
        "KMS_violation_H2": 0.2556818792790309
      }
    },
    {
      "causal_structure": {
        "note": "Thermality depends on choice of time generator"
      },
      "coordinates": {
        "t": 7.3500000000000005
      },
      "curvature_invariants": {
        "analogy": null
      },
      "local_observables": {
        "KMS_violation_H1": 0.0,
        "KMS_violation_H2": 0.25568187927903074
      }
    },
    {
      "causal_structure": {
        "note": "Thermality depends on choice of time generator"
      },
      "coordinates": {
        "t": 7.4
      },
      "curvature_invariants": {
        "analogy": null
      },
      "local_observables": {
        "KMS_violation_H1": 1.1102230246251565e-16,
        "KMS_violation_H2": 0.2556818792790313
      }
    },
    {
      "causal_structure": {
        "note": "Thermality depends on choice of time generator"
      },
      "coordinates": {
        "t": 7.45
      },
      "curvature_invariants": {
        "analogy": null
      },
      "local_observables": {
        "KMS_violation_H1": 1.5700924586837752e-16,
        "KMS_violation_H2": 0.2556818792790312
      }
    },
    {
      "causal_structure": {
        "note": "Thermality depends on choice of time generator"
      },
      "coordinates": {
        "t": 7.5
      },
      "curvature_invariants": {
        "analogy": null
      },
      "local_observables": {
        "KMS_violation_H1": 1.5700924586837752e-16,
        "KMS_violation_H2": 0.2556818792790311
      }
    },
    {
      "causal_structure": {
        "note": "Thermality depends on choice of time generator"
      },
      "coordinates": {
        "t": 7.550000000000001
      },
      "curvature_invariants": {
        "analogy": null
      },
      "local_observables": {
        "KMS_violation_H1": 1.2412670766236366e-16,
        "KMS_violation_H2": 0.25568187927903085
      }
    },
    {
      "causal_structure": {
        "note": "Thermality depends on choice of time generator"
      },
      "coordinates": {
        "t": 7.6000000000000005
      },
      "curvature_invariants": {
        "analogy": null
      },
      "local_observables": {
        "KMS_violation_H1": 1.1102230246251565e-16,
        "KMS_violation_H2": 0.25568187927903085
      }
    },
    {
      "causal_structure": {
        "note": "Thermality depends on choice of time generator"
      },
      "coordinates": {
        "t": 7.65
      },
      "curvature_invariants": {
        "analogy": null
      },
      "local_observables": {
        "KMS_violation_H1": 1.1102230246251565e-16,
        "KMS_violation_H2": 0.25568187927903085
      }
    },
    {
      "causal_structure": {
        "note": "Thermality depends on choice of time generator"
      },
      "coordinates": {
        "t": 7.7
      },
      "curvature_invariants": {
        "analogy": null
      },
      "local_observables": {
        "KMS_violation_H1": 2.220446049250313e-16,
        "KMS_violation_H2": 0.25568187927903097
      }
    },
    {
      "causal_structure": {
        "note": "Thermality depends on choice of time generator"
      },
      "coordinates": {
        "t": 7.75
      },
      "curvature_invariants": {
        "analogy": null
      },
      "local_observables": {
        "KMS_violation_H1": 0.0,
        "KMS_violation_H2": 0.2556818792790308
      }
    },
    {
      "causal_structure": {
        "note": "Thermality depends on choice of time generator"
      },
      "coordinates": {
        "t": 7.800000000000001
      },
      "curvature_invariants": {
        "analogy": null
      },
      "local_observables": {
        "KMS_violation_H1": 0.0,
        "KMS_violation_H2": 0.2556818792790311
      }
    },
    {
      "causal_structure": {
        "note": "Thermality depends on choice of time generator"
      },
      "coordinates": {
        "t": 7.8500000000000005
      },
      "curvature_invariants": {
        "analogy": null
      },
      "local_observables": {
        "KMS_violation_H1": 1.734723475976807e-18,
        "KMS_violation_H2": 0.25568187927903097
      }
    },
    {
      "causal_structure": {
        "note": "Thermality depends on choice of time generator"
      },
      "coordinates": {
        "t": 7.9
      },
      "curvature_invariants": {
        "analogy": null
      },
      "local_observables": {
        "KMS_violation_H1": 2.220446049250313e-16,
        "KMS_violation_H2": 0.2556818792790311
      }
    },
    {
      "causal_structure": {
        "note": "Thermality depends on choice of time generator"
      },
      "coordinates": {
        "t": 7.95
      },
      "curvature_invariants": {
        "analogy": null
      },
      "local_observables": {
        "KMS_violation_H1": 1.1102230246251565e-16,
        "KMS_violation_H2": 0.255681879279031
      }
    },
    {
      "causal_structure": {
        "note": "Thermality depends on choice of time generator"
      },
      "coordinates": {
        "t": 8.0
      },
      "curvature_invariants": {
        "analogy": null
      },
      "local_observables": {
        "KMS_violation_H1": 0.0,
        "KMS_violation_H2": 0.2556818792790308
      }
    },
    {
      "causal_structure": {
        "note": "Thermality depends on choice of time generator"
      },
      "coordinates": {
        "t": 8.05
      },
      "curvature_invariants": {
        "analogy": null
      },
      "local_observables": {
        "KMS_violation_H1": 5.551115123125783e-17,
        "KMS_violation_H2": 0.25568187927903074
      }
    },
    {
      "causal_structure": {
        "note": "Thermality depends on choice of time generator"
      },
      "coordinates": {
        "t": 8.1
      },
      "curvature_invariants": {
        "analogy": null
      },
      "local_observables": {
        "KMS_violation_H1": 0.0,
        "KMS_violation_H2": 0.2556818792790312
      }
    },
    {
      "causal_structure": {
        "note": "Thermality depends on choice of time generator"
      },
      "coordinates": {
        "t": 8.15
      },
      "curvature_invariants": {
        "analogy": null
      },
      "local_observables": {
        "KMS_violation_H1": 1.5700924586837752e-16,
        "KMS_violation_H2": 0.2556818792790311
      }
    },
    {
      "causal_structure": {
        "note": "Thermality depends on choice of time generator"
      },
      "coordinates": {
        "t": 8.200000000000001
      },
      "curvature_invariants": {
        "analogy": null
      },
      "local_observables": {
        "KMS_violation_H1": 1.5700924586837752e-16,
        "KMS_violation_H2": 0.2556818792790308
      }
    },
    {
      "causal_structure": {
        "note": "Thermality depends on choice of time generator"
      },
      "coordinates": {
        "t": 8.25
      },
      "curvature_invariants": {
        "analogy": null
      },
      "local_observables": {
        "KMS_violation_H1": 2.482534153247273e-16,
        "KMS_violation_H2": 0.25568187927903085
      }
    },
    {
      "causal_structure": {
        "note": "Thermality depends on choice of time generator"
      },
      "coordinates": {
        "t": 8.3
      },
      "curvature_invariants": {
        "analogy": null
      },
      "local_observables": {
        "KMS_violation_H1": 2.220446049250313e-16,
        "KMS_violation_H2": 0.255681879279031
      }
    },
    {
      "causal_structure": {
        "note": "Thermality depends on choice of time generator"
      },
      "coordinates": {
        "t": 8.35
      },
      "curvature_invariants": {
        "analogy": null
      },
      "local_observables": {
        "KMS_violation_H1": 0.0,
        "KMS_violation_H2": 0.2556818792790308
      }
    },
    {
      "causal_structure": {
        "note": "Thermality depends on choice of time generator"
      },
      "coordinates": {
        "t": 8.4
      },
      "curvature_invariants": {
        "analogy": null
      },
      "local_observables": {
        "KMS_violation_H1": 1.2412670766236366e-16,
        "KMS_violation_H2": 0.255681879279031
      }
    },
    {
      "causal_structure": {
        "note": "Thermality depends on choice of time generator"
      },
      "coordinates": {
        "t": 8.450000000000001
      },
      "curvature_invariants": {
        "analogy": null
      },
      "local_observables": {
        "KMS_violation_H1": 1.6653345369377348e-16,
        "KMS_violation_H2": 0.2556818792790308
      }
    },
    {
      "causal_structure": {
        "note": "Thermality depends on choice of time generator"
      },
      "coordinates": {
        "t": 8.5
      },
      "curvature_invariants": {
        "analogy": null
      },
      "local_observables": {
        "KMS_violation_H1": 0.0,
        "KMS_violation_H2": 0.255681879279031
      }
    },
    {
      "causal_structure": {
        "note": "Thermality depends on choice of time generator"
      },
      "coordinates": {
        "t": 8.55
      },
      "curvature_invariants": {
        "analogy": null
      },
      "local_observables": {
        "KMS_violation_H1": 0.0,
        "KMS_violation_H2": 0.25568187927903097
      }
    },
    {
      "causal_structure": {
        "note": "Thermality depends on choice of time generator"
      },
      "coordinates": {
        "t": 8.6
      },
      "curvature_invariants": {
        "analogy": null
      },
      "local_observables": {
        "KMS_violation_H1": 0.0,
        "KMS_violation_H2": 0.25568187927903074
      }
    },
    {
      "causal_structure": {
        "note": "Thermality depends on choice of time generator"
      },
      "coordinates": {
        "t": 8.65
      },
      "curvature_invariants": {
        "analogy": null
      },
      "local_observables": {
        "KMS_violation_H1": 1.2412670766236366e-16,
        "KMS_violation_H2": 0.2556818792790313
      }
    },
    {
      "causal_structure": {
        "note": "Thermality depends on choice of time generator"
      },
      "coordinates": {
        "t": 8.700000000000001
      },
      "curvature_invariants": {
        "analogy": null
      },
      "local_observables": {
        "KMS_violation_H1": 4.163336342344337e-17,
        "KMS_violation_H2": 0.25568187927903097
      }
    },
    {
      "causal_structure": {
        "note": "Thermality depends on choice of time generator"
      },
      "coordinates": {
        "t": 8.75
      },
      "curvature_invariants": {
        "analogy": null
      },
      "local_observables": {
        "KMS_violation_H1": 1.1102230246251565e-16,
        "KMS_violation_H2": 0.25568187927903097
      }
    },
    {
      "causal_structure": {
        "note": "Thermality depends on choice of time generator"
      },
      "coordinates": {
        "t": 8.8
      },
      "curvature_invariants": {
        "analogy": null
      },
      "local_observables": {
        "KMS_violation_H1": 5.551115123125783e-17,
        "KMS_violation_H2": 0.25568187927903097
      }
    },
    {
      "causal_structure": {
        "note": "Thermality depends on choice of time generator"
      },
      "coordinates": {
        "t": 8.85
      },
      "curvature_invariants": {
        "analogy": null
      },
      "local_observables": {
        "KMS_violation_H1": 5.551115123125783e-17,
        "KMS_violation_H2": 0.2556818792790311
      }
    },
    {
      "causal_structure": {
        "note": "Thermality depends on choice of time generator"
      },
      "coordinates": {
        "t": 8.9
      },
      "curvature_invariants": {
        "analogy": null
      },
      "local_observables": {
        "KMS_violation_H1": 0.0,
        "KMS_violation_H2": 0.2556818792790305
      }
    },
    {
      "causal_structure": {
        "note": "Thermality depends on choice of time generator"
      },
      "coordinates": {
        "t": 8.950000000000001
      },
      "curvature_invariants": {
        "analogy": null
      },
      "local_observables": {
        "KMS_violation_H1": 1.1102230246251565e-16,
        "KMS_violation_H2": 0.25568187927903097
      }
    },
    {
      "causal_structure": {
        "note": "Thermality depends on choice of time generator"
      },
      "coordinates": {
        "t": 9.0
      },
      "curvature_invariants": {
        "analogy": null
      },
      "local_observables": {
        "KMS_violation_H1": 0.0,
        "KMS_violation_H2": 0.2556818792790311
      }
    },
    {
      "causal_structure": {
        "note": "Thermality depends on choice of time generator"
      },
      "coordinates": {
        "t": 9.05
      },
      "curvature_invariants": {
        "analogy": null
      },
      "local_observables": {
        "KMS_violation_H1": 0.0,
        "KMS_violation_H2": 0.2556818792790311
      }
    },
    {
      "causal_structure": {
        "note": "Thermality depends on choice of time generator"
      },
      "coordinates": {
        "t": 9.1
      },
      "curvature_invariants": {
        "analogy": null
      },
      "local_observables": {
        "KMS_violation_H1": 0.0,
        "KMS_violation_H2": 0.2556818792790311
      }
    },
    {
      "causal_structure": {
        "note": "Thermality depends on choice of time generator"
      },
      "coordinates": {
        "t": 9.15
      },
      "curvature_invariants": {
        "analogy": null
      },
      "local_observables": {
        "KMS_violation_H1": 1.1102230246251565e-16,
        "KMS_violation_H2": 0.25568187927903097
      }
    },
    {
      "causal_structure": {
        "note": "Thermality depends on choice of time generator"
      },
      "coordinates": {
        "t": 9.200000000000001
      },
      "curvature_invariants": {
        "analogy": null
      },
      "local_observables": {
        "KMS_violation_H1": 0.0,
        "KMS_violation_H2": 0.2556818792790312
      }
    },
    {
      "causal_structure": {
        "note": "Thermality depends on choice of time generator"
      },
      "coordinates": {
        "t": 9.25
      },
      "curvature_invariants": {
        "analogy": null
      },
      "local_observables": {
        "KMS_violation_H1": 1.1102230246251565e-16,
        "KMS_violation_H2": 0.25568187927903085
      }
    },
    {
      "causal_structure": {
        "note": "Thermality depends on choice of time generator"
      },
      "coordinates": {
        "t": 9.3
      },
      "curvature_invariants": {
        "analogy": null
      },
      "local_observables": {
        "KMS_violation_H1": 0.0,
        "KMS_violation_H2": 0.2556818792790312
      }
    },
    {
      "causal_structure": {
        "note": "Thermality depends on choice of time generator"
      },
      "coordinates": {
        "t": 9.35
      },
      "curvature_invariants": {
        "analogy": null
      },
      "local_observables": {
        "KMS_violation_H1": 2.237726045655905e-16,
        "KMS_violation_H2": 0.25568187927903074
      }
    },
    {
      "causal_structure": {
        "note": "Thermality depends on choice of time generator"
      },
      "coordinates": {
        "t": 9.4
      },
      "curvature_invariants": {
        "analogy": null
      },
      "local_observables": {
        "KMS_violation_H1": 1.1123893155135927e-16,
        "KMS_violation_H2": 0.25568187927903074
      }
    },
    {
      "causal_structure": {
        "note": "Thermality depends on choice of time generator"
      },
      "coordinates": {
        "t": 9.450000000000001
      },
      "curvature_invariants": {
        "analogy": null
      },
      "local_observables": {
        "KMS_violation_H1": 2.2215299868541707e-16,
        "KMS_violation_H2": 0.2556818792790311
      }
    },
    {
      "causal_structure": {
        "note": "Thermality depends on choice of time generator"
      },
      "coordinates": {
        "t": 9.5
      },
      "curvature_invariants": {
        "analogy": null
      },
      "local_observables": {
        "KMS_violation_H1": 0.0,
        "KMS_violation_H2": 0.25568187927903097
      }
    },
    {
      "causal_structure": {
        "note": "Thermality depends on choice of time generator"
      },
      "coordinates": {
        "t": 9.55
      },
      "curvature_invariants": {
        "analogy": null
      },
      "local_observables": {
        "KMS_violation_H1": 0.0,
        "KMS_violation_H2": 0.2556818792790311
      }
    },
    {
      "causal_structure": {
        "note": "Thermality depends on choice of time generator"
      },
      "coordinates": {
        "t": 9.600000000000001
      },
      "curvature_invariants": {
        "analogy": null
      },
      "local_observables": {
        "KMS_violation_H1": 5.551115123125783e-17,
        "KMS_violation_H2": 0.25568187927903085
      }
    },
    {
      "causal_structure": {
        "note": "Thermality depends on choice of time generator"
      },
      "coordinates": {
        "t": 9.65
      },
      "curvature_invariants": {
        "analogy": null
      },
      "local_observables": {
        "KMS_violation_H1": 0.0,
        "KMS_violation_H2": 0.2556818792790309
      }
    },
    {
      "causal_structure": {
        "note": "Thermality depends on choice of time generator"
      },
      "coordinates": {
        "t": 9.700000000000001
      },
      "curvature_invariants": {
        "analogy": null
      },
      "local_observables": {
        "KMS_violation_H1": 1.1102230246251565e-16,
        "KMS_violation_H2": 0.25568187927903097
      }
    },
    {
      "causal_structure": {
        "note": "Thermality depends on choice of time generator"
      },
      "coordinates": {
        "t": 9.75
      },
      "curvature_invariants": {
        "analogy": null
      },
      "local_observables": {
        "KMS_violation_H1": 0.0,
        "KMS_violation_H2": 0.2556818792790305
      }
    },
    {
      "causal_structure": {
        "note": "Thermality depends on choice of time generator"
      },
      "coordinates": {
        "t": 9.8
      },
      "curvature_invariants": {
        "analogy": null
      },
      "local_observables": {
        "KMS_violation_H1": 1.1102230246251565e-16,
        "KMS_violation_H2": 0.2556818792790309
      }
    },
    {
      "causal_structure": {
        "note": "Thermality depends on choice of time generator"
      },
      "coordinates": {
        "t": 9.850000000000001
      },
      "curvature_invariants": {
        "analogy": null
      },
      "local_observables": {
        "KMS_violation_H1": 0.0,
        "KMS_violation_H2": 0.2556818792790311
      }
    },
    {
      "causal_structure": {
        "note": "Thermality depends on choice of time generator"
      },
      "coordinates": {
        "t": 9.9
      },
      "curvature_invariants": {
        "analogy": null
      },
      "local_observables": {
        "KMS_violation_H1": 0.0,
        "KMS_violation_H2": 0.25568187927903085
      }
    },
    {
      "causal_structure": {
        "note": "Thermality depends on choice of time generator"
      },
      "coordinates": {
        "t": 9.950000000000001
      },
      "curvature_invariants": {
        "analogy": null
      },
      "local_observables": {
        "KMS_violation_H1": 5.551115123125783e-17,
        "KMS_violation_H2": 0.2556818792790308
      }
    },
    {
      "causal_structure": {
        "note": "Thermality depends on choice of time generator"
      },
      "coordinates": {
        "t": 10.0
      },
      "curvature_invariants": {
        "analogy": null
      },
      "local_observables": {
        "KMS_violation_H1": 1.1102230246251565e-16,
        "KMS_violation_H2": 0.2556818792790311
      }
    }
  ],
  "spacetime": "Two-level system",
  "theory": "Quantum Field Theory (thermal time proxy)",
  "toy_id": "044",
  "units": {
    "hbar": 1,
    "kB": 1
  }
}