{
  "notes": {},
  "observables": {
    "summary": {
      "non_additivity_gap": 0.6931471805599454
    }
  },
  "parameters": {},
  "sample_points": [
    {
      "causal_structure": {
        "note": "Entanglement not additive under naive splitting"
      },
      "coordinates": {
        "region": "AB"
      },
      "curvature_invariants": {
        "analogy": null
      },
      "local_observables": {
        "S(A)": 0.6931471805599454,
        "S(A)+S(B)-S(AB)": 0.6931471805599454,
        "S(AB)": 0.6931471805599454,
        "S(B)": 0.6931471805599454
      }
    }
  ],
  "spacetime": "Four-qubit system",
  "theory": "Quantum Field Theory (factorization failure proxy)",
  "toy_id": "052",
  "units": {
    "hbar": 1
  }
}