{
  "notes": {
    "pressure_point": "Closure tool: converts a collection of toy outputs into a shared failure-mode map. Heuristic keyword rules; intended for stable, reproducible categorization."
  },
  "observables": {
    "counts_by_tag": {
      "observer_dependence_thermality": 2,
      "other": 1,
      "vacuum_or_state_ambiguity": 2
    },
    "per_file": [
      {
        "evidence": {
          "observer_dependence_thermality": [
            "keyword: unruh/thermal/kms/observer/horizon"
          ],
          "vacuum_or_state_ambiguity": [
            "keyword: vacuum/bogoliubov/haag"
          ]
        },
        "file": "toy_002_unruh_detector.json",
        "health": {
          "issues": [],
          "n_sample_points": 1,
          "ok": true
        },
        "tags": [
          "vacuum_or_state_ambiguity",
          "observer_dependence_thermality"
        ],
        "theory": "Quantum Field Theory",
        "toy_id": "002"
      },
      {
        "evidence": {
          "observer_dependence_thermality": [
            "keyword: unruh/thermal/kms/observer/horizon"
          ],
          "vacuum_or_state_ambiguity": [
            "keyword: vacuum/bogoliubov/haag"
          ]
        },
        "file": "toy_010_bogoliubov_inequivalent_vacua.json",
        "health": {
          "issues": [],
          "n_sample_points": 5,
          "ok": true
        },
        "tags": [
          "vacuum_or_state_ambiguity",
          "observer_dependence_thermality"
        ],
        "theory": "Quantum Field Theory",
        "toy_id": "010"
      },
      {
        "evidence": {
          "other": [
            "no matching keywords"
          ]
        },
        "file": "toy_050_qft_comparator.json",
        "health": {
          "issues": [],
          "n_sample_points": 6,
          "ok": true
        },
        "tags": [
          "other"
        ],
        "theory": "QFT Lab Meta-Comparator",
        "toy_id": "050"
      }
    ]
  },
  "parameters": {
    "inputs": [
      "toy_002_unruh_detector.json",
      "toy_010_bogoliubov_inequivalent_vacua.json",
      "toy_050_qft_comparator.json"
    ],
    "n_inputs": 3,
    "taxonomy": [
      "vacuum_or_state_ambiguity",
      "time_or_foliation_ambiguity",
      "observer_dependence_thermality",
      "regulator_or_scheme_dependence",
      "locality_or_factorization_failure",
      "constraint_propagation_failure",
      "linearization_instability",
      "unitarity_or_positivity_violation",
      "analytic_continuation_ill_posed",
      "ir_asymptotic_pathology",
      "asymptotic_series_nonconvergence",
      "measurement_or_operational_limit",
      "backreaction_or_mean_field_breakdown",
      "contour_choice_stokes",
      "noncommuting_limits",
      "other"
    ]
  },
  "theory": "Meta: cross-toy failure-mode classifier",
  "toy_id": "081"
}