{
  "notes": {
    "assumptions": [
      "Perturbative RG flow",
      "Toy beta function",
      "Two renormalization schemes differing by finite terms"
    ],
    "pressure_point": "Running couplings are scheme-dependent. Only relations between observables across scales are physical."
  },
  "observables": {
    "invariant_statement": "No unique coupling value exists at a single scale."
  },
  "parameters": {
    "beta_coefficient": 0.1,
    "lambda0": 0.2,
    "mu0": 1.0,
    "mu_samples": [
      0.5,
      1.0,
      2.0,
      5.0,
      10.0
    ],
    "scheme_shift": 0.05
  },
  "sample_points": [
    {
      "causal_structure": {
        "landau_pole_encountered": false
      },
      "coordinates": {
        "renormalization_scale_mu": 0.5
      },
      "curvature_invariants": {
        "beta_coefficient_b": 0.1
      },
      "local_observables": {
        "difference": 0.0019456803625007568,
        "lambda_scheme_A": 0.1972653219651521,
        "lambda_scheme_B": 0.19921100232765285
      }
    },
    {
      "causal_structure": {
        "landau_pole_encountered": false
      },
      "coordinates": {
        "renormalization_scale_mu": 1.0
      },
      "curvature_invariants": {
        "beta_coefficient_b": 0.1
      },
      "local_observables": {
        "difference": 0.0020000000000000018,
        "lambda_scheme_A": 0.2,
        "lambda_scheme_B": 0.202
      }
    },
    {
      "causal_structure": {
        "landau_pole_encountered": false
      },
      "coordinates": {
        "renormalization_scale_mu": 2.0
      },
      "curvature_invariants": {
        "beta_coefficient_b": 0.1
      },
      "local_observables": {
        "difference": 0.0020566265508371595,
        "lambda_scheme_A": 0.20281156529336086,
        "lambda_scheme_B": 0.20486819184419802
      }
    },
    {
      "causal_structure": {
        "landau_pole_encountered": false
      },
      "coordinates": {
        "renormalization_scale_mu": 5.0
      },
      "curvature_invariants": {
        "beta_coefficient_b": 0.1
      },
      "local_observables": {
        "difference": 0.002135249706483766,
        "lambda_scheme_A": 0.20665186698811938,
        "lambda_scheme_B": 0.20878711669460315
      }
    },
    {
      "causal_structure": {
        "landau_pole_encountered": false
      },
      "coordinates": {
        "renormalization_scale_mu": 10.0
      },
      "curvature_invariants": {
        "beta_coefficient_b": 0.1
      },
      "local_observables": {
        "difference": 0.002197760282107414,
        "lambda_scheme_A": 0.2096549680836302,
        "lambda_scheme_B": 0.21185272836573762
      }
    }
  ],
  "spacetime": "Flat Minkowski (RG flow)",
  "theory": "Quantum Field Theory",
  "toy_id": "008",
  "units": {
    "c": 1,
    "hbar": 1
  }
}