{
  "notes": {
    "key_formulas": {
      "P_ij": "P_ij=(1/2N) \u03a3_k (\u03c9_k) cos(2\u03c0 k (i-j)/N)",
      "S": "S=\u03a3_k[(\u03bd_k+1/2)ln(\u03bd_k+1/2)-(\u03bd_k-1/2)ln(\u03bd_k-1/2)], \u03bd_k=spec(sqrt(X_A P_A))",
      "X_ij": "X_ij=(1/2N) \u03a3_k (1/\u03c9_k) cos(2\u03c0 k (i-j)/N)",
      "omega_k": "\u03c9_k^2 = m^2 + (2/a)^2 sin^2(\u03c0 k / N)"
    },
    "pressure_point": "Vacuum entanglement entropy is UV divergent. Changing the cutoff (lattice spacing a) changes S, typically with logarithmic scaling in 1+1D. This demonstrates regulator dependence of entanglement."
  },
  "observables": {
    "fit_S_vs_ln_L_over_a": {
      "A_intercept": -0.28908770567533343,
      "B_slope": 0.36960377500427216,
      "R2": 0.9998263505088768,
      "model": "S \u2248 A + B ln(L_phys/a)"
    }
  },
  "parameters": {
    "L_phys_interval": 10.0,
    "L_tot": 40.0,
    "a_samples": [
      1.0,
      0.8,
      0.6,
      0.5,
      0.4,
      0.3,
      0.25,
      0.2
    ],
    "mass_m": 0.2
  },
  "sample_points": [
    {
      "causal_structure": {
        "note": "UV cutoff a controls short-distance entanglement; divergence reflects nonlocal vacuum structure."
      },
      "coordinates": {
        "L_A_phys": 10.0,
        "L_tot_phys": 40.0,
        "N_sites": 40,
        "a": 1.0,
        "nA_sites": 10
      },
      "curvature_invariants": {
        "kretschmann": null,
        "note": "QFT toy; no spacetime curvature.",
        "ricci_scalar": null
      },
      "local_observables": {
        "entanglement_entropy_S": 0.5664379413397043,
        "interpretation": "As a decreases at fixed physical interval, vacuum entanglement entropy grows ~ const + B ln(L/a).",
        "ln_L_over_a": 2.302585092994046
      }
    },
    {
      "causal_structure": {
        "note": "UV cutoff a controls short-distance entanglement; divergence reflects nonlocal vacuum structure."
      },
      "coordinates": {
        "L_A_phys": 10.0,
        "L_tot_phys": 40.0,
        "N_sites": 50,
        "a": 0.8,
        "nA_sites": 12
      },
      "curvature_invariants": {
        "kretschmann": null,
        "note": "QFT toy; no spacetime curvature.",
        "ricci_scalar": null
      },
      "local_observables": {
        "entanglement_entropy_S": 0.6441775572014847,
        "interpretation": "As a decreases at fixed physical interval, vacuum entanglement entropy grows ~ const + B ln(L/a).",
        "ln_L_over_a": 2.5257286443082556
      }
    },
    {
      "causal_structure": {
        "note": "UV cutoff a controls short-distance entanglement; divergence reflects nonlocal vacuum structure."
      },
      "coordinates": {
        "L_A_phys": 10.0,
        "L_tot_phys": 40.0,
        "N_sites": 68,
        "a": 0.6,
        "nA_sites": 17
      },
      "curvature_invariants": {
        "kretschmann": null,
        "note": "QFT toy; no spacetime curvature.",
        "ricci_scalar": null
      },
      "local_observables": {
        "entanglement_entropy_S": 0.748785529356159,
        "interpretation": "As a decreases at fixed physical interval, vacuum entanglement entropy grows ~ const + B ln(L/a).",
        "ln_L_over_a": 2.8134107167600364
      }
    },
    {
      "causal_structure": {
        "note": "UV cutoff a controls short-distance entanglement; divergence reflects nonlocal vacuum structure."
      },
      "coordinates": {
        "L_A_phys": 10.0,
        "L_tot_phys": 40.0,
        "N_sites": 80,
        "a": 0.5,
        "nA_sites": 20
      },
      "curvature_invariants": {
        "kretschmann": null,
        "note": "QFT toy; no spacetime curvature.",
        "ricci_scalar": null
      },
      "local_observables": {
        "entanglement_entropy_S": 0.8152816332474666,
        "interpretation": "As a decreases at fixed physical interval, vacuum entanglement entropy grows ~ const + B ln(L/a).",
        "ln_L_over_a": 2.995732273553991
      }
    },
    {
      "causal_structure": {
        "note": "UV cutoff a controls short-distance entanglement; divergence reflects nonlocal vacuum structure."
      },
      "coordinates": {
        "L_A_phys": 10.0,
        "L_tot_phys": 40.0,
        "N_sites": 100,
        "a": 0.4,
        "nA_sites": 25
      },
      "curvature_invariants": {
        "kretschmann": null,
        "note": "QFT toy; no spacetime curvature.",
        "ricci_scalar": null
      },
      "local_observables": {
        "entanglement_entropy_S": 0.8980288395269365,
        "interpretation": "As a decreases at fixed physical interval, vacuum entanglement entropy grows ~ const + B ln(L/a).",
        "ln_L_over_a": 3.2188758248682006
      }
    },
    {
      "causal_structure": {
        "note": "UV cutoff a controls short-distance entanglement; divergence reflects nonlocal vacuum structure."
      },
      "coordinates": {
        "L_A_phys": 10.0,
        "L_tot_phys": 40.0,
        "N_sites": 134,
        "a": 0.3,
        "nA_sites": 33
      },
      "curvature_invariants": {
        "kretschmann": null,
        "note": "QFT toy; no spacetime curvature.",
        "ricci_scalar": null
      },
      "local_observables": {
        "entanglement_entropy_S": 1.0058378459861268,
        "interpretation": "As a decreases at fixed physical interval, vacuum entanglement entropy grows ~ const + B ln(L/a).",
        "ln_L_over_a": 3.506557897319982
      }
    },
    {
      "causal_structure": {
        "note": "UV cutoff a controls short-distance entanglement; divergence reflects nonlocal vacuum structure."
      },
      "coordinates": {
        "L_A_phys": 10.0,
        "L_tot_phys": 40.0,
        "N_sites": 160,
        "a": 0.25,
        "nA_sites": 40
      },
      "curvature_invariants": {
        "kretschmann": null,
        "note": "QFT toy; no spacetime curvature.",
        "ricci_scalar": null
      },
      "local_observables": {
        "entanglement_entropy_S": 1.0751413022694571,
        "interpretation": "As a decreases at fixed physical interval, vacuum entanglement entropy grows ~ const + B ln(L/a).",
        "ln_L_over_a": 3.6888794541139363
      }
    },
    {
      "causal_structure": {
        "note": "UV cutoff a controls short-distance entanglement; divergence reflects nonlocal vacuum structure."
      },
      "coordinates": {
        "L_A_phys": 10.0,
        "L_tot_phys": 40.0,
        "N_sites": 200,
        "a": 0.2,
        "nA_sites": 50
      },
      "curvature_invariants": {
        "kretschmann": null,
        "note": "QFT toy; no spacetime curvature.",
        "ricci_scalar": null
      },
      "local_observables": {
        "entanglement_entropy_S": 1.1603198033893856,
        "interpretation": "As a decreases at fixed physical interval, vacuum entanglement entropy grows ~ const + B ln(L/a).",
        "ln_L_over_a": 3.912023005428146
      }
    }
  ],
  "spacetime": "1D lattice regulator (periodic), ground-state Gaussian",
  "theory": "Quantum Field Theory (toy): vacuum entanglement entropy UV divergence (harmonic chain)",
  "toy_id": "073",
  "units": {
    "G": 1,
    "c": 1
  }
}