{
  "notes": {
    "pressure_point": "Entanglement growth alone suffices to destroy predictivity of truncated descriptions. Full-system unitarity does not rescue reduced or approximate dynamics."
  },
  "observables": {
    "summary": {
      "max_leakage_over_grid": 0.6129832714301815
    }
  },
  "parameters": {
    "Nmax_samples": [
      2,
      4,
      8,
      16,
      32
    ],
    "g": 0.4,
    "t_samples": [
      0.0,
      0.5,
      1.0,
      1.5,
      2.0,
      3.0,
      4.0
    ]
  },
  "sample_points": [
    {
      "causal_structure": {
        "note": "Failure is informational/predictive, not causal."
      },
      "coordinates": {
        "Nmax_local_truncation": 2,
        "r_entanglement": 0.0,
        "t": 0.0
      },
      "curvature_invariants": {
        "kretschmann": null,
        "note": "QFT toy; no spacetime curvature.",
        "ricci_scalar": null
      },
      "local_observables": {
        "model": {
          "g": 0.4,
          "r_of_t": "r(t)=g*t",
          "type": "two_mode_squeezing"
        },
        "truncation_effects": {
          "entropy_exact": 0.0,
          "entropy_truncated_raw": 0.0,
          "interpretation": "Entanglement growth drives probability outside any finite local truncation. Predictivity fails as observables become cutoff-dependent.",
          "leakage_1_minus_Z": 0.0,
          "mean_occupation_exact": 0.0,
          "mean_occupation_truncated_conditioned": 0.0,
          "relative_error_entropy": null,
          "relative_error_mean_n": null,
          "retained_probability_Z": 1.0
        }
      }
    },
    {
      "causal_structure": {
        "note": "Failure is informational/predictive, not causal."
      },
      "coordinates": {
        "Nmax_local_truncation": 4,
        "r_entanglement": 0.0,
        "t": 0.0
      },
      "curvature_invariants": {
        "kretschmann": null,
        "note": "QFT toy; no spacetime curvature.",
        "ricci_scalar": null
      },
      "local_observables": {
        "model": {
          "g": 0.4,
          "r_of_t": "r(t)=g*t",
          "type": "two_mode_squeezing"
        },
        "truncation_effects": {
          "entropy_exact": 0.0,
          "entropy_truncated_raw": 0.0,
          "interpretation": "Entanglement growth drives probability outside any finite local truncation. Predictivity fails as observables become cutoff-dependent.",
          "leakage_1_minus_Z": 0.0,
          "mean_occupation_exact": 0.0,
          "mean_occupation_truncated_conditioned": 0.0,
          "relative_error_entropy": null,
          "relative_error_mean_n": null,
          "retained_probability_Z": 1.0
        }
      }
    },
    {
      "causal_structure": {
        "note": "Failure is informational/predictive, not causal."
      },
      "coordinates": {
        "Nmax_local_truncation": 8,
        "r_entanglement": 0.0,
        "t": 0.0
      },
      "curvature_invariants": {
        "kretschmann": null,
        "note": "QFT toy; no spacetime curvature.",
        "ricci_scalar": null
      },
      "local_observables": {
        "model": {
          "g": 0.4,
          "r_of_t": "r(t)=g*t",
          "type": "two_mode_squeezing"
        },
        "truncation_effects": {
          "entropy_exact": 0.0,
          "entropy_truncated_raw": 0.0,
          "interpretation": "Entanglement growth drives probability outside any finite local truncation. Predictivity fails as observables become cutoff-dependent.",
          "leakage_1_minus_Z": 0.0,
          "mean_occupation_exact": 0.0,
          "mean_occupation_truncated_conditioned": 0.0,
          "relative_error_entropy": null,
          "relative_error_mean_n": null,
          "retained_probability_Z": 1.0
        }
      }
    },
    {
      "causal_structure": {
        "note": "Failure is informational/predictive, not causal."
      },
      "coordinates": {
        "Nmax_local_truncation": 16,
        "r_entanglement": 0.0,
        "t": 0.0
      },
      "curvature_invariants": {
        "kretschmann": null,
        "note": "QFT toy; no spacetime curvature.",
        "ricci_scalar": null
      },
      "local_observables": {
        "model": {
          "g": 0.4,
          "r_of_t": "r(t)=g*t",
          "type": "two_mode_squeezing"
        },
        "truncation_effects": {
          "entropy_exact": 0.0,
          "entropy_truncated_raw": 0.0,
          "interpretation": "Entanglement growth drives probability outside any finite local truncation. Predictivity fails as observables become cutoff-dependent.",
          "leakage_1_minus_Z": 0.0,
          "mean_occupation_exact": 0.0,
          "mean_occupation_truncated_conditioned": 0.0,
          "relative_error_entropy": null,
          "relative_error_mean_n": null,
          "retained_probability_Z": 1.0
        }
      }
    },
    {
      "causal_structure": {
        "note": "Failure is informational/predictive, not causal."
      },
      "coordinates": {
        "Nmax_local_truncation": 32,
        "r_entanglement": 0.0,
        "t": 0.0
      },
      "curvature_invariants": {
        "kretschmann": null,
        "note": "QFT toy; no spacetime curvature.",
        "ricci_scalar": null
      },
      "local_observables": {
        "model": {
          "g": 0.4,
          "r_of_t": "r(t)=g*t",
          "type": "two_mode_squeezing"
        },
        "truncation_effects": {
          "entropy_exact": 0.0,
          "entropy_truncated_raw": 0.0,
          "interpretation": "Entanglement growth drives probability outside any finite local truncation. Predictivity fails as observables become cutoff-dependent.",
          "leakage_1_minus_Z": 0.0,
          "mean_occupation_exact": 0.0,
          "mean_occupation_truncated_conditioned": 0.0,
          "relative_error_entropy": null,
          "relative_error_mean_n": null,
          "retained_probability_Z": 1.0
        }
      }
    },
    {
      "causal_structure": {
        "note": "Failure is informational/predictive, not causal."
      },
      "coordinates": {
        "Nmax_local_truncation": 2,
        "r_entanglement": 0.2,
        "t": 0.5
      },
      "curvature_invariants": {
        "kretschmann": null,
        "note": "QFT toy; no spacetime curvature.",
        "ricci_scalar": null
      },
      "local_observables": {
        "model": {
          "g": 0.4,
          "r_of_t": "r(t)=g*t",
          "type": "two_mode_squeezing"
        },
        "truncation_effects": {
          "entropy_exact": 0.17128808061535467,
          "entropy_truncated_raw": 0.1707023377384663,
          "interpretation": "Entanglement growth drives probability outside any finite local truncation. Predictivity fails as observables become cutoff-dependent.",
          "leakage_1_minus_Z": 5.912308480793271e-05,
          "mean_occupation_exact": 0.040536185919227405,
          "mean_occupation_truncated_conditioned": 0.04035880617756639,
          "relative_error_entropy": -0.003419635941882697,
          "relative_error_mean_n": -0.0043758369870925545,
          "retained_probability_Z": 0.9999408769151921
        }
      }
    },
    {
      "causal_structure": {
        "note": "Failure is informational/predictive, not causal."
      },
      "coordinates": {
        "Nmax_local_truncation": 4,
        "r_entanglement": 0.2,
        "t": 0.5
      },
      "curvature_invariants": {
        "kretschmann": null,
        "note": "QFT toy; no spacetime curvature.",
        "ricci_scalar": null
      },
      "local_observables": {
        "model": {
          "g": 0.4,
          "r_of_t": "r(t)=g*t",
          "type": "two_mode_squeezing"
        },
        "truncation_effects": {
          "entropy_exact": 0.17128808061535467,
          "entropy_truncated_raw": 0.17128660927459982,
          "interpretation": "Entanglement growth drives probability outside any finite local truncation. Predictivity fails as observables become cutoff-dependent.",
          "leakage_1_minus_Z": 8.97281010603379e-08,
          "mean_occupation_exact": 0.040536185919227405,
          "mean_occupation_truncated_conditioned": 0.04053573727868239,
          "relative_error_entropy": -8.589860716274514e-06,
          "relative_error_mean_n": -1.1067655598061017e-05,
          "retained_probability_Z": 0.9999999102718989
        }
      }
    },
    {
      "causal_structure": {
        "note": "Failure is informational/predictive, not causal."
      },
      "coordinates": {
        "Nmax_local_truncation": 8,
        "r_entanglement": 0.2,
        "t": 0.5
      },
      "curvature_invariants": {
        "kretschmann": null,
        "note": "QFT toy; no spacetime curvature.",
        "ricci_scalar": null
      },
      "local_observables": {
        "model": {
          "g": 0.4,
          "r_of_t": "r(t)=g*t",
          "type": "two_mode_squeezing"
        },
        "truncation_effects": {
          "entropy_exact": 0.17128808061535467,
          "entropy_truncated_raw": 0.17128808060928297,
          "interpretation": "Entanglement growth drives probability outside any finite local truncation. Predictivity fails as observables become cutoff-dependent.",
          "leakage_1_minus_Z": 2.0683454948766666e-13,
          "mean_occupation_exact": 0.040536185919227405,
          "mean_occupation_truncated_conditioned": 0.0405361859173674,
          "relative_error_entropy": -3.544729252356534e-11,
          "relative_error_mean_n": -4.588505709733292e-11,
          "retained_probability_Z": 0.9999999999997932
        }
      }
    },
    {
      "causal_structure": {
        "note": "Failure is informational/predictive, not causal."
      },
      "coordinates": {
        "Nmax_local_truncation": 16,
        "r_entanglement": 0.2,
        "t": 0.5
      },
      "curvature_invariants": {
        "kretschmann": null,
        "note": "QFT toy; no spacetime curvature.",
        "ricci_scalar": null
      },
      "local_observables": {
        "model": {
          "g": 0.4,
          "r_of_t": "r(t)=g*t",
          "type": "two_mode_squeezing"
        },
        "truncation_effects": {
          "entropy_exact": 0.17128808061535467,
          "entropy_truncated_raw": 0.1712880806153546,
          "interpretation": "Entanglement growth drives probability outside any finite local truncation. Predictivity fails as observables become cutoff-dependent.",
          "leakage_1_minus_Z": 1.1102230246251565e-16,
          "mean_occupation_exact": 0.040536185919227405,
          "mean_occupation_truncated_conditioned": 0.040536185919227405,
          "relative_error_entropy": -3.2408064257497247e-16,
          "relative_error_mean_n": 0.0,
          "retained_probability_Z": 0.9999999999999999
        }
      }
    },
    {
      "causal_structure": {
        "note": "Failure is informational/predictive, not causal."
      },
      "coordinates": {
        "Nmax_local_truncation": 32,
        "r_entanglement": 0.2,
        "t": 0.5
      },
      "curvature_invariants": {
        "kretschmann": null,
        "note": "QFT toy; no spacetime curvature.",
        "ricci_scalar": null
      },
      "local_observables": {
        "model": {
          "g": 0.4,
          "r_of_t": "r(t)=g*t",
          "type": "two_mode_squeezing"
        },
        "truncation_effects": {
          "entropy_exact": 0.17128808061535467,
          "entropy_truncated_raw": 0.1712880806153546,
          "interpretation": "Entanglement growth drives probability outside any finite local truncation. Predictivity fails as observables become cutoff-dependent.",
          "leakage_1_minus_Z": 1.1102230246251565e-16,
          "mean_occupation_exact": 0.040536185919227405,
          "mean_occupation_truncated_conditioned": 0.040536185919227405,
          "relative_error_entropy": -3.2408064257497247e-16,
          "relative_error_mean_n": 0.0,
          "retained_probability_Z": 0.9999999999999999
        }
      }
    },
    {
      "causal_structure": {
        "note": "Failure is informational/predictive, not causal."
      },
      "coordinates": {
        "Nmax_local_truncation": 2,
        "r_entanglement": 0.4,
        "t": 1.0
      },
      "curvature_invariants": {
        "kretschmann": null,
        "note": "QFT toy; no spacetime curvature.",
        "ricci_scalar": null
      },
      "local_observables": {
        "model": {
          "g": 0.4,
          "r_of_t": "r(t)=g*t",
          "type": "two_mode_squeezing"
        },
        "truncation_effects": {
          "entropy_exact": 0.4824489586050983,
          "entropy_truncated_raw": 0.4635291590961287,
          "interpretation": "Entanglement growth drives probability outside any finite local truncation. Predictivity fails as observables become cutoff-dependent.",
          "leakage_1_minus_Z": 0.003008510808005571,
          "mean_occupation_exact": 0.1687174731524223,
          "mean_occupation_truncated_conditioned": 0.15966470537871605,
          "relative_error_entropy": -0.03921616820082337,
          "relative_error_mean_n": -0.05365637360824997,
          "retained_probability_Z": 0.9969914891919944
        }
      }
    },
    {
      "causal_structure": {
        "note": "Failure is informational/predictive, not causal."
      },
      "coordinates": {
        "Nmax_local_truncation": 4,
        "r_entanglement": 0.4,
        "t": 1.0
      },
      "curvature_invariants": {
        "kretschmann": null,
        "note": "QFT toy; no spacetime curvature.",
        "ricci_scalar": null
      },
      "local_observables": {
        "model": {
          "g": 0.4,
          "r_of_t": "r(t)=g*t",
          "type": "two_mode_squeezing"
        },
        "truncation_effects": {
          "entropy_exact": 0.4824489586050983,
          "entropy_truncated_raw": 0.4818119715281686,
          "interpretation": "Entanglement growth drives probability outside any finite local truncation. Predictivity fails as observables become cutoff-dependent.",
          "leakage_1_minus_Z": 6.269784685364321e-05,
          "mean_occupation_exact": 0.1687174731524223,
          "mean_occupation_truncated_conditioned": 0.16840396426182175,
          "relative_error_entropy": -0.0013203201407489395,
          "relative_error_mean_n": -0.0018581886318160198,
          "retained_probability_Z": 0.9999373021531464
        }
      }
    },
    {
      "causal_structure": {
        "note": "Failure is informational/predictive, not causal."
      },
      "coordinates": {
        "Nmax_local_truncation": 8,
        "r_entanglement": 0.4,
        "t": 1.0
      },
      "curvature_invariants": {
        "kretschmann": null,
        "note": "QFT toy; no spacetime curvature.",
        "ricci_scalar": null
      },
      "local_observables": {
        "model": {
          "g": 0.4,
          "r_of_t": "r(t)=g*t",
          "type": "two_mode_squeezing"
        },
        "truncation_effects": {
          "entropy_exact": 0.4824489586050983,
          "entropy_truncated_raw": 0.48244847114258915,
          "interpretation": "Entanglement growth drives probability outside any finite local truncation. Predictivity fails as observables become cutoff-dependent.",
          "leakage_1_minus_Z": 2.7230444343828708e-08,
          "mean_occupation_exact": 0.1687174731524223,
          "mean_occupation_truncated_conditioned": 0.16871722807841658,
          "relative_error_entropy": -1.0103918776091018e-06,
          "relative_error_mean_n": -1.4525703897108323e-06,
          "retained_probability_Z": 0.9999999727695557
        }
      }
    },
    {
      "causal_structure": {
        "note": "Failure is informational/predictive, not causal."
      },
      "coordinates": {
        "Nmax_local_truncation": 16,
        "r_entanglement": 0.4,
        "t": 1.0
      },
      "curvature_invariants": {
        "kretschmann": null,
        "note": "QFT toy; no spacetime curvature.",
        "ricci_scalar": null
      },
      "local_observables": {
        "model": {
          "g": 0.4,
          "r_of_t": "r(t)=g*t",
          "type": "two_mode_squeezing"
        },
        "truncation_effects": {
          "entropy_exact": 0.4824489586050983,
          "entropy_truncated_raw": 0.48244895860492676,
          "interpretation": "Entanglement growth drives probability outside any finite local truncation. Predictivity fails as observables become cutoff-dependent.",
          "leakage_1_minus_Z": 5.10702591327572e-15,
          "mean_occupation_exact": 0.1687174731524223,
          "mean_occupation_truncated_conditioned": 0.16871747315233496,
          "relative_error_entropy": -3.555390767150348e-13,
          "relative_error_mean_n": -5.177104352640083e-13,
          "retained_probability_Z": 0.9999999999999949
        }
      }
    },
    {
      "causal_structure": {
        "note": "Failure is informational/predictive, not causal."
      },
      "coordinates": {
        "Nmax_local_truncation": 32,
        "r_entanglement": 0.4,
        "t": 1.0
      },
      "curvature_invariants": {
        "kretschmann": null,
        "note": "QFT toy; no spacetime curvature.",
        "ricci_scalar": null
      },
      "local_observables": {
        "model": {
          "g": 0.4,
          "r_of_t": "r(t)=g*t",
          "type": "two_mode_squeezing"
        },
        "truncation_effects": {
          "entropy_exact": 0.4824489586050983,
          "entropy_truncated_raw": 0.4824489586050982,
          "interpretation": "Entanglement growth drives probability outside any finite local truncation. Predictivity fails as observables become cutoff-dependent.",
          "leakage_1_minus_Z": 0.0,
          "mean_occupation_exact": 0.1687174731524223,
          "mean_occupation_truncated_conditioned": 0.16871747315242228,
          "relative_error_entropy": -2.3012237975083157e-16,
          "relative_error_mean_n": -1.6450919455481676e-16,
          "retained_probability_Z": 1.0
        }
      }
    },
    {
      "causal_structure": {
        "note": "Failure is informational/predictive, not causal."
      },
      "coordinates": {
        "Nmax_local_truncation": 2,
        "r_entanglement": 0.6000000000000001,
        "t": 1.5
      },
      "curvature_invariants": {
        "kretschmann": null,
        "note": "QFT toy; no spacetime curvature.",
        "ricci_scalar": null
      },
      "local_observables": {
        "model": {
          "g": 0.4,
          "r_of_t": "r(t)=g*t",
          "type": "two_mode_squeezing"
        },
        "truncation_effects": {
          "entropy_exact": 0.844226673752376,
          "entropy_truncated_raw": 0.7344770874578642,
          "interpretation": "Entanglement growth drives probability outside any finite local truncation. Predictivity fails as observables become cutoff-dependent.",
          "leakage_1_minus_Z": 0.023993092292924345,
          "mean_occupation_exact": 0.4053277836621876,
          "mean_occupation_truncated_conditioned": 0.3315790465268391,
          "relative_error_entropy": -0.13000014060998855,
          "relative_error_mean_n": -0.18194838870659033,
          "retained_probability_Z": 0.9760069077070757
        }
      }
    },
    {
      "causal_structure": {
        "note": "Failure is informational/predictive, not causal."
      },
      "coordinates": {
        "Nmax_local_truncation": 4,
        "r_entanglement": 0.6000000000000001,
        "t": 1.5
      },
      "curvature_invariants": {
        "kretschmann": null,
        "note": "QFT toy; no spacetime curvature.",
        "ricci_scalar": null
      },
      "local_observables": {
        "model": {
          "g": 0.4,
          "r_of_t": "r(t)=g*t",
          "type": "two_mode_squeezing"
        },
        "truncation_effects": {
          "entropy_exact": 0.844226673752376,
          "entropy_truncated_raw": 0.8301337123284092,
          "interpretation": "Entanglement growth drives probability outside any finite local truncation. Predictivity fails as observables become cutoff-dependent.",
          "leakage_1_minus_Z": 0.001995922654718596,
          "mean_occupation_exact": 0.4053277836621876,
          "mean_occupation_truncated_conditioned": 0.3953282120170104,
          "relative_error_entropy": -0.016693338249225406,
          "relative_error_mean_n": -0.024670333612045504,
          "retained_probability_Z": 0.9980040773452814
        }
      }
    },
    {
      "causal_structure": {
        "note": "Failure is informational/predictive, not causal."
      },
      "coordinates": {
        "Nmax_local_truncation": 8,
        "r_entanglement": 0.6000000000000001,
        "t": 1.5
      },
      "curvature_invariants": {
        "kretschmann": null,
        "note": "QFT toy; no spacetime curvature.",
        "ricci_scalar": null
      },
      "local_observables": {
        "model": {
          "g": 0.4,
          "r_of_t": "r(t)=g*t",
          "type": "two_mode_squeezing"
        },
        "truncation_effects": {
          "entropy_exact": 0.844226673752376,
          "entropy_truncated_raw": 0.8440604566511621,
          "interpretation": "Entanglement growth drives probability outside any finite local truncation. Predictivity fails as observables become cutoff-dependent.",
          "leakage_1_minus_Z": 1.3812066917417987e-05,
          "mean_occupation_exact": 0.4053277836621876,
          "mean_occupation_truncated_conditioned": 0.40520347334294826,
          "relative_error_entropy": -0.00019688681533254723,
          "relative_error_mean_n": -0.0003066908419555122,
          "retained_probability_Z": 0.9999861879330826
        }
      }
    },
    {
      "causal_structure": {
        "note": "Failure is informational/predictive, not causal."
      },
      "coordinates": {
        "Nmax_local_truncation": 16,
        "r_entanglement": 0.6000000000000001,
        "t": 1.5
      },
      "curvature_invariants": {
        "kretschmann": null,
        "note": "QFT toy; no spacetime curvature.",
        "ricci_scalar": null
      },
      "local_observables": {
        "model": {
          "g": 0.4,
          "r_of_t": "r(t)=g*t",
          "type": "two_mode_squeezing"
        },
        "truncation_effects": {
          "entropy_exact": 0.844226673752376,
          "entropy_truncated_raw": 0.8442266592134358,
          "interpretation": "Entanglement growth drives probability outside any finite local truncation. Predictivity fails as observables become cutoff-dependent.",
          "leakage_1_minus_Z": 6.614371272917197e-10,
          "mean_occupation_exact": 0.4053277836621876,
          "mean_occupation_truncated_conditioned": 0.4053277724177553,
          "relative_error_entropy": -1.7221607331240454e-08,
          "relative_error_mean_n": -2.7741577872080213e-08,
          "retained_probability_Z": 0.9999999993385629
        }
      }
    },
    {
      "causal_structure": {
        "note": "Failure is informational/predictive, not causal."
      },
      "coordinates": {
        "Nmax_local_truncation": 32,
        "r_entanglement": 0.6000000000000001,
        "t": 1.5
      },
      "curvature_invariants": {
        "kretschmann": null,
        "note": "QFT toy; no spacetime curvature.",
        "ricci_scalar": null
      },
      "local_observables": {
        "model": {
          "g": 0.4,
          "r_of_t": "r(t)=g*t",
          "type": "two_mode_squeezing"
        },
        "truncation_effects": {
          "entropy_exact": 0.844226673752376,
          "entropy_truncated_raw": 0.8442266737523756,
          "interpretation": "Entanglement growth drives probability outside any finite local truncation. Predictivity fails as observables become cutoff-dependent.",
          "leakage_1_minus_Z": 1.1102230246251565e-16,
          "mean_occupation_exact": 0.4053277836621876,
          "mean_occupation_truncated_conditioned": 0.4053277836621874,
          "relative_error_entropy": -5.260307730815912e-16,
          "relative_error_mean_n": -4.108611854561825e-16,
          "retained_probability_Z": 0.9999999999999999
        }
      }
    },
    {
      "causal_structure": {
        "note": "Failure is informational/predictive, not causal."
      },
      "coordinates": {
        "Nmax_local_truncation": 2,
        "r_entanglement": 0.8,
        "t": 2.0
      },
      "curvature_invariants": {
        "kretschmann": null,
        "note": "QFT toy; no spacetime curvature.",
        "ricci_scalar": null
      },
      "local_observables": {
        "model": {
          "g": 0.4,
          "r_of_t": "r(t)=g*t",
          "type": "two_mode_squeezing"
        },
        "truncation_effects": {
          "entropy_exact": 1.2273490816725339,
          "entropy_truncated_raw": 0.9115176342481179,
          "interpretation": "Entanglement growth drives probability outside any finite local truncation. Predictivity fails as observables become cutoff-dependent.",
          "leakage_1_minus_Z": 0.08573393779915073,
          "mean_occupation_exact": 0.7887322355974427,
          "mean_occupation_truncated_conditioned": 0.5074117053588943,
          "relative_error_entropy": -0.25732813275423316,
          "relative_error_mean_n": -0.3566743154924508,
          "retained_probability_Z": 0.9142660622008493
        }
      }
    },
    {
      "causal_structure": {
        "note": "Failure is informational/predictive, not causal."
      },
      "coordinates": {
        "Nmax_local_truncation": 4,
        "r_entanglement": 0.8,
        "t": 2.0
      },
      "curvature_invariants": {
        "kretschmann": null,
        "note": "QFT toy; no spacetime curvature.",
        "ricci_scalar": null
      },
      "local_observables": {
        "model": {
          "g": 0.4,
          "r_of_t": "r(t)=g*t",
          "type": "two_mode_squeezing"
        },
        "truncation_effects": {
          "entropy_exact": 1.2273490816725339,
          "entropy_truncated_raw": 1.1386421566141192,
          "interpretation": "Entanglement growth drives probability outside any finite local truncation. Predictivity fails as observables become cutoff-dependent.",
          "leakage_1_minus_Z": 0.01666945058125846,
          "mean_occupation_exact": 0.7887322355974427,
          "mean_occupation_truncated_conditioned": 0.7039720774232051,
          "relative_error_entropy": -0.07227522013340489,
          "relative_error_mean_n": -0.1074637936029508,
          "retained_probability_Z": 0.9833305494187415
        }
      }
    },
    {
      "causal_structure": {
        "note": "Failure is informational/predictive, not causal."
      },
      "coordinates": {
        "Nmax_local_truncation": 8,
        "r_entanglement": 0.8,
        "t": 2.0
      },
      "curvature_invariants": {
        "kretschmann": null,
        "note": "QFT toy; no spacetime curvature.",
        "ricci_scalar": null
      },
      "local_observables": {
        "model": {
          "g": 0.4,
          "r_of_t": "r(t)=g*t",
          "type": "two_mode_squeezing"
        },
        "truncation_effects": {
          "entropy_exact": 1.2273490816725339,
          "entropy_truncated_raw": 1.2219315855871604,
          "interpretation": "Entanglement growth drives probability outside any finite local truncation. Predictivity fails as observables become cutoff-dependent.",
          "leakage_1_minus_Z": 0.0006301708566397446,
          "mean_occupation_exact": 0.7887322355974427,
          "mean_occupation_truncated_conditioned": 0.7830571215962334,
          "relative_error_entropy": -0.004413981455048566,
          "relative_error_mean_n": -0.007195235271334505,
          "retained_probability_Z": 0.9993698291433603
        }
      }
    },
    {
      "causal_structure": {
        "note": "Failure is informational/predictive, not causal."
      },
      "coordinates": {
        "Nmax_local_truncation": 16,
        "r_entanglement": 0.8,
        "t": 2.0
      },
      "curvature_invariants": {
        "kretschmann": null,
        "note": "QFT toy; no spacetime curvature.",
        "ricci_scalar": null
      },
      "local_observables": {
        "model": {
          "g": 0.4,
          "r_of_t": "r(t)=g*t",
          "type": "two_mode_squeezing"
        },
        "truncation_effects": {
          "entropy_exact": 1.2273490816725339,
          "entropy_truncated_raw": 1.2273354397730645,
          "interpretation": "Entanglement growth drives probability outside any finite local truncation. Predictivity fails as observables become cutoff-dependent.",
          "leakage_1_minus_Z": 9.006008904188789e-07,
          "mean_occupation_exact": 0.7887322355974427,
          "mean_occupation_truncated_conditioned": 0.788716925368517,
          "relative_error_entropy": -1.1114930277868817e-05,
          "relative_error_mean_n": -1.941118700955559e-05,
          "retained_probability_Z": 0.9999990993991096
        }
      }
    },
    {
      "causal_structure": {
        "note": "Failure is informational/predictive, not causal."
      },
      "coordinates": {
        "Nmax_local_truncation": 32,
        "r_entanglement": 0.8,
        "t": 2.0
      },
      "curvature_invariants": {
        "kretschmann": null,
        "note": "QFT toy; no spacetime curvature.",
        "ricci_scalar": null
      },
      "local_observables": {
        "model": {
          "g": 0.4,
          "r_of_t": "r(t)=g*t",
          "type": "two_mode_squeezing"
        },
        "truncation_effects": {
          "entropy_exact": 1.2273490816725339,
          "entropy_truncated_raw": 1.2273490816205719,
          "interpretation": "Entanglement growth drives probability outside any finite local truncation. Predictivity fails as observables become cutoff-dependent.",
          "leakage_1_minus_Z": 1.839306484896497e-12,
          "mean_occupation_exact": 0.7887322355974427,
          "mean_occupation_truncated_conditioned": 0.7887322355367413,
          "relative_error_entropy": -4.2336765507109394e-11,
          "relative_error_mean_n": -7.696063392552785e-11,
          "retained_probability_Z": 0.9999999999981607
        }
      }
    },
    {
      "causal_structure": {
        "note": "Failure is informational/predictive, not causal."
      },
      "coordinates": {
        "Nmax_local_truncation": 2,
        "r_entanglement": 1.2000000000000002,
        "t": 3.0
      },
      "curvature_invariants": {
        "kretschmann": null,
        "note": "QFT toy; no spacetime curvature.",
        "ricci_scalar": null
      },
      "local_observables": {
        "model": {
          "g": 0.4,
          "r_of_t": "r(t)=g*t",
          "type": "two_mode_squeezing"
        },
        "truncation_effects": {
          "entropy_exact": 2.0164511508477583,
          "entropy_truncated_raw": 0.9731554766302165,
          "interpretation": "Entanglement growth drives probability outside any finite local truncation. Predictivity fails as observables become cutoff-dependent.",
          "leakage_1_minus_Z": 0.3356733998294248,
          "mean_occupation_exact": 2.2784735834827545,
          "mean_occupation_truncated_conditioned": 0.7626224957350904,
          "relative_error_entropy": -0.5173919902691015,
          "relative_error_mean_n": -0.665292368863287,
          "retained_probability_Z": 0.6643266001705752
        }
      }
    },
    {
      "causal_structure": {
        "note": "Failure is informational/predictive, not causal."
      },
      "coordinates": {
        "Nmax_local_truncation": 4,
        "r_entanglement": 1.2000000000000002,
        "t": 3.0
      },
      "curvature_invariants": {
        "kretschmann": null,
        "note": "QFT toy; no spacetime curvature.",
        "ricci_scalar": null
      },
      "local_observables": {
        "model": {
          "g": 0.4,
          "r_of_t": "r(t)=g*t",
          "type": "two_mode_squeezing"
        },
        "truncation_effects": {
          "entropy_exact": 2.0164511508477583,
          "entropy_truncated_raw": 1.394553553337581,
          "interpretation": "Entanglement growth drives probability outside any finite local truncation. Predictivity fails as observables become cutoff-dependent.",
          "leakage_1_minus_Z": 0.16212931413588105,
          "mean_occupation_exact": 2.2784735834827545,
          "mean_occupation_truncated_conditioned": 1.31096560837874,
          "relative_error_entropy": -0.30841193313744225,
          "relative_error_mean_n": -0.4246298847253401,
          "retained_probability_Z": 0.837870685864119
        }
      }
    },
    {
      "causal_structure": {
        "note": "Failure is informational/predictive, not causal."
      },
      "coordinates": {
        "Nmax_local_truncation": 8,
        "r_entanglement": 1.2000000000000002,
        "t": 3.0
      },
      "curvature_invariants": {
        "kretschmann": null,
        "note": "QFT toy; no spacetime curvature.",
        "ricci_scalar": null
      },
      "local_observables": {
        "model": {
          "g": 0.4,
          "r_of_t": "r(t)=g*t",
          "type": "two_mode_squeezing"
        },
        "truncation_effects": {
          "entropy_exact": 2.0164511508477583,
          "entropy_truncated_raw": 1.81632066521287,
          "interpretation": "Entanglement growth drives probability outside any finite local truncation. Predictivity fails as observables become cutoff-dependent.",
          "leakage_1_minus_Z": 0.0378225479276032,
          "mean_occupation_exact": 2.2784735834827545,
          "mean_occupation_truncated_conditioned": 1.9246896420536042,
          "relative_error_entropy": -0.09924886380250232,
          "relative_error_mean_n": -0.1552723472388804,
          "retained_probability_Z": 0.9621774520723968
        }
      }
    },
    {
      "causal_structure": {
        "note": "Failure is informational/predictive, not causal."
      },
      "coordinates": {
        "Nmax_local_truncation": 16,
        "r_entanglement": 1.2000000000000002,
        "t": 3.0
      },
      "curvature_invariants": {
        "kretschmann": null,
        "note": "QFT toy; no spacetime curvature.",
        "ricci_scalar": null
      },
      "local_observables": {
        "model": {
          "g": 0.4,
          "r_of_t": "r(t)=g*t",
          "type": "two_mode_squeezing"
        },
        "truncation_effects": {
          "entropy_exact": 2.0164511508477583,
          "entropy_truncated_raw": 1.9995676006503458,
          "interpretation": "Entanglement growth drives probability outside any finite local truncation. Predictivity fails as observables become cutoff-dependent.",
          "leakage_1_minus_Z": 0.002058397542273216,
          "mean_occupation_exact": 2.2784735834827545,
          "mean_occupation_truncated_conditioned": 2.2434086476864428,
          "relative_error_entropy": -0.008372903152310087,
          "relative_error_mean_n": -0.015389660889863531,
          "retained_probability_Z": 0.9979416024577268
        }
      }
    },
    {
      "causal_structure": {
        "note": "Failure is informational/predictive, not causal."
      },
      "coordinates": {
        "Nmax_local_truncation": 32,
        "r_entanglement": 1.2000000000000002,
        "t": 3.0
      },
      "curvature_invariants": {
        "kretschmann": null,
        "note": "QFT toy; no spacetime curvature.",
        "ricci_scalar": null
      },
      "local_observables": {
        "model": {
          "g": 0.4,
          "r_of_t": "r(t)=g*t",
          "type": "two_mode_squeezing"
        },
        "truncation_effects": {
          "entropy_exact": 2.0164511508477583,
          "entropy_truncated_raw": 2.0163656509988055,
          "interpretation": "Entanglement growth drives probability outside any finite local truncation. Predictivity fails as observables become cutoff-dependent.",
          "leakage_1_minus_Z": 6.09657892136628e-06,
          "mean_occupation_exact": 2.2784735834827545,
          "mean_occupation_truncated_conditioned": 2.2782723951517823,
          "relative_error_entropy": -4.240115061395854e-05,
          "relative_error_mean_n": -8.82996109460012e-05,
          "retained_probability_Z": 0.9999939034210786
        }
      }
    },
    {
      "causal_structure": {
        "note": "Failure is informational/predictive, not causal."
      },
      "coordinates": {
        "Nmax_local_truncation": 2,
        "r_entanglement": 1.6,
        "t": 4.0
      },
      "curvature_invariants": {
        "kretschmann": null,
        "note": "QFT toy; no spacetime curvature.",
        "ricci_scalar": null
      },
      "local_observables": {
        "model": {
          "g": 0.4,
          "r_of_t": "r(t)=g*t",
          "type": "two_mode_squeezing"
        },
        "truncation_effects": {
          "entropy_exact": 2.814259583373971,
          "entropy_truncated_raw": 0.7891607154754667,
          "interpretation": "Entanglement growth drives probability outside any finite local truncation. Predictivity fails as observables become cutoff-dependent.",
          "leakage_1_minus_Z": 0.6129832714301815,
          "mean_occupation_exact": 5.643323100271931,
          "mean_occupation_truncated_conditioned": 0.8917201887228657,
          "relative_error_entropy": -0.7195849593485778,
          "relative_error_mean_n": -0.8419866853485852,
          "retained_probability_Z": 0.3870167285698185
        }
      }
    },
    {
      "causal_structure": {
        "note": "Failure is informational/predictive, not causal."
      },
      "coordinates": {
        "Nmax_local_truncation": 4,
        "r_entanglement": 1.6,
        "t": 4.0
      },
      "curvature_invariants": {
        "kretschmann": null,
        "note": "QFT toy; no spacetime curvature.",
        "ricci_scalar": null
      },
      "local_observables": {
        "model": {
          "g": 0.4,
          "r_of_t": "r(t)=g*t",
          "type": "two_mode_squeezing"
        },
        "truncation_effects": {
          "entropy_exact": 2.814259583373971,
          "entropy_truncated_raw": 1.2086164664016783,
          "interpretation": "Entanglement growth drives probability outside any finite local truncation. Predictivity fails as observables become cutoff-dependent.",
          "leakage_1_minus_Z": 0.4423313331795723,
          "mean_occupation_exact": 5.643323100271931,
          "mean_occupation_truncated_conditioned": 1.6774257897636717,
          "relative_error_entropy": -0.5705383847524516,
          "relative_error_mean_n": -0.7027592147465661,
          "retained_probability_Z": 0.5576686668204277
        }
      }
    },
    {
      "causal_structure": {
        "note": "Failure is informational/predictive, not causal."
      },
      "coordinates": {
        "Nmax_local_truncation": 8,
        "r_entanglement": 1.6,
        "t": 4.0
      },
      "curvature_invariants": {
        "kretschmann": null,
        "note": "QFT toy; no spacetime curvature.",
        "ricci_scalar": null
      },
      "local_observables": {
        "model": {
          "g": 0.4,
          "r_of_t": "r(t)=g*t",
          "type": "two_mode_squeezing"
        },
        "truncation_effects": {
          "entropy_exact": 2.814259583373971,
          "entropy_truncated_raw": 1.8278790213061882,
          "interpretation": "Entanglement growth drives probability outside any finite local truncation. Predictivity fails as observables become cutoff-dependent.",
          "leakage_1_minus_Z": 0.23032753928077399,
          "mean_occupation_exact": 5.643323100271931,
          "mean_occupation_truncated_conditioned": 2.9500373724834072,
          "relative_error_entropy": -0.3504938094179738,
          "relative_error_mean_n": -0.4772517326996117,
          "retained_probability_Z": 0.769672460719226
        }
      }
    },
    {
      "causal_structure": {
        "note": "Failure is informational/predictive, not causal."
      },
      "coordinates": {
        "Nmax_local_truncation": 16,
        "r_entanglement": 1.6,
        "t": 4.0
      },
      "curvature_invariants": {
        "kretschmann": null,
        "note": "QFT toy; no spacetime curvature.",
        "ricci_scalar": null
      },
      "local_observables": {
        "model": {
          "g": 0.4,
          "r_of_t": "r(t)=g*t",
          "type": "two_mode_squeezing"
        },
        "truncation_effects": {
          "entropy_exact": 2.814259583373971,
          "entropy_truncated_raw": 2.465304493341217,
          "interpretation": "Entanglement growth drives probability outside any finite local truncation. Predictivity fails as observables become cutoff-dependent.",
          "leakage_1_minus_Z": 0.06245140232366986,
          "mean_occupation_exact": 5.643323100271931,
          "mean_occupation_truncated_conditioned": 4.5109297052695885,
          "relative_error_entropy": -0.1239953457365143,
          "relative_error_mean_n": -0.20066074099988648,
          "retained_probability_Z": 0.9375485976763301
        }
      }
    },
    {
      "causal_structure": {
        "note": "Failure is informational/predictive, not causal."
      },
      "coordinates": {
        "Nmax_local_truncation": 32,
        "r_entanglement": 1.6,
        "t": 4.0
      },
      "curvature_invariants": {
        "kretschmann": null,
        "note": "QFT toy; no spacetime curvature.",
        "ricci_scalar": null
      },
      "local_observables": {
        "model": {
          "g": 0.4,
          "r_of_t": "r(t)=g*t",
          "type": "two_mode_squeezing"
        },
        "truncation_effects": {
          "entropy_exact": 2.814259583373971,
          "entropy_truncated_raw": 2.7766208496471108,
          "interpretation": "Entanglement growth drives probability outside any finite local truncation. Predictivity fails as observables become cutoff-dependent.",
          "leakage_1_minus_Z": 0.004591291306841883,
          "mean_occupation_exact": 5.643323100271931,
          "mean_occupation_truncated_conditioned": 5.491111639991772,
          "relative_error_entropy": -0.013374293526162912,
          "relative_error_mean_n": -0.026971955632457884,
          "retained_probability_Z": 0.9954087086931581
        }
      }
    }
  ],
  "spacetime": "N/A",
  "theory": "Quantum Field Theory (toy): entanglement growth vs truncation",
  "toy_id": "062",
  "units": {
    "G": 1,
    "c": 1
  }
}