{
  "notes": {
    "pressure_point": "Continuum, infinite-time, and infinite-volume limits do not commute. The resulting theory depends on how limits are taken."
  },
  "observables": {
    "summary": {
      "max_difference": 1.9999200393575067
    }
  },
  "parameters": {
    "cutoffs": [
      1.0,
      0.5,
      0.2
    ],
    "dt": 0.05,
    "gamma": 0.5,
    "t_max": 20.0
  },
  "sample_points": [
    {
      "causal_structure": {
        "note": "Order of limits matters"
      },
      "coordinates": {
        "cutoff": 1.0
      },
      "curvature_invariants": {
        "analogy": null
      },
      "local_observables": {
        "difference": 1.9999200393575067,
        "late_time_value_cutoff_first": 3.998032124762985e-05,
        "late_time_value_time_first": 1.9999600196787544
      }
    },
    {
      "causal_structure": {
        "note": "Order of limits matters"
      },
      "coordinates": {
        "cutoff": 0.5
      },
      "curvature_invariants": {
        "analogy": null
      },
      "local_observables": {
        "difference": 0.9999600196787524,
        "late_time_value_cutoff_first": 3.998032124762985e-05,
        "late_time_value_time_first": 1.0
      }
    },
    {
      "causal_structure": {
        "note": "Order of limits matters"
      },
      "coordinates": {
        "cutoff": 0.2
      },
      "curvature_invariants": {
        "analogy": null
      },
      "local_observables": {
        "difference": 0.39998400787150123,
        "late_time_value_cutoff_first": 3.998032124762985e-05,
        "late_time_value_time_first": 0.40002398819274887
      }
    }
  ],
  "spacetime": "Damped oscillator with cutoff",
  "theory": "Quantum Field Theory (limit-order ambiguity proxy)",
  "toy_id": "054",
  "units": {
    "hbar": 1
  }
}