{
  "notes": {
    "pressure_point": "Gauge symmetry constraints (Ward identities) are regulator-sensitive. Hard cutoffs can violate them; 'fixing' requires scheme-dependent counterterms, reducing predictivity.",
    "warning": "This is a deliberate proxy: angular averaging preserves UV behavior while making scheme dependence visible. Do not interpret I1/I2 as literal QED values."
  },
  "observables": {
    "summary": {
      "expectation": "Dimreg_proxy residual should be parametrically smaller/stabler than hard cutoff.",
      "max_ward_residual_dimreg_proxy": 1287.5630740656593,
      "max_ward_residual_hard_cutoff": 1756.2474116600579
    }
  },
  "parameters": {
    "Lambda_samples": [
      2.0,
      4.0,
      6.0,
      8.0,
      10.0,
      12.0
    ],
    "calibration": {
      "Lambda_ref": 12.0,
      "p_ref": 1.0
    },
    "mass_m": 1.0,
    "n_k_quadrature": 4000,
    "p_samples": [
      0.0,
      0.5,
      1.0,
      2.0
    ]
  },
  "sample_points": [
    {
      "causal_structure": {
        "note": "Ward identity residual depends strongly on regulator; restoring it requires scheme-dependent subtractions/counterterms."
      },
      "coordinates": {
        "Lambda": 2.0,
        "p": 0.0
      },
      "curvature_invariants": {
        "kretschmann": null,
        "note": "Loop-regulator audit proxy; no spacetime curvature.",
        "ricci_scalar": null
      },
      "local_observables": {
        "calibrated_R_target": 73.54159393922743,
        "dimreg_proxy": {
          "I1_subtracted": 7.433901355375318,
          "I2_subtracted": 15.050139976857194,
          "counterterm_fix_delta": 531.6508148844268,
          "ward_residual": 531.6508148844268
        },
        "hard_cutoff": {
          "I1": 7.988831969808723,
          "I2": 15.6050705912906,
          "counterterm_fix_delta": 571.9063661811008,
          "ward_residual": 571.9063661811008
        }
      }
    },
    {
      "causal_structure": {
        "note": "Ward identity residual depends strongly on regulator; restoring it requires scheme-dependent subtractions/counterterms."
      },
      "coordinates": {
        "Lambda": 4.0,
        "p": 0.0
      },
      "curvature_invariants": {
        "kretschmann": null,
        "note": "Loop-regulator audit proxy; no spacetime curvature.",
        "ricci_scalar": null
      },
      "local_observables": {
        "calibrated_R_target": 73.54159393922743,
        "dimreg_proxy": {
          "I1_subtracted": 16.593183488140447,
          "I2_subtracted": 109.196849978635,
          "counterterm_fix_delta": 1111.092312265283,
          "ward_residual": 1111.092312265283
        },
        "hard_cutoff": {
          "I1": 18.673655383762153,
          "I2": 111.2773218742567,
          "counterterm_fix_delta": 1262.0130597194475,
          "ward_residual": 1262.0130597194475
        }
      }
    },
    {
      "causal_structure": {
        "note": "Ward identity residual depends strongly on regulator; restoring it requires scheme-dependent subtractions/counterterms."
      },
      "coordinates": {
        "Lambda": 6.0,
        "p": 0.0
      },
      "curvature_invariants": {
        "kretschmann": null,
        "note": "Loop-regulator audit proxy; no spacetime curvature.",
        "ricci_scalar": null
      },
      "local_observables": {
        "calibrated_R_target": 73.54159393922743,
        "dimreg_proxy": {
          "I1_subtracted": 21.438177392154287,
          "I2_subtracted": 289.03466250527674,
          "counterterm_fix_delta": 1287.5630740656593,
          "ward_residual": 1287.5630740656593
        },
        "hard_cutoff": {
          "I1": 26.035472899607054,
          "I2": 293.6319580127295,
          "counterterm_fix_delta": 1621.0582179859325,
          "ward_residual": 1621.0582179859325
        }
      }
    },
    {
      "causal_structure": {
        "note": "Ward identity residual depends strongly on regulator; restoring it requires scheme-dependent subtractions/counterterms."
      },
      "coordinates": {
        "Lambda": 8.0,
        "p": 0.0
      },
      "curvature_invariants": {
        "kretschmann": null,
        "note": "Loop-regulator audit proxy; no spacetime curvature.",
        "ricci_scalar": null
      },
      "local_observables": {
        "calibrated_R_target": 73.54159393922743,
        "dimreg_proxy": {
          "I1_subtracted": 23.371925315033025,
          "I2_subtracted": 550.863489603991,
          "counterterm_fix_delta": 1167.9451514921177,
          "ward_residual": 1167.9451514921177
        },
        "hard_cutoff": {
          "I1": 31.481786543899837,
          "I2": 558.9733508328578,
          "counterterm_fix_delta": 1756.2474116600579,
          "ward_residual": 1756.2474116600579
        }
      }
    },
    {
      "causal_structure": {
        "note": "Ward identity residual depends strongly on regulator; restoring it requires scheme-dependent subtractions/counterterms."
      },
      "coordinates": {
        "Lambda": 10.0,
        "p": 0.0
      },
      "curvature_invariants": {
        "kretschmann": null,
        "note": "Loop-regulator audit proxy; no spacetime curvature.",
        "ricci_scalar": null
      },
      "local_observables": {
        "calibrated_R_target": 73.54159393922743,
        "dimreg_proxy": {
          "I1_subtracted": 23.157633358516428,
          "I2_subtracted": 893.0136138391855,
          "counterterm_fix_delta": 810.0356552063371,
          "ward_residual": 810.0356552063371
        },
        "hard_cutoff": {
          "I1": 35.77752812215635,
          "I2": 905.6335086028254,
          "counterterm_fix_delta": 1725.5029367060865,
          "ward_residual": 1725.5029367060865
        }
      }
    },
    {
      "causal_structure": {
        "note": "Ward identity residual depends strongly on regulator; restoring it requires scheme-dependent subtractions/counterterms."
      },
      "coordinates": {
        "Lambda": 12.0,
        "p": 0.0
      },
      "curvature_invariants": {
        "kretschmann": null,
        "note": "Loop-regulator audit proxy; no spacetime curvature.",
        "ricci_scalar": null
      },
      "local_observables": {
        "calibrated_R_target": 73.54159393922743,
        "dimreg_proxy": {
          "I1_subtracted": 21.18860751694584,
          "I2_subtracted": 1314.659552962045,
          "counterterm_fix_delta": 243.584417186848,
          "ward_residual": 243.584417186848
        },
        "hard_cutoff": {
          "I1": 39.31685498481892,
          "I2": 1332.787800429918,
          "counterterm_fix_delta": 1558.6363838311247,
          "ward_residual": 1558.6363838311247
        }
      }
    },
    {
      "causal_structure": {
        "note": "Ward identity residual depends strongly on regulator; restoring it requires scheme-dependent subtractions/counterterms."
      },
      "coordinates": {
        "Lambda": 2.0,
        "p": 0.5
      },
      "curvature_invariants": {
        "kretschmann": null,
        "note": "Loop-regulator audit proxy; no spacetime curvature.",
        "ricci_scalar": null
      },
      "local_observables": {
        "calibrated_R_target": 73.54159393922743,
        "dimreg_proxy": {
          "I1_subtracted": 6.725590096103162,
          "I2_subtracted": 13.938321058495177,
          "counterterm_fix_delta": 480.6722947908131,
          "ward_residual": 480.6722947908131
        },
        "hard_cutoff": {
          "I1": 7.2805207105365675,
          "I2": 14.493251672928583,
          "counterterm_fix_delta": 520.9278460874872,
          "ward_residual": 520.9278460874872
        }
      }
    },
    {
      "causal_structure": {
        "note": "Ward identity residual depends strongly on regulator; restoring it requires scheme-dependent subtractions/counterterms."
      },
      "coordinates": {
        "Lambda": 4.0,
        "p": 0.5
      },
      "curvature_invariants": {
        "kretschmann": null,
        "note": "Loop-regulator audit proxy; no spacetime curvature.",
        "ricci_scalar": null
      },
      "local_observables": {
        "calibrated_R_target": 73.54159393922743,
        "dimreg_proxy": {
          "I1_subtracted": 15.59095192237847,
          "I2_subtracted": 105.78122558989713,
          "counterterm_fix_delta": 1040.8022298116775,
          "ward_residual": 1040.8022298116775
        },
        "hard_cutoff": {
          "I1": 17.671423818000175,
          "I2": 107.86169748551883,
          "counterterm_fix_delta": 1191.722977265842,
          "ward_residual": 1191.722977265842
        }
      }
    },
    {
      "causal_structure": {
        "note": "Ward identity residual depends strongly on regulator; restoring it requires scheme-dependent subtractions/counterterms."
      },
      "coordinates": {
        "Lambda": 6.0,
        "p": 0.5
      },
      "curvature_invariants": {
        "kretschmann": null,
        "note": "Loop-regulator audit proxy; no spacetime curvature.",
        "ricci_scalar": null
      },
      "local_observables": {
        "calibrated_R_target": 73.54159393922743,
        "dimreg_proxy": {
          "I1_subtracted": 20.3616540178375,
          "I2_subtracted": 283.8714484982704,
          "counterterm_fix_delta": 1213.5570432125735,
          "ward_residual": 1213.5570432125735
        },
        "hard_cutoff": {
          "I1": 24.958949525290265,
          "I2": 288.4687440057232,
          "counterterm_fix_delta": 1547.0521871328465,
          "ward_residual": 1547.0521871328465
        }
      }
    },
    {
      "causal_structure": {
        "note": "Ward identity residual depends strongly on regulator; restoring it requires scheme-dependent subtractions/counterterms."
      },
      "coordinates": {
        "Lambda": 8.0,
        "p": 0.5
      },
      "curvature_invariants": {
        "kretschmann": null,
        "note": "Loop-regulator audit proxy; no spacetime curvature.",
        "ricci_scalar": null
      },
      "local_observables": {
        "calibrated_R_target": 73.54159393922743,
        "dimreg_proxy": {
          "I1_subtracted": 22.267432786573057,
          "I2_subtracted": 544.3736586285884,
          "counterterm_fix_delta": 1093.2088414306068,
          "ward_residual": 1093.2088414306068
        },
        "hard_cutoff": {
          "I1": 30.37729401543987,
          "I2": 552.4835198574552,
          "counterterm_fix_delta": 1681.5111015985472,
          "ward_residual": 1681.5111015985472
        }
      }
    },
    {
      "causal_structure": {
        "note": "Ward identity residual depends strongly on regulator; restoring it requires scheme-dependent subtractions/counterterms."
      },
      "coordinates": {
        "Lambda": 10.0,
        "p": 0.5
      },
      "curvature_invariants": {
        "kretschmann": null,
        "note": "Loop-regulator audit proxy; no spacetime curvature.",
        "ricci_scalar": null
      },
      "local_observables": {
        "calibrated_R_target": 73.54159393922743,
        "dimreg_proxy": {
          "I1_subtracted": 22.039823668599894,
          "I2_subtracted": 885.4664939210392,
          "counterterm_fix_delta": 735.377268807308,
          "ward_residual": 735.377268807308
        },
        "hard_cutoff": {
          "I1": 34.65971843223981,
          "I2": 898.086388684679,
          "counterterm_fix_delta": 1650.8445503070575,
          "ward_residual": 1650.8445503070575
        }
      }
    },
    {
      "causal_structure": {
        "note": "Ward identity residual depends strongly on regulator; restoring it requires scheme-dependent subtractions/counterterms."
      },
      "coordinates": {
        "Lambda": 12.0,
        "p": 0.5
      },
      "curvature_invariants": {
        "kretschmann": null,
        "note": "Loop-regulator audit proxy; no spacetime curvature.",
        "ricci_scalar": null
      },
      "local_observables": {
        "calibrated_R_target": 73.54159393922743,
        "dimreg_proxy": {
          "I1_subtracted": 20.063462334192888,
          "I2_subtracted": 1306.2367706942805,
          "counterterm_fix_delta": 169.26222930191693,
          "ward_residual": 169.26222930191693
        },
        "hard_cutoff": {
          "I1": 38.191709802065965,
          "I2": 1324.3650181621535,
          "counterterm_fix_delta": 1484.3141959461934,
          "ward_residual": 1484.3141959461934
        }
      }
    },
    {
      "causal_structure": {
        "note": "Ward identity residual depends strongly on regulator; restoring it requires scheme-dependent subtractions/counterterms."
      },
      "coordinates": {
        "Lambda": 2.0,
        "p": 1.0
      },
      "curvature_invariants": {
        "kretschmann": null,
        "note": "Loop-regulator audit proxy; no spacetime curvature.",
        "ricci_scalar": null
      },
      "local_observables": {
        "calibrated_R_target": 73.54159393922743,
        "dimreg_proxy": {
          "I1_subtracted": 5.2462912440416005,
          "I2_subtracted": 11.436528229715902,
          "counterterm_fix_delta": 374.3840921265158,
          "ward_residual": 374.3840921265158
        },
        "hard_cutoff": {
          "I1": 5.801221858475006,
          "I2": 11.991458844149308,
          "counterterm_fix_delta": 414.63964342318985,
          "ward_residual": 414.63964342318985
        }
      }
    },
    {
      "causal_structure": {
        "note": "Ward identity residual depends strongly on regulator; restoring it requires scheme-dependent subtractions/counterterms."
      },
      "coordinates": {
        "Lambda": 4.0,
        "p": 1.0
      },
      "curvature_invariants": {
        "kretschmann": null,
        "note": "Loop-regulator audit proxy; no spacetime curvature.",
        "ricci_scalar": null
      },
      "local_observables": {
        "calibrated_R_target": 73.54159393922743,
        "dimreg_proxy": {
          "I1_subtracted": 13.328307875196971,
          "I2_subtracted": 97.05294582075979,
          "counterterm_fix_delta": 883.132059833983,
          "ward_residual": 883.132059833983
        },
        "hard_cutoff": {
          "I1": 15.408779770818677,
          "I2": 99.13341771638149,
          "counterterm_fix_delta": 1034.0528072881475,
          "ward_residual": 1034.0528072881475
        }
      }
    },
    {
      "causal_structure": {
        "note": "Ward identity residual depends strongly on regulator; restoring it requires scheme-dependent subtractions/counterterms."
      },
      "coordinates": {
        "Lambda": 6.0,
        "p": 1.0
      },
      "curvature_invariants": {
        "kretschmann": null,
        "note": "Loop-regulator audit proxy; no spacetime curvature.",
        "ricci_scalar": null
      },
      "local_observables": {
        "calibrated_R_target": 73.54159393922743,
        "dimreg_proxy": {
          "I1_subtracted": 17.885268905314792,
          "I2_subtracted": 270.10500657934756,
          "counterterm_fix_delta": 1045.2061767492037,
          "ward_residual": 1045.2061767492037
        },
        "hard_cutoff": {
          "I1": 22.48256441276756,
          "I2": 274.70230208680033,
          "counterterm_fix_delta": 1378.7013206694767,
          "ward_residual": 1378.7013206694767
        }
      }
    },
    {
      "causal_structure": {
        "note": "Ward identity residual depends strongly on regulator; restoring it requires scheme-dependent subtractions/counterterms."
      },
      "coordinates": {
        "Lambda": 8.0,
        "p": 1.0
      },
      "curvature_invariants": {
        "kretschmann": null,
        "note": "Loop-regulator audit proxy; no spacetime curvature.",
        "ricci_scalar": null
      },
      "local_observables": {
        "calibrated_R_target": 73.54159393922743,
        "dimreg_proxy": {
          "I1_subtracted": 19.708880545314827,
          "I2_subtracted": 526.7077925995258,
          "counterterm_fix_delta": 922.7146974607564,
          "ward_residual": 922.7146974607564
        },
        "hard_cutoff": {
          "I1": 27.81874177418164,
          "I2": 534.8176538283926,
          "counterterm_fix_delta": 1511.0169576286967,
          "ward_residual": 1511.0169576286967
        }
      }
    },
    {
      "causal_structure": {
        "note": "Ward identity residual depends strongly on regulator; restoring it requires scheme-dependent subtractions/counterterms."
      },
      "coordinates": {
        "Lambda": 10.0,
        "p": 1.0
      },
      "curvature_invariants": {
        "kretschmann": null,
        "note": "Loop-regulator audit proxy; no spacetime curvature.",
        "ricci_scalar": null
      },
      "local_observables": {
        "calibrated_R_target": 73.54159393922743,
        "dimreg_proxy": {
          "I1_subtracted": 19.441818515987883,
          "I2_subtracted": 864.6677154020854,
          "counterterm_fix_delta": 565.1146073408486,
          "ward_residual": 565.1146073408486
        },
        "hard_cutoff": {
          "I1": 32.0617132796278,
          "I2": 877.2876101657253,
          "counterterm_fix_delta": 1480.5818888405984,
          "ward_residual": 1480.5818888405984
        }
      }
    },
    {
      "causal_structure": {
        "note": "Ward identity residual depends strongly on regulator; restoring it requires scheme-dependent subtractions/counterterms."
      },
      "coordinates": {
        "Lambda": 12.0,
        "p": 1.0
      },
      "curvature_invariants": {
        "kretschmann": null,
        "note": "Loop-regulator audit proxy; no spacetime curvature.",
        "ricci_scalar": null
      },
      "local_observables": {
        "calibrated_R_target": 73.54159393922743,
        "dimreg_proxy": {
          "I1_subtracted": 17.443633954443836,
          "I2_subtracted": 1282.8326451022285,
          "counterterm_fix_delta": 0.0,
          "ward_residual": 0.0
        },
        "hard_cutoff": {
          "I1": 35.57188142231691,
          "I2": 1300.9608925701016,
          "counterterm_fix_delta": 1315.0519666442767,
          "ward_residual": 1315.0519666442767
        }
      }
    },
    {
      "causal_structure": {
        "note": "Ward identity residual depends strongly on regulator; restoring it requires scheme-dependent subtractions/counterterms."
      },
      "coordinates": {
        "Lambda": 2.0,
        "p": 2.0
      },
      "curvature_invariants": {
        "kretschmann": null,
        "note": "Loop-regulator audit proxy; no spacetime curvature.",
        "ricci_scalar": null
      },
      "local_observables": {
        "calibrated_R_target": 73.54159393922743,
        "dimreg_proxy": {
          "I1_subtracted": 2.725467846814368,
          "I2_subtracted": 6.63697964042704,
          "counterterm_fix_delta": 193.79827004441572,
          "ward_residual": 193.79827004441572
        },
        "hard_cutoff": {
          "I1": 3.2803984612477737,
          "I2": 7.191910254860445,
          "counterterm_fix_delta": 234.05382134108982,
          "ward_residual": 234.05382134108982
        }
      }
    },
    {
      "causal_structure": {
        "note": "Ward identity residual depends strongly on regulator; restoring it requires scheme-dependent subtractions/counterterms."
      },
      "coordinates": {
        "Lambda": 4.0,
        "p": 2.0
      },
      "curvature_invariants": {
        "kretschmann": null,
        "note": "Loop-regulator audit proxy; no spacetime curvature.",
        "ricci_scalar": null
      },
      "local_observables": {
        "calibrated_R_target": 73.54159393922743,
        "dimreg_proxy": {
          "I1_subtracted": 8.633500035417851,
          "I2_subtracted": 74.30064570719954,
          "counterterm_fix_delta": 560.6207081718056,
          "ward_residual": 560.6207081718056
        },
        "hard_cutoff": {
          "I1": 10.713971931039557,
          "I2": 76.38111760282123,
          "counterterm_fix_delta": 711.5414556259702,
          "ward_residual": 711.5414556259702
        }
      }
    },
    {
      "causal_structure": {
        "note": "Ward identity residual depends strongly on regulator; restoring it requires scheme-dependent subtractions/counterterms."
      },
      "coordinates": {
        "Lambda": 6.0,
        "p": 2.0
      },
      "curvature_invariants": {
        "kretschmann": null,
        "note": "Loop-regulator audit proxy; no spacetime curvature.",
        "ricci_scalar": null
      },
      "local_observables": {
        "calibrated_R_target": 73.54159393922743,
        "dimreg_proxy": {
          "I1_subtracted": 12.451836237069353,
          "I2_subtracted": 229.8244766822729,
          "counterterm_fix_delta": 685.9034076620391,
          "ward_residual": 685.9034076620391
        },
        "hard_cutoff": {
          "I1": 17.049131744522118,
          "I2": 234.42177218972566,
          "counterterm_fix_delta": 1019.398551582312,
          "ward_residual": 1019.398551582312
        }
      }
    },
    {
      "causal_structure": {
        "note": "Ward identity residual depends strongly on regulator; restoring it requires scheme-dependent subtractions/counterterms."
      },
      "coordinates": {
        "Lambda": 8.0,
        "p": 2.0
      },
      "curvature_invariants": {
        "kretschmann": null,
        "note": "Loop-regulator audit proxy; no spacetime curvature.",
        "ricci_scalar": null
      },
      "local_observables": {
        "calibrated_R_target": 73.54159393922743,
        "dimreg_proxy": {
          "I1_subtracted": 13.970801811803478,
          "I2_subtracted": 471.9419609445381,
          "counterterm_fix_delta": 555.4930729045361,
          "ward_residual": 555.4930729045361
        },
        "hard_cutoff": {
          "I1": 22.080663040670288,
          "I2": 480.0518221734049,
          "counterterm_fix_delta": 1143.7953330724763,
          "ward_residual": 1143.7953330724763
        }
      }
    },
    {
      "causal_structure": {
        "note": "Ward identity residual depends strongly on regulator; restoring it requires scheme-dependent subtractions/counterterms."
      },
      "coordinates": {
        "Lambda": 10.0,
        "p": 2.0
      },
      "curvature_invariants": {
        "kretschmann": null,
        "note": "Loop-regulator audit proxy; no spacetime curvature.",
        "ricci_scalar": null
      },
      "local_observables": {
        "calibrated_R_target": 73.54159393922743,
        "dimreg_proxy": {
          "I1_subtracted": 13.55304177263986,
          "I2_subtracted": 797.9264592799418,
          "counterterm_fix_delta": 198.78583540492582,
          "ward_residual": 198.78583540492582
        },
        "hard_cutoff": {
          "I1": 26.172936536279778,
          "I2": 810.5463540435817,
          "counterterm_fix_delta": 1114.2531169046754,
          "ward_residual": 1114.2531169046754
        }
      }
    },
    {
      "causal_structure": {
        "note": "Ward identity residual depends strongly on regulator; restoring it requires scheme-dependent subtractions/counterterms."
      },
      "coordinates": {
        "Lambda": 12.0,
        "p": 2.0
      },
      "curvature_invariants": {
        "kretschmann": null,
        "note": "Loop-regulator audit proxy; no spacetime curvature.",
        "ricci_scalar": null
      },
      "local_observables": {
        "calibrated_R_target": 73.54159393922743,
        "dimreg_proxy": {
          "I1_subtracted": 11.470222854796855,
          "I2_subtracted": 1205.984056333511,
          "counterterm_fix_delta": -362.44558475359474,
          "ward_residual": 362.44558475359474
        },
        "hard_cutoff": {
          "I1": 29.598470322669932,
          "I2": 1224.112303801384,
          "counterterm_fix_delta": 952.6063818906816,
          "ward_residual": 952.6063818906816
        }
      }
    }
  ],
  "spacetime": "Momentum-space loop integral proxy",
  "theory": "Quantum Field Theory (toy): Ward identity violation under regulator choice",
  "toy_id": "092",
  "units": {
    "G": 1,
    "c": 1
  }
}