{
  "notes": {
    "assumptions": [
      "Free real scalar field",
      "Vacuum state",
      "Hard momentum cutoff regulator"
    ],
    "pressure_point": "Vacuum energy density diverges and depends on regulator choice. No unique physical value exists within QFT alone."
  },
  "observables": {
    "scaling": "\u03c1 \u223c \u039b^2 for large cutoff in 1+1D"
  },
  "parameters": {
    "cutoffs": [
      5.0,
      10.0,
      20.0,
      40.0
    ],
    "dk": 0.01,
    "mass": 1.0
  },
  "sample_points": [
    {
      "causal_structure": {
        "lorentz_invariant": false,
        "note": "Hard cutoff breaks Lorentz invariance explicitly."
      },
      "coordinates": {
        "momentum_cutoff_Lambda": 5.0
      },
      "curvature_invariants": {
        "uv_scale_Lambda": 5.0
      },
      "local_observables": {
        "vacuum_energy_density": 2.216912368918262
      }
    },
    {
      "causal_structure": {
        "lorentz_invariant": false,
        "note": "Hard cutoff breaks Lorentz invariance explicitly."
      },
      "coordinates": {
        "momentum_cutoff_Lambda": 10.0
      },
      "curvature_invariants": {
        "uv_scale_Lambda": 10.0
      },
      "local_observables": {
        "vacuum_energy_density": 8.244026670938105
      }
    },
    {
      "causal_structure": {
        "lorentz_invariant": false,
        "note": "Hard cutoff breaks Lorentz invariance explicitly."
      },
      "coordinates": {
        "momentum_cutoff_Lambda": 20.0
      },
      "curvature_invariants": {
        "uv_scale_Lambda": 20.0
      },
      "local_observables": {
        "vacuum_energy_density": 32.164355231017915
      }
    },
    {
      "causal_structure": {
        "lorentz_invariant": false,
        "note": "Hard cutoff breaks Lorentz invariance explicitly."
      },
      "coordinates": {
        "momentum_cutoff_Lambda": 40.0
      },
      "curvature_invariants": {
        "uv_scale_Lambda": 40.0
      },
      "local_observables": {
        "vacuum_energy_density": 127.71246135102271
      }
    }
  ],
  "spacetime": "Flat Minkowski (1+1D)",
  "theory": "Quantum Field Theory",
  "toy_id": "005",
  "units": {
    "c": 1,
    "hbar": 1
  }
}