{
  "notes": {
    "pressure_point": "IR structure can produce continuously-labeled superselection sectors. As the IR regulator is removed, sectors become orthogonal, effectively enlarging the state space beyond a single separable Hilbert space picture."
  },
  "observables": {
    "summary": {
      "max_effective_rank_over_samples": 120
    }
  },
  "parameters": {
    "C": 1.0,
    "Lambda_ir_samples": [
      0.1,
      0.03,
      0.01,
      0.003,
      0.001,
      0.0003,
      0.0001
    ],
    "M_samples": [
      10,
      20,
      40,
      80,
      120
    ],
    "eig_tol_fraction_of_max": 0.001
  },
  "sample_points": [
    {
      "causal_structure": {
        "note": "Superselection prevents finite operators from connecting sectors; locality hides sector labels."
      },
      "coordinates": {
        "Lambda_ir": 0.1,
        "M_sectors_discretized": 10
      },
      "curvature_invariants": {
        "kretschmann": null,
        "note": "QFT toy; no spacetime curvature.",
        "ricci_scalar": null
      },
      "local_observables": {
        "gram_matrix_metrics": {
          "avg_off_diagonal_overlap": 0.5034391929283918,
          "effective_rank": 6,
          "eig_threshold_used": 0.005711209674808852,
          "max_eigenvalue": 5.711209674808852,
          "participation_ratio": 2.3521824336323665
        },
        "interpretation": "As Lambda_ir decreases, distinct IR sectors become orthogonal and the effective number of superselection sectors increases (nonseparability/sector explosion proxy).",
        "sector_model": {
          "C": 1.0,
          "alpha_range": [
            0.0,
            1.0
          ],
          "overlap_amp": "exp(-(C/2)*(alpha-beta)^2/Lambda_ir)"
        }
      }
    },
    {
      "causal_structure": {
        "note": "Superselection prevents finite operators from connecting sectors; locality hides sector labels."
      },
      "coordinates": {
        "Lambda_ir": 0.1,
        "M_sectors_discretized": 20
      },
      "curvature_invariants": {
        "kretschmann": null,
        "note": "QFT toy; no spacetime curvature.",
        "ricci_scalar": null
      },
      "local_observables": {
        "gram_matrix_metrics": {
          "avg_off_diagonal_overlap": 0.5505257186561786,
          "effective_rank": 5,
          "eig_threshold_used": 0.01181819219344965,
          "max_eigenvalue": 11.81819219344965,
          "participation_ratio": 2.2591618080546905
        },
        "interpretation": "As Lambda_ir decreases, distinct IR sectors become orthogonal and the effective number of superselection sectors increases (nonseparability/sector explosion proxy).",
        "sector_model": {
          "C": 1.0,
          "alpha_range": [
            0.0,
            1.0
          ],
          "overlap_amp": "exp(-(C/2)*(alpha-beta)^2/Lambda_ir)"
        }
      }
    },
    {
      "causal_structure": {
        "note": "Superselection prevents finite operators from connecting sectors; locality hides sector labels."
      },
      "coordinates": {
        "Lambda_ir": 0.1,
        "M_sectors_discretized": 40
      },
      "curvature_invariants": {
        "kretschmann": null,
        "note": "QFT toy; no spacetime curvature.",
        "ricci_scalar": null
      },
      "local_observables": {
        "gram_matrix_metrics": {
          "avg_off_diagonal_overlap": 0.5722077830182862,
          "effective_rank": 5,
          "eig_threshold_used": 0.02402325554686766,
          "max_eigenvalue": 24.02325554686766,
          "participation_ratio": 2.214699922719165
        },
        "interpretation": "As Lambda_ir decreases, distinct IR sectors become orthogonal and the effective number of superselection sectors increases (nonseparability/sector explosion proxy).",
        "sector_model": {
          "C": 1.0,
          "alpha_range": [
            0.0,
            1.0
          ],
          "overlap_amp": "exp(-(C/2)*(alpha-beta)^2/Lambda_ir)"
        }
      }
    },
    {
      "causal_structure": {
        "note": "Superselection prevents finite operators from connecting sectors; locality hides sector labels."
      },
      "coordinates": {
        "Lambda_ir": 0.1,
        "M_sectors_discretized": 80
      },
      "curvature_invariants": {
        "kretschmann": null,
        "note": "QFT toy; no spacetime curvature.",
        "ricci_scalar": null
      },
      "local_observables": {
        "gram_matrix_metrics": {
          "avg_off_diagonal_overlap": 0.5826243754088672,
          "effective_rank": 3,
          "eig_threshold_used": 0.04842905680560391,
          "max_eigenvalue": 48.429056805603906,
          "participation_ratio": 2.1946874175885625
        },
        "interpretation": "As Lambda_ir decreases, distinct IR sectors become orthogonal and the effective number of superselection sectors increases (nonseparability/sector explosion proxy).",
        "sector_model": {
          "C": 1.0,
          "alpha_range": [
            0.0,
            1.0
          ],
          "overlap_amp": "exp(-(C/2)*(alpha-beta)^2/Lambda_ir)"
        }
      }
    },
    {
      "causal_structure": {
        "note": "Superselection prevents finite operators from connecting sectors; locality hides sector labels."
      },
      "coordinates": {
        "Lambda_ir": 0.1,
        "M_sectors_discretized": 120
      },
      "curvature_invariants": {
        "kretschmann": null,
        "note": "QFT toy; no spacetime curvature.",
        "ricci_scalar": null
      },
      "local_observables": {
        "gram_matrix_metrics": {
          "avg_off_diagonal_overlap": 0.5860363423998844,
          "effective_rank": 72,
          "eig_threshold_used": 0.0728053497298475,
          "max_eigenvalue": 72.80534972984749,
          "participation_ratio": 2.2258419185215477
        },
        "interpretation": "As Lambda_ir decreases, distinct IR sectors become orthogonal and the effective number of superselection sectors increases (nonseparability/sector explosion proxy).",
        "sector_model": {
          "C": 1.0,
          "alpha_range": [
            0.0,
            1.0
          ],
          "overlap_amp": "exp(-(C/2)*(alpha-beta)^2/Lambda_ir)"
        }
      }
    },
    {
      "causal_structure": {
        "note": "Superselection prevents finite operators from connecting sectors; locality hides sector labels."
      },
      "coordinates": {
        "Lambda_ir": 0.03,
        "M_sectors_discretized": 10
      },
      "curvature_invariants": {
        "kretschmann": null,
        "note": "QFT toy; no spacetime curvature.",
        "ricci_scalar": null
      },
      "local_observables": {
        "gram_matrix_metrics": {
          "avg_off_diagonal_overlap": 0.27094161284896917,
          "effective_rank": 9,
          "eig_threshold_used": 0.0035917812477515277,
          "max_eigenvalue": 3.5917812477515274,
          "participation_ratio": 3.941020380994915
        },
        "interpretation": "As Lambda_ir decreases, distinct IR sectors become orthogonal and the effective number of superselection sectors increases (nonseparability/sector explosion proxy).",
        "sector_model": {
          "C": 1.0,
          "alpha_range": [
            0.0,
            1.0
          ],
          "overlap_amp": "exp(-(C/2)*(alpha-beta)^2/Lambda_ir)"
        }
      }
    },
    {
      "causal_structure": {
        "note": "Superselection prevents finite operators from connecting sectors; locality hides sector labels."
      },
      "coordinates": {
        "Lambda_ir": 0.03,
        "M_sectors_discretized": 20
      },
      "curvature_invariants": {
        "kretschmann": null,
        "note": "QFT toy; no spacetime curvature.",
        "ricci_scalar": null
      },
      "local_observables": {
        "gram_matrix_metrics": {
          "avg_off_diagonal_overlap": 0.32496981782955303,
          "effective_rank": 9,
          "eig_threshold_used": 0.007512361530422536,
          "max_eigenvalue": 7.512361530422536,
          "participation_ratio": 3.773674432217867
        },
        "interpretation": "As Lambda_ir decreases, distinct IR sectors become orthogonal and the effective number of superselection sectors increases (nonseparability/sector explosion proxy).",
        "sector_model": {
          "C": 1.0,
          "alpha_range": [
            0.0,
            1.0
          ],
          "overlap_amp": "exp(-(C/2)*(alpha-beta)^2/Lambda_ir)"
        }
      }
    },
    {
      "causal_structure": {
        "note": "Superselection prevents finite operators from connecting sectors; locality hides sector labels."
      },
      "coordinates": {
        "Lambda_ir": 0.03,
        "M_sectors_discretized": 40
      },
      "curvature_invariants": {
        "kretschmann": null,
        "note": "QFT toy; no spacetime curvature.",
        "ricci_scalar": null
      },
      "local_observables": {
        "gram_matrix_metrics": {
          "avg_off_diagonal_overlap": 0.35012668211186376,
          "effective_rank": 8,
          "eig_threshold_used": 0.015351446829032231,
          "max_eigenvalue": 15.35144682903223,
          "participation_ratio": 3.6913275716377383
        },
        "interpretation": "As Lambda_ir decreases, distinct IR sectors become orthogonal and the effective number of superselection sectors increases (nonseparability/sector explosion proxy).",
        "sector_model": {
          "C": 1.0,
          "alpha_range": [
            0.0,
            1.0
          ],
          "overlap_amp": "exp(-(C/2)*(alpha-beta)^2/Lambda_ir)"
        }
      }
    },
    {
      "causal_structure": {
        "note": "Superselection prevents finite operators from connecting sectors; locality hides sector labels."
      },
      "coordinates": {
        "Lambda_ir": 0.03,
        "M_sectors_discretized": 80
      },
      "curvature_invariants": {
        "kretschmann": null,
        "note": "QFT toy; no spacetime curvature.",
        "ricci_scalar": null
      },
      "local_observables": {
        "gram_matrix_metrics": {
          "avg_off_diagonal_overlap": 0.36227890330131535,
          "effective_rank": 51,
          "eig_threshold_used": 0.031013826677757022,
          "max_eigenvalue": 31.01382667775702,
          "participation_ratio": 3.682483396029817
        },
        "interpretation": "As Lambda_ir decreases, distinct IR sectors become orthogonal and the effective number of superselection sectors increases (nonseparability/sector explosion proxy).",
        "sector_model": {
          "C": 1.0,
          "alpha_range": [
            0.0,
            1.0
          ],
          "overlap_amp": "exp(-(C/2)*(alpha-beta)^2/Lambda_ir)"
        }
      }
    },
    {
      "causal_structure": {
        "note": "Superselection prevents finite operators from connecting sectors; locality hides sector labels."
      },
      "coordinates": {
        "Lambda_ir": 0.03,
        "M_sectors_discretized": 120
      },
      "curvature_invariants": {
        "kretschmann": null,
        "note": "QFT toy; no spacetime curvature.",
        "ricci_scalar": null
      },
      "local_observables": {
        "gram_matrix_metrics": {
          "avg_off_diagonal_overlap": 0.3662690641697621,
          "effective_rank": 93,
          "eig_threshold_used": 0.0464021042140926,
          "max_eigenvalue": 46.402104214092596,
          "participation_ratio": 3.9763521796170744
        },
        "interpretation": "As Lambda_ir decreases, distinct IR sectors become orthogonal and the effective number of superselection sectors increases (nonseparability/sector explosion proxy).",
        "sector_model": {
          "C": 1.0,
          "alpha_range": [
            0.0,
            1.0
          ],
          "overlap_amp": "exp(-(C/2)*(alpha-beta)^2/Lambda_ir)"
        }
      }
    },
    {
      "causal_structure": {
        "note": "Superselection prevents finite operators from connecting sectors; locality hides sector labels."
      },
      "coordinates": {
        "Lambda_ir": 0.01,
        "M_sectors_discretized": 10
      },
      "curvature_invariants": {
        "kretschmann": null,
        "note": "QFT toy; no spacetime curvature.",
        "ricci_scalar": null
      },
      "local_observables": {
        "gram_matrix_metrics": {
          "avg_off_diagonal_overlap": 0.12354004671224897,
          "effective_rank": 10,
          "eig_threshold_used": 0.002185802445547103,
          "max_eigenvalue": 2.1858024455471026,
          "participation_ratio": 6.5137375165437845
        },
        "interpretation": "As Lambda_ir decreases, distinct IR sectors become orthogonal and the effective number of superselection sectors increases (nonseparability/sector explosion proxy).",
        "sector_model": {
          "C": 1.0,
          "alpha_range": [
            0.0,
            1.0
          ],
          "overlap_amp": "exp(-(C/2)*(alpha-beta)^2/Lambda_ir)"
        }
      }
    },
    {
      "causal_structure": {
        "note": "Superselection prevents finite operators from connecting sectors; locality hides sector labels."
      },
      "coordinates": {
        "Lambda_ir": 0.01,
        "M_sectors_discretized": 20
      },
      "curvature_invariants": {
        "kretschmann": null,
        "note": "QFT toy; no spacetime curvature.",
        "ricci_scalar": null
      },
      "local_observables": {
        "gram_matrix_metrics": {
          "avg_off_diagonal_overlap": 0.17947613045305627,
          "effective_rank": 14,
          "eig_threshold_used": 0.004595118543534832,
          "max_eigenvalue": 4.5951185435348325,
          "participation_ratio": 6.25832520271246
        },
        "interpretation": "As Lambda_ir decreases, distinct IR sectors become orthogonal and the effective number of superselection sectors increases (nonseparability/sector explosion proxy).",
        "sector_model": {
          "C": 1.0,
          "alpha_range": [
            0.0,
            1.0
          ],
          "overlap_amp": "exp(-(C/2)*(alpha-beta)^2/Lambda_ir)"
        }
      }
    },
    {
      "causal_structure": {
        "note": "Superselection prevents finite operators from connecting sectors; locality hides sector labels."
      },
      "coordinates": {
        "Lambda_ir": 0.01,
        "M_sectors_discretized": 40
      },
      "curvature_invariants": {
        "kretschmann": null,
        "note": "QFT toy; no spacetime curvature.",
        "ricci_scalar": null
      },
      "local_observables": {
        "gram_matrix_metrics": {
          "avg_off_diagonal_overlap": 0.2056289934183435,
          "effective_rank": 21,
          "eig_threshold_used": 0.009413512489992918,
          "max_eigenvalue": 9.413512489992918,
          "participation_ratio": 6.121252943107017
        },
        "interpretation": "As Lambda_ir decreases, distinct IR sectors become orthogonal and the effective number of superselection sectors increases (nonseparability/sector explosion proxy).",
        "sector_model": {
          "C": 1.0,
          "alpha_range": [
            0.0,
            1.0
          ],
          "overlap_amp": "exp(-(C/2)*(alpha-beta)^2/Lambda_ir)"
        }
      }
    },
    {
      "causal_structure": {
        "note": "Superselection prevents finite operators from connecting sectors; locality hides sector labels."
      },
      "coordinates": {
        "Lambda_ir": 0.01,
        "M_sectors_discretized": 80
      },
      "curvature_invariants": {
        "kretschmann": null,
        "note": "QFT toy; no spacetime curvature.",
        "ricci_scalar": null
      },
      "local_observables": {
        "gram_matrix_metrics": {
          "avg_off_diagonal_overlap": 0.21828099209089874,
          "effective_rank": 69,
          "eig_threshold_used": 0.01901827418860748,
          "max_eigenvalue": 19.018274188607478,
          "participation_ratio": 6.141883811521316
        },
        "interpretation": "As Lambda_ir decreases, distinct IR sectors become orthogonal and the effective number of superselection sectors increases (nonseparability/sector explosion proxy).",
        "sector_model": {
          "C": 1.0,
          "alpha_range": [
            0.0,
            1.0
          ],
          "overlap_amp": "exp(-(C/2)*(alpha-beta)^2/Lambda_ir)"
        }
      }
    },
    {
      "causal_structure": {
        "note": "Superselection prevents finite operators from connecting sectors; locality hides sector labels."
      },
      "coordinates": {
        "Lambda_ir": 0.01,
        "M_sectors_discretized": 120
      },
      "curvature_invariants": {
        "kretschmann": null,
        "note": "QFT toy; no spacetime curvature.",
        "ricci_scalar": null
      },
      "local_observables": {
        "gram_matrix_metrics": {
          "avg_off_diagonal_overlap": 0.22243780824484602,
          "effective_rank": 104,
          "eig_threshold_used": 0.028578020661005458,
          "max_eigenvalue": 28.578020661005457,
          "participation_ratio": 6.404134180870785
        },
        "interpretation": "As Lambda_ir decreases, distinct IR sectors become orthogonal and the effective number of superselection sectors increases (nonseparability/sector explosion proxy).",
        "sector_model": {
          "C": 1.0,
          "alpha_range": [
            0.0,
            1.0
          ],
          "overlap_amp": "exp(-(C/2)*(alpha-beta)^2/Lambda_ir)"
        }
      }
    },
    {
      "causal_structure": {
        "note": "Superselection prevents finite operators from connecting sectors; locality hides sector labels."
      },
      "coordinates": {
        "Lambda_ir": 0.003,
        "M_sectors_discretized": 10
      },
      "curvature_invariants": {
        "kretschmann": null,
        "note": "QFT toy; no spacetime curvature.",
        "ricci_scalar": null
      },
      "local_observables": {
        "gram_matrix_metrics": {
          "avg_off_diagonal_overlap": 0.025599073073403162,
          "effective_rank": 10,
          "eig_threshold_used": 0.0012456228111460473,
          "max_eigenvalue": 1.2456228111460472,
          "participation_ratio": 9.714584008829272
        },
        "interpretation": "As Lambda_ir decreases, distinct IR sectors become orthogonal and the effective number of superselection sectors increases (nonseparability/sector explosion proxy).",
        "sector_model": {
          "C": 1.0,
          "alpha_range": [
            0.0,
            1.0
          ],
          "overlap_amp": "exp(-(C/2)*(alpha-beta)^2/Lambda_ir)"
        }
      }
    },
    {
      "causal_structure": {
        "note": "Superselection prevents finite operators from connecting sectors; locality hides sector labels."
      },
      "coordinates": {
        "Lambda_ir": 0.003,
        "M_sectors_discretized": 20
      },
      "curvature_invariants": {
        "kretschmann": null,
        "note": "QFT toy; no spacetime curvature.",
        "ricci_scalar": null
      },
      "local_observables": {
        "gram_matrix_metrics": {
          "avg_off_diagonal_overlap": 0.0794236417996151,
          "effective_rank": 20,
          "eig_threshold_used": 0.0025782683628446552,
          "max_eigenvalue": 2.578268362844655,
          "participation_ratio": 11.111982199720636
        },
        "interpretation": "As Lambda_ir decreases, distinct IR sectors become orthogonal and the effective number of superselection sectors increases (nonseparability/sector explosion proxy).",
        "sector_model": {
          "C": 1.0,
          "alpha_range": [
            0.0,
            1.0
          ],
          "overlap_amp": "exp(-(C/2)*(alpha-beta)^2/Lambda_ir)"
        }
      }
    },
    {
      "causal_structure": {
        "note": "Superselection prevents finite operators from connecting sectors; locality hides sector labels."
      },
      "coordinates": {
        "Lambda_ir": 0.003,
        "M_sectors_discretized": 40
      },
      "curvature_invariants": {
        "kretschmann": null,
        "note": "QFT toy; no spacetime curvature.",
        "ricci_scalar": null
      },
      "local_observables": {
        "gram_matrix_metrics": {
          "avg_off_diagonal_overlap": 0.10591069936690306,
          "effective_rank": 37,
          "eig_threshold_used": 0.005284932079414037,
          "max_eigenvalue": 5.284932079414037,
          "participation_ratio": 10.897115478247226
        },
        "interpretation": "As Lambda_ir decreases, distinct IR sectors become orthogonal and the effective number of superselection sectors increases (nonseparability/sector explosion proxy).",
        "sector_model": {
          "C": 1.0,
          "alpha_range": [
            0.0,
            1.0
          ],
          "overlap_amp": "exp(-(C/2)*(alpha-beta)^2/Lambda_ir)"
        }
      }
    },
    {
      "causal_structure": {
        "note": "Superselection prevents finite operators from connecting sectors; locality hides sector labels."
      },
      "coordinates": {
        "Lambda_ir": 0.003,
        "M_sectors_discretized": 80
      },
      "curvature_invariants": {
        "kretschmann": null,
        "note": "QFT toy; no spacetime curvature.",
        "ricci_scalar": null
      },
      "local_observables": {
        "gram_matrix_metrics": {
          "avg_off_diagonal_overlap": 0.11873689926640198,
          "effective_rank": 78,
          "eig_threshold_used": 0.01066588988631137,
          "max_eigenvalue": 10.66588988631137,
          "participation_ratio": 10.971156784725796
        },
        "interpretation": "As Lambda_ir decreases, distinct IR sectors become orthogonal and the effective number of superselection sectors increases (nonseparability/sector explosion proxy).",
        "sector_model": {
          "C": 1.0,
          "alpha_range": [
            0.0,
            1.0
          ],
          "overlap_amp": "exp(-(C/2)*(alpha-beta)^2/Lambda_ir)"
        }
      }
    },
    {
      "causal_structure": {
        "note": "Superselection prevents finite operators from connecting sectors; locality hides sector labels."
      },
      "coordinates": {
        "Lambda_ir": 0.003,
        "M_sectors_discretized": 120
      },
      "curvature_invariants": {
        "kretschmann": null,
        "note": "QFT toy; no spacetime curvature.",
        "ricci_scalar": null
      },
      "local_observables": {
        "gram_matrix_metrics": {
          "avg_off_diagonal_overlap": 0.1229520086953537,
          "effective_rank": 108,
          "eig_threshold_used": 0.016060188859675417,
          "max_eigenvalue": 16.060188859675417,
          "participation_ratio": 11.18117107219271
        },
        "interpretation": "As Lambda_ir decreases, distinct IR sectors become orthogonal and the effective number of superselection sectors increases (nonseparability/sector explosion proxy).",
        "sector_model": {
          "C": 1.0,
          "alpha_range": [
            0.0,
            1.0
          ],
          "overlap_amp": "exp(-(C/2)*(alpha-beta)^2/Lambda_ir)"
        }
      }
    },
    {
      "causal_structure": {
        "note": "Superselection prevents finite operators from connecting sectors; locality hides sector labels."
      },
      "coordinates": {
        "Lambda_ir": 0.001,
        "M_sectors_discretized": 10
      },
      "curvature_invariants": {
        "kretschmann": null,
        "note": "QFT toy; no spacetime curvature.",
        "ricci_scalar": null
      },
      "local_observables": {
        "gram_matrix_metrics": {
          "avg_off_diagonal_overlap": 0.0004170612724842371,
          "effective_rank": 10,
          "eig_threshold_used": 0.0010040016736052601,
          "max_eigenvalue": 1.0040016736052602,
          "participation_ratio": 9.99992172756667
        },
        "interpretation": "As Lambda_ir decreases, distinct IR sectors become orthogonal and the effective number of superselection sectors increases (nonseparability/sector explosion proxy).",
        "sector_model": {
          "C": 1.0,
          "alpha_range": [
            0.0,
            1.0
          ],
          "overlap_amp": "exp(-(C/2)*(alpha-beta)^2/Lambda_ir)"
        }
      }
    },
    {
      "causal_structure": {
        "note": "Superselection prevents finite operators from connecting sectors; locality hides sector labels."
      },
      "coordinates": {
        "Lambda_ir": 0.001,
        "M_sectors_discretized": 20
      },
      "curvature_invariants": {
        "kretschmann": null,
        "note": "QFT toy; no spacetime curvature.",
        "ricci_scalar": null
      },
      "local_observables": {
        "gram_matrix_metrics": {
          "avg_off_diagonal_overlap": 0.02540361001159939,
          "effective_rank": 20,
          "eig_threshold_used": 0.00150256190258507,
          "max_eigenvalue": 1.5025619025850698,
          "participation_ratio": 17.871892872667857
        },
        "interpretation": "As Lambda_ir decreases, distinct IR sectors become orthogonal and the effective number of superselection sectors increases (nonseparability/sector explosion proxy).",
        "sector_model": {
          "C": 1.0,
          "alpha_range": [
            0.0,
            1.0
          ],
          "overlap_amp": "exp(-(C/2)*(alpha-beta)^2/Lambda_ir)"
        }
      }
    },
    {
      "causal_structure": {
        "note": "Superselection prevents finite operators from connecting sectors; locality hides sector labels."
      },
      "coordinates": {
        "Lambda_ir": 0.001,
        "M_sectors_discretized": 40
      },
      "curvature_invariants": {
        "kretschmann": null,
        "note": "QFT toy; no spacetime curvature.",
        "ricci_scalar": null
      },
      "local_observables": {
        "gram_matrix_metrics": {
          "avg_off_diagonal_overlap": 0.05178618236320164,
          "effective_rank": 40,
          "eig_threshold_used": 0.0030658023734424487,
          "max_eigenvalue": 3.0658023734424487,
          "participation_ratio": 18.645050792528348
        },
        "interpretation": "As Lambda_ir decreases, distinct IR sectors become orthogonal and the effective number of superselection sectors increases (nonseparability/sector explosion proxy).",
        "sector_model": {
          "C": 1.0,
          "alpha_range": [
            0.0,
            1.0
          ],
          "overlap_amp": "exp(-(C/2)*(alpha-beta)^2/Lambda_ir)"
        }
      }
    },
    {
      "causal_structure": {
        "note": "Superselection prevents finite operators from connecting sectors; locality hides sector labels."
      },
      "coordinates": {
        "Lambda_ir": 0.001,
        "M_sectors_discretized": 80
      },
      "curvature_invariants": {
        "kretschmann": null,
        "note": "QFT toy; no spacetime curvature.",
        "ricci_scalar": null
      },
      "local_observables": {
        "gram_matrix_metrics": {
          "avg_off_diagonal_overlap": 0.06465990483413275,
          "effective_rank": 80,
          "eig_threshold_used": 0.006116391111237541,
          "max_eigenvalue": 6.116391111237541,
          "participation_ratio": 18.800197002214254
        },
        "interpretation": "As Lambda_ir decreases, distinct IR sectors become orthogonal and the effective number of superselection sectors increases (nonseparability/sector explosion proxy).",
        "sector_model": {
          "C": 1.0,
          "alpha_range": [
            0.0,
            1.0
          ],
          "overlap_amp": "exp(-(C/2)*(alpha-beta)^2/Lambda_ir)"
        }
      }
    },
    {
      "causal_structure": {
        "note": "Superselection prevents finite operators from connecting sectors; locality hides sector labels."
      },
      "coordinates": {
        "Lambda_ir": 0.001,
        "M_sectors_discretized": 120
      },
      "curvature_invariants": {
        "kretschmann": null,
        "note": "QFT toy; no spacetime curvature.",
        "ricci_scalar": null
      },
      "local_observables": {
        "gram_matrix_metrics": {
          "avg_off_diagonal_overlap": 0.06889156416966798,
          "effective_rank": 119,
          "eig_threshold_used": 0.009085329386521304,
          "max_eigenvalue": 9.085329386521304,
          "participation_ratio": 19.263176595435997
        },
        "interpretation": "As Lambda_ir decreases, distinct IR sectors become orthogonal and the effective number of superselection sectors increases (nonseparability/sector explosion proxy).",
        "sector_model": {
          "C": 1.0,
          "alpha_range": [
            0.0,
            1.0
          ],
          "overlap_amp": "exp(-(C/2)*(alpha-beta)^2/Lambda_ir)"
        }
      }
    },
    {
      "causal_structure": {
        "note": "Superselection prevents finite operators from connecting sectors; locality hides sector labels."
      },
      "coordinates": {
        "Lambda_ir": 0.0003,
        "M_sectors_discretized": 10
      },
      "curvature_invariants": {
        "kretschmann": null,
        "note": "QFT toy; no spacetime curvature.",
        "ricci_scalar": null
      },
      "local_observables": {
        "gram_matrix_metrics": {
          "avg_off_diagonal_overlap": 2.317018732588181e-10,
          "effective_rank": 10,
          "eig_threshold_used": 0.0010000000022231635,
          "max_eigenvalue": 1.0000000022231634,
          "participation_ratio": 10.0
        },
        "interpretation": "As Lambda_ir decreases, distinct IR sectors become orthogonal and the effective number of superselection sectors increases (nonseparability/sector explosion proxy).",
        "sector_model": {
          "C": 1.0,
          "alpha_range": [
            0.0,
            1.0
          ],
          "overlap_amp": "exp(-(C/2)*(alpha-beta)^2/Lambda_ir)"
        }
      }
    },
    {
      "causal_structure": {
        "note": "Superselection prevents finite operators from connecting sectors; locality hides sector labels."
      },
      "coordinates": {
        "Lambda_ir": 0.0003,
        "M_sectors_discretized": 20
      },
      "curvature_invariants": {
        "kretschmann": null,
        "note": "QFT toy; no spacetime curvature.",
        "ricci_scalar": null
      },
      "local_observables": {
        "gram_matrix_metrics": {
          "avg_off_diagonal_overlap": 0.0009884333441421255,
          "effective_rank": 20,
          "eig_threshold_used": 0.0010195478611156256,
          "max_eigenvalue": 1.0195478611156257,
          "participation_ratio": 19.99628809466319
        },
        "interpretation": "As Lambda_ir decreases, distinct IR sectors become orthogonal and the effective number of superselection sectors increases (nonseparability/sector explosion proxy).",
        "sector_model": {
          "C": 1.0,
          "alpha_range": [
            0.0,
            1.0
          ],
          "overlap_amp": "exp(-(C/2)*(alpha-beta)^2/Lambda_ir)"
        }
      }
    },
    {
      "causal_structure": {
        "note": "Superselection prevents finite operators from connecting sectors; locality hides sector labels."
      },
      "coordinates": {
        "Lambda_ir": 0.0003,
        "M_sectors_discretized": 40
      },
      "curvature_invariants": {
        "kretschmann": null,
        "note": "QFT toy; no spacetime curvature.",
        "ricci_scalar": null
      },
      "local_observables": {
        "gram_matrix_metrics": {
          "avg_off_diagonal_overlap": 0.017324906054303733,
          "effective_rank": 40,
          "eig_threshold_used": 0.0016817448241543663,
          "max_eigenvalue": 1.6817448241543662,
          "participation_ratio": 32.881312393130905
        },
        "interpretation": "As Lambda_ir decreases, distinct IR sectors become orthogonal and the effective number of superselection sectors increases (nonseparability/sector explosion proxy).",
        "sector_model": {
          "C": 1.0,
          "alpha_range": [
            0.0,
            1.0
          ],
          "overlap_amp": "exp(-(C/2)*(alpha-beta)^2/Lambda_ir)"
        }
      }
    },
    {
      "causal_structure": {
        "note": "Superselection prevents finite operators from connecting sectors; locality hides sector labels."
      },
      "coordinates": {
        "Lambda_ir": 0.0003,
        "M_sectors_discretized": 80
      },
      "curvature_invariants": {
        "kretschmann": null,
        "note": "QFT toy; no spacetime curvature.",
        "ricci_scalar": null
      },
      "local_observables": {
        "gram_matrix_metrics": {
          "avg_off_diagonal_overlap": 0.030192472546914744,
          "effective_rank": 80,
          "eig_threshold_used": 0.0033674078336313235,
          "max_eigenvalue": 3.3674078336313236,
          "participation_ratio": 33.96596935652839
        },
        "interpretation": "As Lambda_ir decreases, distinct IR sectors become orthogonal and the effective number of superselection sectors increases (nonseparability/sector explosion proxy).",
        "sector_model": {
          "C": 1.0,
          "alpha_range": [
            0.0,
            1.0
          ],
          "overlap_amp": "exp(-(C/2)*(alpha-beta)^2/Lambda_ir)"
        }
      }
    },
    {
      "causal_structure": {
        "note": "Superselection prevents finite operators from connecting sectors; locality hides sector labels."
      },
      "coordinates": {
        "Lambda_ir": 0.0003,
        "M_sectors_discretized": 120
      },
      "curvature_invariants": {
        "kretschmann": null,
        "note": "QFT toy; no spacetime curvature.",
        "ricci_scalar": null
      },
      "local_observables": {
        "gram_matrix_metrics": {
          "avg_off_diagonal_overlap": 0.03442952664587381,
          "effective_rank": 120,
          "eig_threshold_used": 0.004954649211263209,
          "max_eigenvalue": 4.9546492112632095,
          "participation_ratio": 34.99927404459632
        },
        "interpretation": "As Lambda_ir decreases, distinct IR sectors become orthogonal and the effective number of superselection sectors increases (nonseparability/sector explosion proxy).",
        "sector_model": {
          "C": 1.0,
          "alpha_range": [
            0.0,
            1.0
          ],
          "overlap_amp": "exp(-(C/2)*(alpha-beta)^2/Lambda_ir)"
        }
      }
    },
    {
      "causal_structure": {
        "note": "Superselection prevents finite operators from connecting sectors; locality hides sector labels."
      },
      "coordinates": {
        "Lambda_ir": 0.0001,
        "M_sectors_discretized": 10
      },
      "curvature_invariants": {
        "kretschmann": null,
        "note": "QFT toy; no spacetime curvature.",
        "ricci_scalar": null
      },
      "local_observables": {
        "gram_matrix_metrics": {
          "avg_off_diagonal_overlap": 3.1097726781300034e-28,
          "effective_rank": 10,
          "eig_threshold_used": 0.001,
          "max_eigenvalue": 1.0,
          "participation_ratio": 9.999999999999998
        },
        "interpretation": "As Lambda_ir decreases, distinct IR sectors become orthogonal and the effective number of superselection sectors increases (nonseparability/sector explosion proxy).",
        "sector_model": {
          "C": 1.0,
          "alpha_range": [
            0.0,
            1.0
          ],
          "overlap_amp": "exp(-(C/2)*(alpha-beta)^2/Lambda_ir)"
        }
      }
    },
    {
      "causal_structure": {
        "note": "Superselection prevents finite operators from connecting sectors; locality hides sector labels."
      },
      "coordinates": {
        "Lambda_ir": 0.0001,
        "M_sectors_discretized": 20
      },
      "curvature_invariants": {
        "kretschmann": null,
        "note": "QFT toy; no spacetime curvature.",
        "ricci_scalar": null
      },
      "local_observables": {
        "gram_matrix_metrics": {
          "avg_off_diagonal_overlap": 9.656971970677035e-08,
          "effective_rank": 20,
          "eig_threshold_used": 0.0010000019098221336,
          "max_eigenvalue": 1.0000019098221336,
          "participation_ratio": 19.99999999996456
        },
        "interpretation": "As Lambda_ir decreases, distinct IR sectors become orthogonal and the effective number of superselection sectors increases (nonseparability/sector explosion proxy).",
        "sector_model": {
          "C": 1.0,
          "alpha_range": [
            0.0,
            1.0
          ],
          "overlap_amp": "exp(-(C/2)*(alpha-beta)^2/Lambda_ir)"
        }
      }
    },
    {
      "causal_structure": {
        "note": "Superselection prevents finite operators from connecting sectors; locality hides sector labels."
      },
      "coordinates": {
        "Lambda_ir": 0.0001,
        "M_sectors_discretized": 40
      },
      "curvature_invariants": {
        "kretschmann": null,
        "note": "QFT toy; no spacetime curvature.",
        "ricci_scalar": null
      },
      "local_observables": {
        "gram_matrix_metrics": {
          "avg_off_diagonal_overlap": 0.0018678028799365219,
          "effective_rank": 40,
          "eig_threshold_used": 0.001073300346851368,
          "max_eigenvalue": 1.073300346851368,
          "participation_ratio": 39.89226673762543
        },
        "interpretation": "As Lambda_ir decreases, distinct IR sectors become orthogonal and the effective number of superselection sectors increases (nonseparability/sector explosion proxy).",
        "sector_model": {
          "C": 1.0,
          "alpha_range": [
            0.0,
            1.0
          ],
          "overlap_amp": "exp(-(C/2)*(alpha-beta)^2/Lambda_ir)"
        }
      }
    },
    {
      "causal_structure": {
        "note": "Superselection prevents finite operators from connecting sectors; locality hides sector labels."
      },
      "coordinates": {
        "Lambda_ir": 0.0001,
        "M_sectors_discretized": 80
      },
      "curvature_invariants": {
        "kretschmann": null,
        "note": "QFT toy; no spacetime curvature.",
        "ricci_scalar": null
      },
      "local_observables": {
        "gram_matrix_metrics": {
          "avg_off_diagonal_overlap": 0.012239864996184787,
          "effective_rank": 80,
          "eig_threshold_used": 0.0019374569477492512,
          "max_eigenvalue": 1.9374569477492511,
          "participation_ratio": 57.75306988459226
        },
        "interpretation": "As Lambda_ir decreases, distinct IR sectors become orthogonal and the effective number of superselection sectors increases (nonseparability/sector explosion proxy).",
        "sector_model": {
          "C": 1.0,
          "alpha_range": [
            0.0,
            1.0
          ],
          "overlap_amp": "exp(-(C/2)*(alpha-beta)^2/Lambda_ir)"
        }
      }
    },
    {
      "causal_structure": {
        "note": "Superselection prevents finite operators from connecting sectors; locality hides sector labels."
      },
      "coordinates": {
        "Lambda_ir": 0.0001,
        "M_sectors_discretized": 120
      },
      "curvature_invariants": {
        "kretschmann": null,
        "note": "QFT toy; no spacetime curvature.",
        "ricci_scalar": null
      },
      "local_observables": {
        "gram_matrix_metrics": {
          "avg_off_diagonal_overlap": 0.01647671128889687,
          "effective_rank": 120,
          "eig_threshold_used": 0.0028763143640102955,
          "max_eigenvalue": 2.8763143640102955,
          "participation_ratio": 59.68482529107444
        },
        "interpretation": "As Lambda_ir decreases, distinct IR sectors become orthogonal and the effective number of superselection sectors increases (nonseparability/sector explosion proxy).",
        "sector_model": {
          "C": 1.0,
          "alpha_range": [
            0.0,
            1.0
          ],
          "overlap_amp": "exp(-(C/2)*(alpha-beta)^2/Lambda_ir)"
        }
      }
    }
  ],
  "spacetime": "Asymptotic IR structure (no local probe)",
  "theory": "Quantum Field Theory (toy): IR superselection / nonseparable sector structure proxy",
  "toy_id": "070",
  "units": {
    "G": 1,
    "c": 1
  }
}