{
  "notes": {
    "pressure_point": "Local stress-energy operators do not exist as sharp observables. Energy density depends on smearing scale and diverges as localization is sharpened."
  },
  "observables": {
    "summary": {
      "max_energy_density": 2.8209479177387813,
      "min_smearing": 0.2
    }
  },
  "parameters": {
    "omega": 1.0,
    "smearing_widths": [
      0.2,
      0.5,
      1.0,
      2.0
    ]
  },
  "sample_points": [
    {
      "causal_structure": {
        "note": "Energy density defined only after smearing"
      },
      "coordinates": {
        "smearing_width": 0.2
      },
      "curvature_invariants": {
        "analogy": null
      },
      "local_observables": {
        "smeared_energy_density": 2.8209479177387813
      }
    },
    {
      "causal_structure": {
        "note": "Energy density defined only after smearing"
      },
      "coordinates": {
        "smearing_width": 0.5
      },
      "curvature_invariants": {
        "analogy": null
      },
      "local_observables": {
        "smeared_energy_density": 1.1283791670955126
      }
    },
    {
      "causal_structure": {
        "note": "Energy density defined only after smearing"
      },
      "coordinates": {
        "smearing_width": 1.0
      },
      "curvature_invariants": {
        "analogy": null
      },
      "local_observables": {
        "smeared_energy_density": 0.5641895835477563
      }
    },
    {
      "causal_structure": {
        "note": "Energy density defined only after smearing"
      },
      "coordinates": {
        "smearing_width": 2.0
      },
      "curvature_invariants": {
        "analogy": null
      },
      "local_observables": {
        "smeared_energy_density": 0.28209479177387814
      }
    }
  ],
  "spacetime": "1+1D free scalar (single-mode)",
  "theory": "Quantum Field Theory (localization failure proxy)",
  "toy_id": "046",
  "units": {
    "c": 1,
    "hbar": 1
  }
}