{
  "notes": {
    "pressure_point": "Perturbation theory can be asymptotic: beyond an optimal truncation, adding more terms reduces accuracy. Borel resummation introduces nonperturbative ambiguities when singularities lie on the contour (renormalon proxy)."
  },
  "observables": {
    "summary": {
      "average_optimal_truncation_n_star_over_grid": 8.714285714285714,
      "max_abs_error_at_optimal_truncation_over_grid": 0.03073332695201758
    }
  },
  "parameters": {
    "Nmax": 80,
    "borel_integration": {
      "n_int": 20000,
      "pv_excision_eps": 0.001,
      "t_max": 200.0
    },
    "g_samples": [
      0.05,
      0.08,
      0.1,
      0.12,
      0.15,
      0.2,
      0.25
    ]
  },
  "sample_points": [
    {
      "causal_structure": {
        "note": "Failure is predictive (asymptotic series) not causal."
      },
      "coordinates": {
        "Nmax": 80,
        "g_coupling": 0.05
      },
      "curvature_invariants": {
        "kretschmann": null,
        "note": "QFT toy; no spacetime curvature.",
        "ricci_scalar": null
      },
      "local_observables": {
        "asymptotic_series": {
          "coefficients": "a_n = n!",
          "min_term_magnitude_at_n_star": 2.3201961595312526e-08,
          "optimal_truncation_n_star": 19,
          "partial_sum_N0": 1.0,
          "partial_sum_Nmax": 790479719808835.0,
          "partial_sum_Nstar": 1.0559559132924188
        },
        "borel_resummation": {
          "PV_borel_sum_real": 1.0559559055539411,
          "ambiguity_magnitude_proxy": 1.2950610156345925e-07,
          "note": "For g>0 the Borel transform has a pole on the integration contour (t=1/g). PV defines a real value but leaves a nonperturbative ambiguity ~ \u00b1i*ambiguity."
        },
        "errors_vs_PV": {
          "error_N0_minus_PV": -0.05595590555394114,
          "error_Nmax_minus_PV": 790479719808834.0,
          "error_Nstar_minus_PV": 7.73847763646529e-09
        }
      }
    },
    {
      "causal_structure": {
        "note": "Failure is predictive (asymptotic series) not causal."
      },
      "coordinates": {
        "Nmax": 80,
        "g_coupling": 0.08
      },
      "curvature_invariants": {
        "kretschmann": null,
        "note": "QFT toy; no spacetime curvature.",
        "ricci_scalar": null
      },
      "local_observables": {
        "asymptotic_series": {
          "coefficients": "a_n = n!",
          "min_term_magnitude_at_n_star": 3.2916739307706784e-05,
          "optimal_truncation_n_star": 12,
          "partial_sum_N0": 1.0,
          "partial_sum_Nmax": 1.4993514954805257e+31,
          "partial_sum_Nstar": 1.0977652157575777
        },
        "borel_resummation": {
          "PV_borel_sum_real": 1.0977376508335568,
          "ambiguity_magnitude_proxy": 0.00014634532784849313,
          "note": "For g>0 the Borel transform has a pole on the integration contour (t=1/g). PV defines a real value but leaves a nonperturbative ambiguity ~ \u00b1i*ambiguity."
        },
        "errors_vs_PV": {
          "error_N0_minus_PV": -0.09773765083355679,
          "error_Nmax_minus_PV": 1.4993514954805257e+31,
          "error_Nstar_minus_PV": 2.7564924020895276e-05
        }
      }
    },
    {
      "causal_structure": {
        "note": "Failure is predictive (asymptotic series) not causal."
      },
      "coordinates": {
        "Nmax": 80,
        "g_coupling": 0.1
      },
      "curvature_invariants": {
        "kretschmann": null,
        "note": "QFT toy; no spacetime curvature.",
        "ricci_scalar": null
      },
      "local_observables": {
        "asymptotic_series": {
          "coefficients": "a_n = n!",
          "min_term_magnitude_at_n_star": 0.00036288000000000016,
          "optimal_truncation_n_star": 9,
          "partial_sum_N0": 1.0,
          "partial_sum_Nmax": 8.181496885142394e+38,
          "partial_sum_Nstar": 1.1315900800000003
        },
        "borel_resummation": {
          "PV_borel_sum_real": 1.1314691893000377,
          "ambiguity_magnitude_proxy": 0.00142628085815315,
          "note": "For g>0 the Borel transform has a pole on the integration contour (t=1/g). PV defines a real value but leaves a nonperturbative ambiguity ~ \u00b1i*ambiguity."
        },
        "errors_vs_PV": {
          "error_N0_minus_PV": -0.1314691893000377,
          "error_Nmax_minus_PV": 8.181496885142394e+38,
          "error_Nstar_minus_PV": 0.00012089069996257251
        }
      }
    },
    {
      "causal_structure": {
        "note": "Failure is predictive (asymptotic series) not causal."
      },
      "coordinates": {
        "Nmax": 80,
        "g_coupling": 0.12
      },
      "curvature_invariants": {
        "kretschmann": null,
        "note": "QFT toy; no spacetime curvature.",
        "ricci_scalar": null
      },
      "local_observables": {
        "asymptotic_series": {
          "coefficients": "a_n = n!",
          "min_term_magnitude_at_n_star": 0.0017336861982719994,
          "optimal_truncation_n_star": 8,
          "partial_sum_N0": 1.0,
          "partial_sum_Nmax": 1.7261359526406155e+45,
          "partial_sum_Nstar": 1.1728201418014719
        },
        "borel_resummation": {
          "PV_borel_sum_real": 1.1710736130235688,
          "ambiguity_magnitude_proxy": 0.006292858177223087,
          "note": "For g>0 the Borel transform has a pole on the integration contour (t=1/g). PV defines a real value but leaves a nonperturbative ambiguity ~ \u00b1i*ambiguity."
        },
        "errors_vs_PV": {
          "error_N0_minus_PV": -0.17107361302356883,
          "error_Nmax_minus_PV": 1.7261359526406155e+45,
          "error_Nstar_minus_PV": 0.0017465287779030447
        }
      }
    },
    {
      "causal_structure": {
        "note": "Failure is predictive (asymptotic series) not causal."
      },
      "coordinates": {
        "Nmax": 80,
        "g_coupling": 0.15
      },
      "curvature_invariants": {
        "kretschmann": null,
        "note": "QFT toy; no spacetime curvature.",
        "ricci_scalar": null
      },
      "local_observables": {
        "asymptotic_series": {
          "coefficients": "a_n = n!",
          "min_term_magnitude_at_n_star": 0.008201249999999998,
          "optimal_truncation_n_star": 6,
          "partial_sum_N0": 1.0,
          "partial_sum_Nmax": 9.546906444410332e+52,
          "partial_sum_Nstar": 1.24471375
        },
        "borel_resummation": {
          "PV_borel_sum_real": 1.2392533299925896,
          "ambiguity_magnitude_proxy": 0.026653980006661287,
          "note": "For g>0 the Borel transform has a pole on the integration contour (t=1/g). PV defines a real value but leaves a nonperturbative ambiguity ~ \u00b1i*ambiguity."
        },
        "errors_vs_PV": {
          "error_N0_minus_PV": -0.23925332999258964,
          "error_Nmax_minus_PV": 9.546906444410332e+52,
          "error_Nstar_minus_PV": 0.005460420007410427
        }
      }
    },
    {
      "causal_structure": {
        "note": "Failure is predictive (asymptotic series) not causal."
      },
      "coordinates": {
        "Nmax": 80,
        "g_coupling": 0.2
      },
      "curvature_invariants": {
        "kretschmann": null,
        "note": "QFT toy; no spacetime curvature.",
        "ricci_scalar": null
      },
      "local_observables": {
        "asymptotic_series": {
          "coefficients": "a_n = n!",
          "min_term_magnitude_at_n_star": 0.038400000000000004,
          "optimal_truncation_n_star": 4,
          "partial_sum_N0": 1.0,
          "partial_sum_Nmax": 9.229551971514475e+62,
          "partial_sum_Nstar": 1.3664
        },
        "borel_resummation": {
          "PV_borel_sum_real": 1.3537474927504591,
          "ambiguity_magnitude_proxy": 0.10583942396302147,
          "note": "For g>0 the Borel transform has a pole on the integration contour (t=1/g). PV defines a real value but leaves a nonperturbative ambiguity ~ \u00b1i*ambiguity."
        },
        "errors_vs_PV": {
          "error_N0_minus_PV": -0.35374749275045914,
          "error_Nmax_minus_PV": 9.229551971514475e+62,
          "error_Nstar_minus_PV": 0.012652507249540923
        }
      }
    },
    {
      "causal_structure": {
        "note": "Failure is predictive (asymptotic series) not causal."
      },
      "coordinates": {
        "Nmax": 80,
        "g_coupling": 0.25
      },
      "curvature_invariants": {
        "kretschmann": null,
        "note": "QFT toy; no spacetime curvature.",
        "ricci_scalar": null
      },
      "local_observables": {
        "asymptotic_series": {
          "coefficients": "a_n = n!",
          "min_term_magnitude_at_n_star": 0.09375,
          "optimal_truncation_n_star": 3,
          "partial_sum_N0": 1.0,
          "partial_sum_Nmax": 5.1548980661088236e+70,
          "partial_sum_Nstar": 1.46875
        },
        "borel_resummation": {
          "PV_borel_sum_real": 1.4380166730479824,
          "ambiguity_magnitude_proxy": 0.23016110631460326,
          "note": "For g>0 the Borel transform has a pole on the integration contour (t=1/g). PV defines a real value but leaves a nonperturbative ambiguity ~ \u00b1i*ambiguity."
        },
        "errors_vs_PV": {
          "error_N0_minus_PV": -0.4380166730479824,
          "error_Nmax_minus_PV": 5.1548980661088236e+70,
          "error_Nstar_minus_PV": 0.03073332695201758
        }
      }
    }
  ],
  "spacetime": "N/A",
  "theory": "Quantum Field Theory (toy): asymptotic perturbation series & renormalon ambiguity proxy",
  "toy_id": "064",
  "units": {
    "G": 1,
    "c": 1
  }
}