{
  "notes": {
    "assumptions": [
      "Free real scalar field",
      "Two states constructed to agree on local correlators",
      "Global diagnostics evaluated with regulator"
    ],
    "pressure_point": "Local operator data does not uniquely determine the global quantum state. Distinct global states can be locally indistinguishable."
  },
  "observables": {
    "failure_flags": {
      "global_state_reconstruction": false,
      "local_completeness": false
    },
    "regime_classification": {
      "finite_region": "underdetermined",
      "global_access": "state_distinguishable"
    }
  },
  "parameters": {
    "cutoff_Lambda": 25.0,
    "region_size": 2.0,
    "squeeze_r": 0.7,
    "temperature": 1.0
  },
  "sample_points": [
    {
      "causal_structure": {
        "locally_indistinguishable": true
      },
      "coordinates": {
        "region_size": 2.0,
        "state": "thermal"
      },
      "curvature_invariants": {
        "local_correlator_value": 1.0
      },
      "local_observables": {
        "global_energy_proxy": 0.5236044286266821
      }
    },
    {
      "causal_structure": {
        "locally_indistinguishable": true
      },
      "coordinates": {
        "region_size": 2.0,
        "state": "squeezed"
      },
      "curvature_invariants": {
        "local_correlator_value": 1.0
      },
      "local_observables": {
        "global_energy_proxy": 57.286786471251126
      }
    }
  ],
  "spacetime": "Flat Minkowski (1+1D)",
  "theory": "Quantum Field Theory",
  "toy_id": "019",
  "units": {
    "c": 1,
    "hbar": 1
  }
}