{
  "notes": {
    "pressure_point": "Gauge fixing choices can contaminate observables unless gauge invariance is enforced explicitly."
  },
  "observables": {
    "summary": {
      "gauge_dependence_gap": 0.8300328570997588
    }
  },
  "parameters": {},
  "sample_points": [
    {
      "causal_structure": {
        "note": "Observable is gauge-dependent"
      },
      "coordinates": {
        "gauge": "comparison"
      },
      "curvature_invariants": {
        "analogy": null
      },
      "local_observables": {
        "difference": 0.8300328570997588,
        "expectation_gauge_A": 1.0,
        "expectation_gauge_B": 0.16996714290024112
      }
    }
  ],
  "spacetime": "Two-level constrained system",
  "theory": "Quantum Field Theory (gauge dependence proxy)",
  "toy_id": "056",
  "units": {
    "hbar": 1
  }
}