{
  "notes": {
    "assumptions": [
      "Chiral current with classical conservation",
      "Regulator required for quantum calculation"
    ],
    "pressure_point": "Classical symmetries can be broken by quantization. The anomaly survives regulator removal as a finite, invariant remnant."
  },
  "observables": {
    "failure_flags": {
      "classical_symmetry_quantum_exact": false,
      "limit_commutativity": false
    },
    "regime_classification": {
      "finite_regulator": "symmetry_softly_broken",
      "regulator_removed": "anomalous_conservation"
    }
  },
  "parameters": {
    "coupling": 1.0,
    "regulators": [
      5.0,
      10.0,
      20.0,
      40.0
    ]
  },
  "sample_points": [
    {
      "causal_structure": {
        "classical_symmetry_preserved": false
      },
      "coordinates": {
        "regulator_cutoff_Lambda": 5.0
      },
      "curvature_invariants": {
        "classical_divergence": 0.0
      },
      "local_observables": {
        "anomaly_coefficient_invariant": 0.3183098861837907,
        "regulated_quantum_divergence": 0.31616513104139937
      }
    },
    {
      "causal_structure": {
        "classical_symmetry_preserved": false
      },
      "coordinates": {
        "regulator_cutoff_Lambda": 10.0
      },
      "curvature_invariants": {
        "classical_divergence": 0.0
      },
      "local_observables": {
        "anomaly_coefficient_invariant": 0.3183098861837907,
        "regulated_quantum_divergence": 0.3182954349373152
      }
    },
    {
      "causal_structure": {
        "classical_symmetry_preserved": false
      },
      "coordinates": {
        "regulator_cutoff_Lambda": 20.0
      },
      "curvature_invariants": {
        "classical_divergence": 0.0
      },
      "local_observables": {
        "anomaly_coefficient_invariant": 0.3183098861837907,
        "regulated_quantum_divergence": 0.3183098855277051
      }
    },
    {
      "causal_structure": {
        "classical_symmetry_preserved": false
      },
      "coordinates": {
        "regulator_cutoff_Lambda": 40.0
      },
      "curvature_invariants": {
        "classical_divergence": 0.0
      },
      "local_observables": {
        "anomaly_coefficient_invariant": 0.3183098861837907,
        "regulated_quantum_divergence": 0.3183098861837907
      }
    }
  ],
  "spacetime": "Flat Minkowski (1+1D)",
  "theory": "Quantum Field Theory",
  "toy_id": "032",
  "units": {
    "c": 1,
    "hbar": 1
  }
}