{
  "notes": {
    "assumptions": [
      "Free real scalar field",
      "Gaussian time smearing",
      "Energy density treated as operator-valued distribution"
    ],
    "pressure_point": "Classical energy conditions fail in QFT. Negative energy exists but is constrained by quantum inequalities."
  },
  "observables": {
    "failure_flags": {
      "arbitrary_negative_energy_forbidden": true,
      "classical_energy_condition_violated": true,
      "locality_requires_smearing": true
    },
    "regime_classification": {
      "pointlike_measurement": "ill_defined",
      "smeared_measurement": "bounded_negative_energy"
    }
  },
  "parameters": {
    "mass": 1.0,
    "negative_pulse_strength": 1.0,
    "smearing_times": [
      0.2,
      0.5,
      1.0,
      2.0
    ]
  },
  "sample_points": [
    {
      "causal_structure": {
        "local_negative_energy": true,
        "qi_respected": true
      },
      "coordinates": {
        "smearing_time_tau": 0.2
      },
      "curvature_invariants": {
        "energy_condition": "classical_violation"
      },
      "local_observables": {
        "averaged_energy_density": -1.0,
        "instantaneous_energy_density": -1.0
      }
    },
    {
      "causal_structure": {
        "local_negative_energy": true,
        "qi_respected": true
      },
      "coordinates": {
        "smearing_time_tau": 0.5
      },
      "curvature_invariants": {
        "energy_condition": "classical_violation"
      },
      "local_observables": {
        "averaged_energy_density": -1.0,
        "instantaneous_energy_density": -1.0
      }
    },
    {
      "causal_structure": {
        "local_negative_energy": true,
        "qi_respected": true
      },
      "coordinates": {
        "smearing_time_tau": 1.0
      },
      "curvature_invariants": {
        "energy_condition": "classical_violation"
      },
      "local_observables": {
        "averaged_energy_density": -0.25,
        "instantaneous_energy_density": -1.0
      }
    },
    {
      "causal_structure": {
        "local_negative_energy": true,
        "qi_respected": true
      },
      "coordinates": {
        "smearing_time_tau": 2.0
      },
      "curvature_invariants": {
        "energy_condition": "classical_violation"
      },
      "local_observables": {
        "averaged_energy_density": -0.0625,
        "instantaneous_energy_density": -1.0
      }
    }
  ],
  "spacetime": "Flat Minkowski (1+1D)",
  "theory": "Quantum Field Theory",
  "toy_id": "017",
  "units": {
    "c": 1,
    "hbar": 1
  }
}