{
  "notes": {
    "key_formulas": {
      "Delta(n,t)": "\u0394(n,t)=(1/N) \u03a3_k [sin(\u03c9_k t)/\u03c9_k] cos(2\u03c0 k n / N)",
      "omega_k": "\u03c9_k = sqrt(m^2 + (2/a)^2 sin^2(\u03c0 k / N))"
    },
    "pressure_point": "UV regulation via lattice spacing breaks Lorentz invariance and deforms causal structure. Microcausality becomes approximate, with dispersive leakage outside the continuum cone."
  },
  "observables": {
    "summary": {
      "max_leakage_fraction_over_t_samples": 0.03187349848174579
    }
  },
  "parameters": {
    "N": 256,
    "a": 0.25,
    "m": 1.0,
    "n_max_window": 80,
    "t_samples": [
      0.0,
      0.25,
      0.5,
      0.75,
      1.0,
      1.5,
      2.0,
      3.0
    ]
  },
  "sample_points": [
    {
      "causal_structure": {
        "microcausality_exact": false,
        "note": "Leakage fraction quantifies regulator-induced microcausality violation (proxy)."
      },
      "coordinates": {
        "a_lattice_spacing": 0.25,
        "n_max": 80,
        "t": 0.0
      },
      "curvature_invariants": {
        "kretschmann": null,
        "note": "QFT toy; no spacetime curvature.",
        "ricci_scalar": null
      },
      "local_observables": {
        "commutator_kernel": {
          "Delta_n0_t": 0.0,
          "Delta_nmax_t": 0.0,
          "interpretation": "In continuum relativistic QFT, commutator support is confined to the light cone. On a lattice, dispersion produces leakage outside the continuum cone.",
          "metrics": {
            "cone_definition": "|x| > t with x = n*a, c=1",
            "leakage_fraction_outside_cone": null,
            "max_abs_delta_outside_cone": 0.0,
            "n_max": 80,
            "sum_abs_delta_all": 0.0,
            "sum_abs_delta_outside_cone": 0.0
          }
        },
        "model": {
          "N_sites": 256,
          "a": 0.25,
          "mass_m": 1.0,
          "type": "free_scalar_1d_lattice"
        }
      }
    },
    {
      "causal_structure": {
        "microcausality_exact": false,
        "note": "Leakage fraction quantifies regulator-induced microcausality violation (proxy)."
      },
      "coordinates": {
        "a_lattice_spacing": 0.25,
        "n_max": 80,
        "t": 0.25
      },
      "curvature_invariants": {
        "kretschmann": null,
        "note": "QFT toy; no spacetime curvature.",
        "ricci_scalar": null
      },
      "local_observables": {
        "commutator_kernel": {
          "Delta_n0_t": 0.17609251787642458,
          "Delta_nmax_t": -4.954803928258755e-17,
          "interpretation": "In continuum relativistic QFT, commutator support is confined to the light cone. On a lattice, dispersion produces leakage outside the continuum cone.",
          "metrics": {
            "cone_definition": "|x| > t with x = n*a, c=1",
            "leakage_fraction_outside_cone": 0.014880987637266505,
            "max_abs_delta_outside_cone": 0.0017959668393318562,
            "n_max": 80,
            "sum_abs_delta_all": 0.24740395925453026,
            "sum_abs_delta_outside_cone": 0.003681615259077451
          }
        },
        "model": {
          "N_sites": 256,
          "a": 0.25,
          "mass_m": 1.0,
          "type": "free_scalar_1d_lattice"
        }
      }
    },
    {
      "causal_structure": {
        "microcausality_exact": false,
        "note": "Leakage fraction quantifies regulator-induced microcausality violation (proxy)."
      },
      "coordinates": {
        "a_lattice_spacing": 0.25,
        "n_max": 80,
        "t": 0.5
      },
      "curvature_invariants": {
        "kretschmann": null,
        "note": "QFT toy; no spacetime curvature.",
        "ricci_scalar": null
      },
      "local_observables": {
        "commutator_kernel": {
          "Delta_n0_t": 0.11844543027844345,
          "Delta_nmax_t": -3.361026734705064e-17,
          "interpretation": "In continuum relativistic QFT, commutator support is confined to the light cone. On a lattice, dispersion produces leakage outside the continuum cone.",
          "metrics": {
            "cone_definition": "|x| > t with x = n*a, c=1",
            "leakage_fraction_outside_cone": 0.017637848083636356,
            "max_abs_delta_outside_cone": 0.003977328817149187,
            "n_max": 80,
            "sum_abs_delta_all": 0.4794255386042136,
            "sum_abs_delta_outside_cone": 0.008456034817316656
          }
        },
        "model": {
          "N_sites": 256,
          "a": 0.25,
          "mass_m": 1.0,
          "type": "free_scalar_1d_lattice"
        }
      }
    },
    {
      "causal_structure": {
        "microcausality_exact": false,
        "note": "Leakage fraction quantifies regulator-induced microcausality violation (proxy)."
      },
      "coordinates": {
        "a_lattice_spacing": 0.25,
        "n_max": 80,
        "t": 0.75
      },
      "curvature_invariants": {
        "kretschmann": null,
        "note": "QFT toy; no spacetime curvature.",
        "ricci_scalar": null
      },
      "local_observables": {
        "commutator_kernel": {
          "Delta_n0_t": 0.0717743418613382,
          "Delta_nmax_t": -3.0574501264091225e-17,
          "interpretation": "In continuum relativistic QFT, commutator support is confined to the light cone. On a lattice, dispersion produces leakage outside the continuum cone.",
          "metrics": {
            "cone_definition": "|x| > t with x = n*a, c=1",
            "leakage_fraction_outside_cone": 0.018303213622753268,
            "max_abs_delta_outside_cone": 0.005668559105284423,
            "n_max": 80,
            "sum_abs_delta_all": 0.6816387600233469,
            "sum_abs_delta_outside_cone": 0.012476179838255969
          }
        },
        "model": {
          "N_sites": 256,
          "a": 0.25,
          "mass_m": 1.0,
          "type": "free_scalar_1d_lattice"
        }
      }
    },
    {
      "causal_structure": {
        "microcausality_exact": false,
        "note": "Leakage fraction quantifies regulator-induced microcausality violation (proxy)."
      },
      "coordinates": {
        "a_lattice_spacing": 0.25,
        "n_max": 80,
        "t": 1.0
      },
      "curvature_invariants": {
        "kretschmann": null,
        "note": "QFT toy; no spacetime curvature.",
        "ricci_scalar": null
      },
      "local_observables": {
        "commutator_kernel": {
          "Delta_n0_t": 0.12281988233629638,
          "Delta_nmax_t": -4.7488055154865094e-17,
          "interpretation": "In continuum relativistic QFT, commutator support is confined to the light cone. On a lattice, dispersion produces leakage outside the continuum cone.",
          "metrics": {
            "cone_definition": "|x| > t with x = n*a, c=1",
            "leakage_fraction_outside_cone": 0.01879501428133799,
            "max_abs_delta_outside_cone": 0.006963621042370279,
            "n_max": 80,
            "sum_abs_delta_all": 0.8414709848079106,
            "sum_abs_delta_outside_cone": 0.015815459176796224
          }
        },
        "model": {
          "N_sites": 256,
          "a": 0.25,
          "mass_m": 1.0,
          "type": "free_scalar_1d_lattice"
        }
      }
    },
    {
      "causal_structure": {
        "microcausality_exact": false,
        "note": "Leakage fraction quantifies regulator-induced microcausality violation (proxy)."
      },
      "coordinates": {
        "a_lattice_spacing": 0.25,
        "n_max": 80,
        "t": 1.5
      },
      "curvature_invariants": {
        "kretschmann": null,
        "note": "QFT toy; no spacetime curvature.",
        "ricci_scalar": null
      },
      "local_observables": {
        "commutator_kernel": {
          "Delta_n0_t": 0.03606140429702417,
          "Delta_nmax_t": -1.6046192152785466e-17,
          "interpretation": "In continuum relativistic QFT, commutator support is confined to the light cone. On a lattice, dispersion produces leakage outside the continuum cone.",
          "metrics": {
            "cone_definition": "|x| > t with x = n*a, c=1",
            "leakage_fraction_outside_cone": 0.02100566892218219,
            "max_abs_delta_outside_cone": 0.008737231813959473,
            "n_max": 80,
            "sum_abs_delta_all": 0.9974949866040699,
            "sum_abs_delta_outside_cone": 0.02095304944014165
          }
        },
        "model": {
          "N_sites": 256,
          "a": 0.25,
          "mass_m": 1.0,
          "type": "free_scalar_1d_lattice"
        }
      }
    },
    {
      "causal_structure": {
        "microcausality_exact": false,
        "note": "Leakage fraction quantifies regulator-induced microcausality violation (proxy)."
      },
      "coordinates": {
        "a_lattice_spacing": 0.25,
        "n_max": 80,
        "t": 2.0
      },
      "curvature_invariants": {
        "kretschmann": null,
        "note": "QFT toy; no spacetime curvature.",
        "ricci_scalar": null
      },
      "local_observables": {
        "commutator_kernel": {
          "Delta_n0_t": 0.03752288612833623,
          "Delta_nmax_t": -1.5178830414797062e-18,
          "interpretation": "In continuum relativistic QFT, commutator support is confined to the light cone. On a lattice, dispersion produces leakage outside the continuum cone.",
          "metrics": {
            "cone_definition": "|x| > t with x = n*a, c=1",
            "leakage_fraction_outside_cone": 0.027034108642246882,
            "max_abs_delta_outside_cone": 0.009789172180668057,
            "n_max": 80,
            "sum_abs_delta_all": 0.9092974268256919,
            "sum_abs_delta_outside_cone": 0.02458204542492129
          }
        },
        "model": {
          "N_sites": 256,
          "a": 0.25,
          "mass_m": 1.0,
          "type": "free_scalar_1d_lattice"
        }
      }
    },
    {
      "causal_structure": {
        "microcausality_exact": false,
        "note": "Leakage fraction quantifies regulator-induced microcausality violation (proxy)."
      },
      "coordinates": {
        "a_lattice_spacing": 0.25,
        "n_max": 80,
        "t": 3.0
      },
      "curvature_invariants": {
        "kretschmann": null,
        "note": "QFT toy; no spacetime curvature.",
        "ricci_scalar": null
      },
      "local_observables": {
        "commutator_kernel": {
          "Delta_n0_t": -0.05251459147218916,
          "Delta_nmax_t": 2.6468085535802377e-16,
          "interpretation": "In continuum relativistic QFT, commutator support is confined to the light cone. On a lattice, dispersion produces leakage outside the continuum cone.",
          "metrics": {
            "cone_definition": "|x| > t with x = n*a, c=1",
            "leakage_fraction_outside_cone": 0.03187349848174579,
            "max_abs_delta_outside_cone": 0.010614981580182802,
            "n_max": 80,
            "sum_abs_delta_all": 0.9025136045427019,
            "sum_abs_delta_outside_cone": 0.028766266004146727
          }
        },
        "model": {
          "N_sites": 256,
          "a": 0.25,
          "mass_m": 1.0,
          "type": "free_scalar_1d_lattice"
        }
      }
    }
  ],
  "spacetime": "1D lattice (periodic) as UV regulator",
  "theory": "Quantum Field Theory (toy): lattice regulator vs microcausality",
  "toy_id": "065",
  "units": {
    "G": 1,
    "c": 1
  }
}