{
  "notes": {
    "approximation": "Finite-dimensional truncation",
    "pressure_point": "Subsystem dynamics is not unitary once degrees of freedom are traced out; no invariant local Hamiltonian exists."
  },
  "observables": {
    "summary": {
      "final_entropy_A": 0.2617833667838023
    }
  },
  "parameters": {
    "coupling_g": 0.2,
    "dt": 0.05,
    "omega": 1.0,
    "steps": 200
  },
  "sample_points": [
    {
      "causal_structure": {
        "note": "Reduced dynamics is non-unitary"
      },
      "coordinates": {
        "t": 0.0
      },
      "curvature_invariants": {
        "analogy": null
      },
      "local_observables": {
        "entropy_subsystem_A": -0.0,
        "purity_subsystem_A": 1.0
      }
    },
    {
      "causal_structure": {
        "note": "Reduced dynamics is non-unitary"
      },
      "coordinates": {
        "t": 0.05
      },
      "curvature_invariants": {
        "analogy": null
      },
      "local_observables": {
        "entropy_subsystem_A": 0.0010209369433363104,
        "purity_subsystem_A": 0.9998000399940015
      }
    },
    {
      "causal_structure": {
        "note": "Reduced dynamics is non-unitary"
      },
      "coordinates": {
        "t": 0.1
      },
      "curvature_invariants": {
        "analogy": null
      },
      "local_observables": {
        "entropy_subsystem_A": 0.0035367304850220517,
        "purity_subsystem_A": 0.9991984826503706
      }
    },
    {
      "causal_structure": {
        "note": "Reduced dynamics is non-unitary"
      },
      "coordinates": {
        "t": 0.15000000000000002
      },
      "curvature_invariants": {
        "analogy": null
      },
      "local_observables": {
        "entropy_subsystem_A": 0.007230164385244608,
        "purity_subsystem_A": 0.9981962763430912
      }
    },
    {
      "causal_structure": {
        "note": "Reduced dynamics is non-unitary"
      },
      "coordinates": {
        "t": 0.2
      },
      "curvature_invariants": {
        "analogy": null
      },
      "local_observables": {
        "entropy_subsystem_A": 0.011918877418842006,
        "purity_subsystem_A": 0.9967989998437796
      }
    },
    {
      "causal_structure": {
        "note": "Reduced dynamics is non-unitary"
      },
      "coordinates": {
        "t": 0.25
      },
      "curvature_invariants": {
        "analogy": null
      },
      "local_observables": {
        "entropy_subsystem_A": 0.017462532157202105,
        "purity_subsystem_A": 0.9950168198418177
      }
    },
    {
      "causal_structure": {
        "note": "Reduced dynamics is non-unitary"
      },
      "coordinates": {
        "t": 0.30000000000000004
      },
      "curvature_invariants": {
        "analogy": null
      },
      "local_observables": {
        "entropy_subsystem_A": 0.02374109682770889,
        "purity_subsystem_A": 0.9928643812850786
      }
    },
    {
      "causal_structure": {
        "note": "Reduced dynamics is non-unitary"
      },
      "coordinates": {
        "t": 0.35000000000000003
      },
      "curvature_invariants": {
        "analogy": null
      },
      "local_observables": {
        "entropy_subsystem_A": 0.030646257439995245,
        "purity_subsystem_A": 0.9903606326427661
      }
    },
    {
      "causal_structure": {
        "note": "Reduced dynamics is non-unitary"
      },
      "coordinates": {
        "t": 0.4
      },
      "curvature_invariants": {
        "analogy": null
      },
      "local_observables": {
        "entropy_subsystem_A": 0.038077351085912134,
        "purity_subsystem_A": 0.987528589647007
      }
    },
    {
      "causal_structure": {
        "note": "Reduced dynamics is non-unitary"
      },
      "coordinates": {
        "t": 0.45
      },
      "curvature_invariants": {
        "analogy": null
      },
      "local_observables": {
        "entropy_subsystem_A": 0.0459392730752162,
        "purity_subsystem_A": 0.9843950424184396
      }
    },
    {
      "causal_structure": {
        "note": "Reduced dynamics is non-unitary"
      },
      "coordinates": {
        "t": 0.5
      },
      "curvature_invariants": {
        "analogy": null
      },
      "local_observables": {
        "entropy_subsystem_A": 0.05414137009244137,
        "purity_subsystem_A": 0.9809902120785647
      }
    },
    {
      "causal_structure": {
        "note": "Reduced dynamics is non-unitary"
      },
      "coordinates": {
        "t": 0.55
      },
      "curvature_invariants": {
        "analogy": null
      },
      "local_observables": {
        "entropy_subsystem_A": 0.06259686825115934,
        "purity_subsystem_A": 0.977347363958232
      }
    },
    {
      "causal_structure": {
        "note": "Reduced dynamics is non-unitary"
      },
      "coordinates": {
        "t": 0.6000000000000001
      },
      "curvature_invariants": {
        "analogy": null
      },
      "local_observables": {
        "entropy_subsystem_A": 0.07122260541562044,
        "purity_subsystem_A": 0.9735023852948606
      }
    },
    {
      "causal_structure": {
        "note": "Reduced dynamics is non-unitary"
      },
      "coordinates": {
        "t": 0.65
      },
      "curvature_invariants": {
        "analogy": null
      },
      "local_observables": {
        "entropy_subsystem_A": 0.0799389396719128,
        "purity_subsystem_A": 0.9694933358462083
      }
    },
    {
      "causal_structure": {
        "note": "Reduced dynamics is non-unitary"
      },
      "coordinates": {
        "t": 0.7000000000000001
      },
      "curvature_invariants": {
        "analogy": null
      },
      "local_observables": {
        "entropy_subsystem_A": 0.08866975817637157,
        "purity_subsystem_A": 0.9653599801206925
      }
    },
    {
      "causal_structure": {
        "note": "Reduced dynamics is non-unitary"
      },
      "coordinates": {
        "t": 0.75
      },
      "curvature_invariants": {
        "analogy": null
      },
      "local_observables": {
        "entropy_subsystem_A": 0.09734253944415362,
        "purity_subsystem_A": 0.9611433099281252
      }
    },
    {
      "causal_structure": {
        "note": "Reduced dynamics is non-unitary"
      },
      "coordinates": {
        "t": 0.8
      },
      "curvature_invariants": {
        "analogy": null
      },
      "local_observables": {
        "entropy_subsystem_A": 0.10588843908893135,
        "purity_subsystem_A": 0.9568850656954937
      }
    },
    {
      "causal_structure": {
        "note": "Reduced dynamics is non-unitary"
      },
      "coordinates": {
        "t": 0.8500000000000001
      },
      "curvature_invariants": {
        "analogy": null
      },
      "local_observables": {
        "entropy_subsystem_A": 0.11424237958030416,
        "purity_subsystem_A": 0.9526272644851708
      }
    },
    {
      "causal_structure": {
        "note": "Reduced dynamics is non-unitary"
      },
      "coordinates": {
        "t": 0.9
      },
      "curvature_invariants": {
        "analogy": null
      },
      "local_observables": {
        "entropy_subsystem_A": 0.12234313151889348,
        "purity_subsystem_A": 0.948411741922663
      }
    },
    {
      "causal_structure": {
        "note": "Reduced dynamics is non-unitary"
      },
      "coordinates": {
        "t": 0.9500000000000001
      },
      "curvature_invariants": {
        "analogy": null
      },
      "local_observables": {
        "entropy_subsystem_A": 0.1301333787109175,
        "purity_subsystem_A": 0.9442797143211039
      }
    },
    {
      "causal_structure": {
        "note": "Reduced dynamics is non-unitary"
      },
      "coordinates": {
        "t": 1.0
      },
      "curvature_invariants": {
        "analogy": null
      },
      "local_observables": {
        "entropy_subsystem_A": 0.13755976276792425,
        "purity_subsystem_A": 0.9402713662210389
      }
    },
    {
      "causal_structure": {
        "note": "Reduced dynamics is non-unitary"
      },
      "coordinates": {
        "t": 1.05
      },
      "curvature_invariants": {
        "analogy": null
      },
      "local_observables": {
        "entropy_subsystem_A": 0.144572905527916,
        "purity_subsystem_A": 0.936425467393218
      }
    },
    {
      "causal_structure": {
        "note": "Reduced dynamics is non-unitary"
      },
      "coordinates": {
        "t": 1.1
      },
      "curvature_invariants": {
        "analogy": null
      },
      "local_observables": {
        "entropy_subsystem_A": 0.1511274095628028,
        "purity_subsystem_A": 0.9327790221293768
      }
    },
    {
      "causal_structure": {
        "note": "Reduced dynamics is non-unitary"
      },
      "coordinates": {
        "t": 1.1500000000000001
      },
      "curvature_invariants": {
        "analogy": null
      },
      "local_observables": {
        "entropy_subsystem_A": 0.15718183856476026,
        "purity_subsystem_A": 0.9293669524236214
      }
    },
    {
      "causal_structure": {
        "note": "Reduced dynamics is non-unitary"
      },
      "coordinates": {
        "t": 1.2000000000000002
      },
      "curvature_invariants": {
        "analogy": null
      },
      "local_observables": {
        "entropy_subsystem_A": 0.16269868058672246,
        "purity_subsystem_A": 0.9262218154764568
      }
    },
    {
      "causal_structure": {
        "note": "Reduced dynamics is non-unitary"
      },
      "coordinates": {
        "t": 1.25
      },
      "curvature_invariants": {
        "analogy": null
      },
      "local_observables": {
        "entropy_subsystem_A": 0.16764429800713548,
        "purity_subsystem_A": 0.9233735548840876
      }
    },
    {
      "causal_structure": {
        "note": "Reduced dynamics is non-unitary"
      },
      "coordinates": {
        "t": 1.3
      },
      "curvature_invariants": {
        "analogy": null
      },
      "local_observables": {
        "entropy_subsystem_A": 0.17198886873093813,
        "purity_subsystem_A": 0.9208492839513238
      }
    },
    {
      "causal_structure": {
        "note": "Reduced dynamics is non-unitary"
      },
      "coordinates": {
        "t": 1.35
      },
      "curvature_invariants": {
        "analogy": null
      },
      "local_observables": {
        "entropy_subsystem_A": 0.17570632354886329,
        "purity_subsystem_A": 0.9186730988252567
      }
    },
    {
      "causal_structure": {
        "note": "Reduced dynamics is non-unitary"
      },
      "coordinates": {
        "t": 1.4000000000000001
      },
      "curvature_invariants": {
        "analogy": null
      },
      "local_observables": {
        "entropy_subsystem_A": 0.1787742847704553,
        "purity_subsystem_A": 0.9168659186178576
      }
    },
    {
      "causal_structure": {
        "note": "Reduced dynamics is non-unitary"
      },
      "coordinates": {
        "t": 1.4500000000000002
      },
      "curvature_invariants": {
        "analogy": null
      },
      "local_observables": {
        "entropy_subsystem_A": 0.18117401123479868,
        "purity_subsystem_A": 0.9154453493886097
      }
    },
    {
      "causal_structure": {
        "note": "Reduced dynamics is non-unitary"
      },
      "coordinates": {
        "t": 1.5
      },
      "curvature_invariants": {
        "analogy": null
      },
      "local_observables": {
        "entropy_subsystem_A": 0.18289035459935082,
        "purity_subsystem_A": 0.9144255688020815
      }
    },
    {
      "causal_structure": {
        "note": "Reduced dynamics is non-unitary"
      },
      "coordinates": {
        "t": 1.55
      },
      "curvature_invariants": {
        "analogy": null
      },
      "local_observables": {
        "entropy_subsystem_A": 0.18391173142600878,
        "purity_subsystem_A": 0.9138172284578402
      }
    },
    {
      "causal_structure": {
        "note": "Reduced dynamics is non-unitary"
      },
      "coordinates": {
        "t": 1.6
      },
      "curvature_invariants": {
        "analogy": null
      },
      "local_observables": {
        "entropy_subsystem_A": 0.18423011504250492,
        "purity_subsystem_A": 0.9136273712978664
      }
    },
    {
      "causal_structure": {
        "note": "Reduced dynamics is non-unitary"
      },
      "coordinates": {
        "t": 1.6500000000000001
      },
      "curvature_invariants": {
        "analogy": null
      },
      "local_observables": {
        "entropy_subsystem_A": 0.1838410504782217,
        "purity_subsystem_A": 0.9138593621055195
      }
    },
    {
      "causal_structure": {
        "note": "Reduced dynamics is non-unitary"
      },
      "coordinates": {
        "t": 1.7000000000000002
      },
      "curvature_invariants": {
        "analogy": null
      },
      "local_observables": {
        "entropy_subsystem_A": 0.18274369498260057,
        "purity_subsystem_A": 0.914512829885971
      }
    },
    {
      "causal_structure": {
        "note": "Reduced dynamics is non-unitary"
      },
      "coordinates": {
        "t": 1.75
      },
      "curvature_invariants": {
        "analogy": null
      },
      "local_observables": {
        "entropy_subsystem_A": 0.18094088576156594,
        "purity_subsystem_A": 0.9155836218183973
      }
    },
    {
      "causal_structure": {
        "note": "Reduced dynamics is non-unitary"
      },
      "coordinates": {
        "t": 1.8
      },
      "curvature_invariants": {
        "analogy": null
      },
      "local_observables": {
        "entropy_subsystem_A": 0.17843923564668798,
        "purity_subsystem_A": 0.9170637694457238
      }
    },
    {
      "causal_structure": {
        "note": "Reduced dynamics is non-unitary"
      },
      "coordinates": {
        "t": 1.85
      },
      "curvature_invariants": {
        "analogy": null
      },
      "local_observables": {
        "entropy_subsystem_A": 0.17524925648041323,
        "purity_subsystem_A": 0.9189414687640887
      }
    },
    {
      "causal_structure": {
        "note": "Reduced dynamics is non-unitary"
      },
      "coordinates": {
        "t": 1.9000000000000001
      },
      "curvature_invariants": {
        "analogy": null
      },
      "local_observables": {
        "entropy_subsystem_A": 0.17138550909847944,
        "purity_subsystem_A": 0.9212010768352412
      }
    },
    {
      "causal_structure": {
        "note": "Reduced dynamics is non-unitary"
      },
      "coordinates": {
        "t": 1.9500000000000002
      },
      "curvature_invariants": {
        "analogy": null
      },
      "local_observables": {
        "entropy_subsystem_A": 0.16686677796016247,
        "purity_subsystem_A": 0.9238231284141067
      }
    },
    {
      "causal_structure": {
        "note": "Reduced dynamics is non-unitary"
      },
      "coordinates": {
        "t": 2.0
      },
      "curvature_invariants": {
        "analogy": null
      },
      "local_observables": {
        "entropy_subsystem_A": 0.1617162677630975,
        "purity_subsystem_A": 0.9267843768070352
      }
    },
    {
      "causal_structure": {
        "note": "Reduced dynamics is non-unitary"
      },
      "coordinates": {
        "t": 2.0500000000000003
      },
      "curvature_invariants": {
        "analogy": null
      },
      "local_observables": {
        "entropy_subsystem_A": 0.1559618188299285,
        "purity_subsystem_A": 0.930057863704965
      }
    },
    {
      "causal_structure": {
        "note": "Reduced dynamics is non-unitary"
      },
      "coordinates": {
        "t": 2.1
      },
      "curvature_invariants": {
        "analogy": null
      },
      "local_observables": {
        "entropy_subsystem_A": 0.14963613772124496,
        "purity_subsystem_A": 0.933613023028371
      }
    },
    {
      "causal_structure": {
        "note": "Reduced dynamics is non-unitary"
      },
      "coordinates": {
        "t": 2.15
      },
      "curvature_invariants": {
        "analogy": null
      },
      "local_observables": {
        "entropy_subsystem_A": 0.14277703947265102,
        "purity_subsystem_A": 0.9374158238453925
      }
    },
    {
      "causal_structure": {
        "note": "Reduced dynamics is non-unitary"
      },
      "coordinates": {
        "t": 2.2
      },
      "curvature_invariants": {
        "analogy": null
      },
      "local_observables": {
        "entropy_subsystem_A": 0.13542769814511732,
        "purity_subsystem_A": 0.9414289571599295
      }
    },
    {
      "causal_structure": {
        "note": "Reduced dynamics is non-unitary"
      },
      "coordinates": {
        "t": 2.25
      },
      "curvature_invariants": {
        "analogy": null
      },
      "local_observables": {
        "entropy_subsystem_A": 0.12763690310920883,
        "purity_subsystem_A": 0.9456120708040812
      }
    },
    {
      "causal_structure": {
        "note": "Reduced dynamics is non-unitary"
      },
      "coordinates": {
        "t": 2.3000000000000003
      },
      "curvature_invariants": {
        "analogy": null
      },
      "local_observables": {
        "entropy_subsystem_A": 0.11945931978154156,
        "purity_subsystem_A": 0.9499220558134931
      }
    },
    {
      "causal_structure": {
        "note": "Reduced dynamics is non-unitary"
      },
      "coordinates": {
        "t": 2.35
      },
      "curvature_invariants": {
        "analogy": null
      },
      "local_observables": {
        "entropy_subsystem_A": 0.11095575557788524,
        "purity_subsystem_A": 0.9543133865327473
      }
    },
    {
      "causal_structure": {
        "note": "Reduced dynamics is non-unitary"
      },
      "coordinates": {
        "t": 2.4000000000000004
      },
      "curvature_invariants": {
        "analogy": null
      },
      "local_observables": {
        "entropy_subsystem_A": 0.10219343491517757,
        "purity_subsystem_A": 0.9587385153214942
      }
    },
    {
      "causal_structure": {
        "note": "Reduced dynamics is non-unitary"
      },
      "coordinates": {
        "t": 2.45
      },
      "curvature_invariants": {
        "analogy": null
      },
      "local_observables": {
        "entropy_subsystem_A": 0.09324629160767786,
        "purity_subsystem_A": 0.9631483211535488
      }
    },
    {
      "causal_structure": {
        "note": "Reduced dynamics is non-unitary"
      },
      "coordinates": {
        "t": 2.5
      },
      "curvature_invariants": {
        "analogy": null
      },
      "local_observables": {
        "entropy_subsystem_A": 0.08419529363084431,
        "purity_subsystem_A": 0.9674926096738261
      }
    },
    {
      "causal_structure": {
        "note": "Reduced dynamics is non-unitary"
      },
      "coordinates": {
        "t": 2.5500000000000003
      },
      "curvature_invariants": {
        "analogy": null
      },
      "local_observables": {
        "entropy_subsystem_A": 0.0751288250466465,
        "purity_subsystem_A": 0.971720660464231
      }
    },
    {
      "causal_structure": {
        "note": "Reduced dynamics is non-unitary"
      },
      "coordinates": {
        "t": 2.6
      },
      "curvature_invariants": {
        "analogy": null
      },
      "local_observables": {
        "entropy_subsystem_A": 0.06614316463648838,
        "purity_subsystem_A": 0.975781815437778
      }
    },
    {
      "causal_structure": {
        "note": "Reduced dynamics is non-unitary"
      },
      "coordinates": {
        "t": 2.6500000000000004
      },
      "curvature_invariants": {
        "analogy": null
      },
      "local_observables": {
        "entropy_subsystem_A": 0.0573431232625806,
        "purity_subsystem_A": 0.9796261005026796
      }
    },
    {
      "causal_structure": {
        "note": "Reduced dynamics is non-unitary"
      },
      "coordinates": {
        "t": 2.7
      },
      "curvature_invariants": {
        "analogy": null
      },
      "local_observables": {
        "entropy_subsystem_A": 0.04884293646014706,
        "purity_subsystem_A": 0.9832048709880616
      }
    },
    {
      "causal_structure": {
        "note": "Reduced dynamics is non-unitary"
      },
      "coordinates": {
        "t": 2.75
      },
      "curvature_invariants": {
        "analogy": null
      },
      "local_observables": {
        "entropy_subsystem_A": 0.04076756094785185,
        "purity_subsystem_A": 0.986471469871234
      }
    },
    {
      "causal_structure": {
        "note": "Reduced dynamics is non-unitary"
      },
      "coordinates": {
        "t": 2.8000000000000003
      },
      "curvature_invariants": {
        "analogy": null
      },
      "local_observables": {
        "entropy_subsystem_A": 0.03325459725912991,
        "purity_subsystem_A": 0.9893818866589841
      }
    },
    {
      "causal_structure": {
        "note": "Reduced dynamics is non-unitary"
      },
      "coordinates": {
        "t": 2.85
      },
      "curvature_invariants": {
        "analogy": null
      },
      "local_observables": {
        "entropy_subsystem_A": 0.026457137948330278,
        "purity_subsystem_A": 0.9918954039099599
      }
    },
    {
      "causal_structure": {
        "note": "Reduced dynamics is non-unitary"
      },
      "coordinates": {
        "t": 2.9000000000000004
      },
      "curvature_invariants": {
        "analogy": null
      },
      "local_observables": {
        "entropy_subsystem_A": 0.020547799056373238,
        "purity_subsystem_A": 0.9939752178891021
      }
    },
    {
      "causal_structure": {
        "note": "Reduced dynamics is non-unitary"
      },
      "coordinates": {
        "t": 2.95
      },
      "curvature_invariants": {
        "analogy": null
      },
      "local_observables": {
        "entropy_subsystem_A": 0.015723479440921177,
        "purity_subsystem_A": 0.9955890197528723
      }
    },
    {
      "causal_structure": {
        "note": "Reduced dynamics is non-unitary"
      },
      "coordinates": {
        "t": 3.0
      },
      "curvature_invariants": {
        "analogy": null
      },
      "local_observables": {
        "entropy_subsystem_A": 0.012207046835658819,
        "purity_subsystem_A": 0.9967095239953903
      }
    },
    {
      "causal_structure": {
        "note": "Reduced dynamics is non-unitary"
      },
      "coordinates": {
        "t": 3.0500000000000003
      },
      "curvature_invariants": {
        "analogy": null
      },
      "local_observables": {
        "entropy_subsystem_A": 0.010232022674120309,
        "purity_subsystem_A": 0.9973149316450349
      }
    },
    {
      "causal_structure": {
        "note": "Reduced dynamics is non-unitary"
      },
      "coordinates": {
        "t": 3.1
      },
      "curvature_invariants": {
        "analogy": null
      },
      "local_observables": {
        "entropy_subsystem_A": 0.009984984292852472,
        "purity_subsystem_A": 0.997389316876151
      }
    },
    {
      "causal_structure": {
        "note": "Reduced dynamics is non-unitary"
      },
      "coordinates": {
        "t": 3.1500000000000004
      },
      "curvature_invariants": {
        "analogy": null
      },
      "local_observables": {
        "entropy_subsystem_A": 0.011517708276373426,
        "purity_subsystem_A": 0.9969229272631446
      }
    },
    {
      "causal_structure": {
        "note": "Reduced dynamics is non-unitary"
      },
      "coordinates": {
        "t": 3.2
      },
      "curvature_invariants": {
        "analogy": null
      },
      "local_observables": {
        "entropy_subsystem_A": 0.014724843617604469,
        "purity_subsystem_A": 0.9959123898104949
      }
    },
    {
      "causal_structure": {
        "note": "Reduced dynamics is non-unitary"
      },
      "coordinates": {
        "t": 3.25
      },
      "curvature_invariants": {
        "analogy": null
      },
      "local_observables": {
        "entropy_subsystem_A": 0.019416801960108677,
        "purity_subsystem_A": 0.994360817084156
      }
    },
    {
      "causal_structure": {
        "note": "Reduced dynamics is non-unitary"
      },
      "coordinates": {
        "t": 3.3000000000000003
      },
      "curvature_invariants": {
        "analogy": null
      },
      "local_observables": {
        "entropy_subsystem_A": 0.025392380441580237,
        "purity_subsystem_A": 0.99227781017751
      }
    },
    {
      "causal_structure": {
        "note": "Reduced dynamics is non-unitary"
      },
      "coordinates": {
        "t": 3.35
      },
      "curvature_invariants": {
        "analogy": null
      },
      "local_observables": {
        "entropy_subsystem_A": 0.0324666430639127,
        "purity_subsystem_A": 0.9896793577887877
      }
    },
    {
      "causal_structure": {
        "note": "Reduced dynamics is non-unitary"
      },
      "coordinates": {
        "t": 3.4000000000000004
      },
      "curvature_invariants": {
        "analogy": null
      },
      "local_observables": {
        "entropy_subsystem_A": 0.04047393693325154,
        "purity_subsystem_A": 0.9865876332806536
      }
    },
    {
      "causal_structure": {
        "note": "Reduced dynamics is non-unitary"
      },
      "coordinates": {
        "t": 3.45
      },
      "curvature_invariants": {
        "analogy": null
      },
      "local_observables": {
        "entropy_subsystem_A": 0.049264440640573476,
        "purity_subsystem_A": 0.9830306941467372
      }
    },
    {
      "causal_structure": {
        "note": "Reduced dynamics is non-unitary"
      },
      "coordinates": {
        "t": 3.5
      },
      "curvature_invariants": {
        "analogy": null
      },
      "local_observables": {
        "entropy_subsystem_A": 0.05870051829231746,
        "purity_subsystem_A": 0.9790420907352495
      }
    },
    {
      "causal_structure": {
        "note": "Reduced dynamics is non-unitary"
      },
      "coordinates": {
        "t": 3.5500000000000003
      },
      "curvature_invariants": {
        "analogy": null
      },
      "local_observables": {
        "entropy_subsystem_A": 0.06865409145877689,
        "purity_subsystem_A": 0.9746603932905393
      }
    },
    {
      "causal_structure": {
        "note": "Reduced dynamics is non-unitary"
      },
      "coordinates": {
        "t": 3.6
      },
      "curvature_invariants": {
        "analogy": null
      },
      "local_observables": {
        "entropy_subsystem_A": 0.07900494875752793,
        "purity_subsystem_A": 0.9699286482914182
      }
    },
    {
      "causal_structure": {
        "note": "Reduced dynamics is non-unitary"
      },
      "coordinates": {
        "t": 3.6500000000000004
      },
      "curvature_invariants": {
        "analogy": null
      },
      "local_observables": {
        "entropy_subsystem_A": 0.08963971879552426,
        "purity_subsystem_A": 0.9648937766220489
      }
    },
    {
      "causal_structure": {
        "note": "Reduced dynamics is non-unitary"
      },
      "coordinates": {
        "t": 3.7
      },
      "curvature_invariants": {
        "analogy": null
      },
      "local_observables": {
        "entropy_subsystem_A": 0.10045127581596278,
        "purity_subsystem_A": 0.9596059272526016
      }
    },
    {
      "causal_structure": {
        "note": "Reduced dynamics is non-unitary"
      },
      "coordinates": {
        "t": 3.75
      },
      "curvature_invariants": {
        "analogy": null
      },
      "local_observables": {
        "entropy_subsystem_A": 0.11133841628452926,
        "purity_subsystem_A": 0.9541178007935427
      }
    },
    {
      "causal_structure": {
        "note": "Reduced dynamics is non-unitary"
      },
      "coordinates": {
        "t": 3.8000000000000003
      },
      "curvature_invariants": {
        "analogy": null
      },
      "local_observables": {
        "entropy_subsystem_A": 0.12220569824519217,
        "purity_subsystem_A": 0.9484839574976116
      }
    },
    {
      "causal_structure": {
        "note": "Reduced dynamics is non-unitary"
      },
      "coordinates": {
        "t": 3.85
      },
      "curvature_invariants": {
        "analogy": null
      },
      "local_observables": {
        "entropy_subsystem_A": 0.13296337184117096,
        "purity_subsystem_A": 0.9427601240140406
      }
    },
    {
      "causal_structure": {
        "note": "Reduced dynamics is non-unitary"
      },
      "coordinates": {
        "t": 3.9000000000000004
      },
      "curvature_invariants": {
        "analogy": null
      },
      "local_observables": {
        "entropy_subsystem_A": 0.14352735363113175,
        "purity_subsystem_A": 0.937002512465922
      }
    },
    {
      "causal_structure": {
        "note": "Reduced dynamics is non-unitary"
      },
      "coordinates": {
        "t": 3.95
      },
      "curvature_invariants": {
        "analogy": null
      },
      "local_observables": {
        "entropy_subsystem_A": 0.1538192135039178,
        "purity_subsystem_A": 0.9312671642576906
      }
    },
    {
      "causal_structure": {
        "note": "Reduced dynamics is non-unitary"
      },
      "coordinates": {
        "t": 4.0
      },
      "curvature_invariants": {
        "analogy": null
      },
      "local_observables": {
        "entropy_subsystem_A": 0.16376615403806602,
        "purity_subsystem_A": 0.9256093294766186
      }
    },
    {
      "causal_structure": {
        "note": "Reduced dynamics is non-unitary"
      },
      "coordinates": {
        "t": 4.05
      },
      "curvature_invariants": {
        "analogy": null
      },
      "local_observables": {
        "entropy_subsystem_A": 0.1733009699231953,
        "purity_subsystem_A": 0.9200828908962682
      }
    },
    {
      "causal_structure": {
        "note": "Reduced dynamics is non-unitary"
      },
      "coordinates": {
        "t": 4.1000000000000005
      },
      "curvature_invariants": {
        "analogy": null
      },
      "local_observables": {
        "entropy_subsystem_A": 0.18236198070671883,
        "purity_subsystem_A": 0.9147398395000845
      }
    },
    {
      "causal_structure": {
        "note": "Reduced dynamics is non-unitary"
      },
      "coordinates": {
        "t": 4.15
      },
      "curvature_invariants": {
        "analogy": null
      },
      "local_observables": {
        "entropy_subsystem_A": 0.1908929343547004,
        "purity_subsystem_A": 0.9096298062081452
      }
    },
    {
      "causal_structure": {
        "note": "Reduced dynamics is non-unitary"
      },
      "coordinates": {
        "t": 4.2
      },
      "curvature_invariants": {
        "analogy": null
      },
      "local_observables": {
        "entropy_subsystem_A": 0.19884288235006115,
        "purity_subsystem_A": 0.9047996522040449
      }
    },
    {
      "causal_structure": {
        "note": "Reduced dynamics is non-unitary"
      },
      "coordinates": {
        "t": 4.25
      },
      "curvature_invariants": {
        "analogy": null
      },
      "local_observables": {
        "entropy_subsystem_A": 0.2061660295568184,
        "purity_subsystem_A": 0.900293118018451
      }
    },
    {
      "causal_structure": {
        "note": "Reduced dynamics is non-unitary"
      },
      "coordinates": {
        "t": 4.3
      },
      "curvature_invariants": {
        "analogy": null
      },
      "local_observables": {
        "entropy_subsystem_A": 0.21282156401419605,
        "purity_subsystem_A": 0.8961505294254173
      }
    },
    {
      "causal_structure": {
        "note": "Reduced dynamics is non-unitary"
      },
      "coordinates": {
        "t": 4.3500000000000005
      },
      "curvature_invariants": {
        "analogy": null
      },
      "local_observables": {
        "entropy_subsystem_A": 0.2187734732840703,
        "purity_subsystem_A": 0.8924085563357737
      }
    },
    {
      "causal_structure": {
        "note": "Reduced dynamics is non-unitary"
      },
      "coordinates": {
        "t": 4.4
      },
      "curvature_invariants": {
        "analogy": null
      },
      "local_observables": {
        "entropy_subsystem_A": 0.223990355015765,
        "purity_subsystem_A": 0.889100019307341
      }
    },
    {
      "causal_structure": {
        "note": "Reduced dynamics is non-unitary"
      },
      "coordinates": {
        "t": 4.45
      },
      "curvature_invariants": {
        "analogy": null
      },
      "local_observables": {
        "entropy_subsystem_A": 0.2284452300477504,
        "purity_subsystem_A": 0.8862537370999389
      }
    },
    {
      "causal_structure": {
        "note": "Reduced dynamics is non-unitary"
      },
      "coordinates": {
        "t": 4.5
      },
      "curvature_invariants": {
        "analogy": null
      },
      "local_observables": {
        "entropy_subsystem_A": 0.23211536665910146,
        "purity_subsystem_A": 0.8838944079333244
      }
    },
    {
      "causal_structure": {
        "note": "Reduced dynamics is non-unitary"
      },
      "coordinates": {
        "t": 4.55
      },
      "curvature_invariants": {
        "analogy": null
      },
      "local_observables": {
        "entropy_subsystem_A": 0.23498212453336767,
        "purity_subsystem_A": 0.8820425167890091
      }
    },
    {
      "causal_structure": {
        "note": "Reduced dynamics is non-unitary"
      },
      "coordinates": {
        "t": 4.6000000000000005
      },
      "curvature_invariants": {
        "analogy": null
      },
      "local_observables": {
        "entropy_subsystem_A": 0.23703082662349895,
        "purity_subsystem_A": 0.880714261243108
      }
    },
    {
      "causal_structure": {
        "note": "Reduced dynamics is non-unitary"
      },
      "coordinates": {
        "t": 4.65
      },
      "curvature_invariants": {
        "analogy": null
      },
      "local_observables": {
        "entropy_subsystem_A": 0.2382506664329607,
        "purity_subsystem_A": 0.8799214889166131
      }
    },
    {
      "causal_structure": {
        "note": "Reduced dynamics is non-unitary"
      },
      "coordinates": {
        "t": 4.7
      },
      "curvature_invariants": {
        "analogy": null
      },
      "local_observables": {
        "entropy_subsystem_A": 0.23863465728589672,
        "purity_subsystem_A": 0.8796716406510624
      }
    },
    {
      "causal_structure": {
        "note": "Reduced dynamics is non-unitary"
      },
      "coordinates": {
        "t": 4.75
      },
      "curvature_invariants": {
        "analogy": null
      },
      "local_observables": {
        "entropy_subsystem_A": 0.23817962898674866,
        "purity_subsystem_A": 0.8799676949108537
      }
    },
    {
      "causal_structure": {
        "note": "Reduced dynamics is non-unitary"
      },
      "coordinates": {
        "t": 4.800000000000001
      },
      "curvature_invariants": {
        "analogy": null
      },
      "local_observables": {
        "entropy_subsystem_A": 0.23688627591354072,
        "purity_subsystem_A": 0.8808081106102401
      }
    },
    {
      "causal_structure": {
        "note": "Reduced dynamics is non-unitary"
      },
      "coordinates": {
        "t": 4.8500000000000005
      },
      "curvature_invariants": {
        "analogy": null
      },
      "local_observables": {
        "entropy_subsystem_A": 0.23475925910308398,
        "purity_subsystem_A": 0.8821867674798771
      }
    },
    {
      "causal_structure": {
        "note": "Reduced dynamics is non-unitary"
      },
      "coordinates": {
        "t": 4.9
      },
      "curvature_invariants": {
        "analogy": null
      },
      "local_observables": {
        "entropy_subsystem_A": 0.23180736333094898,
        "purity_subsystem_A": 0.8840929051296665
      }
    },
    {
      "causal_structure": {
        "note": "Reduced dynamics is non-unitary"
      },
      "coordinates": {
        "t": 4.95
      },
      "curvature_invariants": {
        "analogy": null
      },
      "local_observables": {
        "entropy_subsystem_A": 0.2280437086295457,
        "purity_subsystem_A": 0.886511064028545
      }
    },
    {
      "causal_structure": {
        "note": "Reduced dynamics is non-unitary"
      },
      "coordinates": {
        "t": 5.0
      },
      "curvature_invariants": {
        "analogy": null
      },
      "local_observables": {
        "entropy_subsystem_A": 0.22348601419250635,
        "purity_subsystem_A": 0.8894210336016446
      }
    },
    {
      "causal_structure": {
        "note": "Reduced dynamics is non-unitary"
      },
      "coordinates": {
        "t": 5.050000000000001
      },
      "curvature_invariants": {
        "analogy": null
      },
      "local_observables": {
        "entropy_subsystem_A": 0.21815691125290151,
        "purity_subsystem_A": 0.8927978144355433
      }
    },
    {
      "causal_structure": {
        "note": "Reduced dynamics is non-unitary"
      },
      "coordinates": {
        "t": 5.1000000000000005
      },
      "curvature_invariants": {
        "analogy": null
      },
      "local_observables": {
        "entropy_subsystem_A": 0.21208430036646564,
        "purity_subsystem_A": 0.896611603083955
      }
    },
    {
      "causal_structure": {
        "note": "Reduced dynamics is non-unitary"
      },
      "coordinates": {
        "t": 5.15
      },
      "curvature_invariants": {
        "analogy": null
      },
      "local_observables": {
        "entropy_subsystem_A": 0.20530174764747586,
        "purity_subsystem_A": 0.9008278090898856
      }
    },
    {
      "causal_structure": {
        "note": "Reduced dynamics is non-unitary"
      },
      "coordinates": {
        "t": 5.2
      },
      "curvature_invariants": {
        "analogy": null
      },
      "local_observables": {
        "entropy_subsystem_A": 0.19784891395985077,
        "purity_subsystem_A": 0.9054071145114646
      }
    },
    {
      "causal_structure": {
        "note": "Reduced dynamics is non-unitary"
      },
      "coordinates": {
        "t": 5.25
      },
      "curvature_invariants": {
        "analogy": null
      },
      "local_observables": {
        "entropy_subsystem_A": 0.18977201092124096,
        "purity_subsystem_A": 0.9103055864005607
      }
    },
    {
      "causal_structure": {
        "note": "Reduced dynamics is non-unitary"
      },
      "coordinates": {
        "t": 5.300000000000001
      },
      "curvature_invariants": {
        "analogy": null
      },
      "local_observables": {
        "entropy_subsystem_A": 0.18112427788883972,
        "purity_subsystem_A": 0.9154748523003402
      }
    },
    {
      "causal_structure": {
        "note": "Reduced dynamics is non-unitary"
      },
      "coordinates": {
        "t": 5.3500000000000005
      },
      "curvature_invariants": {
        "analogy": null
      },
      "local_observables": {
        "entropy_subsystem_A": 0.17196647490693892,
        "purity_subsystem_A": 0.9208623478873756
      }
    },
    {
      "causal_structure": {
        "note": "Reduced dynamics is non-unitary"
      },
      "coordinates": {
        "t": 5.4
      },
      "curvature_invariants": {
        "analogy": null
      },
      "local_observables": {
        "entropy_subsystem_A": 0.16236738792984118,
        "purity_subsystem_A": 0.9264116443975552
      }
    },
    {
      "causal_structure": {
        "note": "Reduced dynamics is non-unitary"
      },
      "coordinates": {
        "t": 5.45
      },
      "curvature_invariants": {
        "analogy": null
      },
      "local_observables": {
        "entropy_subsystem_A": 0.15240434446386486,
        "purity_subsystem_A": 0.9320628614787427
      }
    },
    {
      "causal_structure": {
        "note": "Reduced dynamics is non-unitary"
      },
      "coordinates": {
        "t": 5.5
      },
      "curvature_invariants": {
        "analogy": null
      },
      "local_observables": {
        "entropy_subsystem_A": 0.14216373996985293,
        "purity_subsystem_A": 0.9377531686667322
      }
    },
    {
      "causal_structure": {
        "note": "Reduced dynamics is non-unitary"
      },
      "coordinates": {
        "t": 5.550000000000001
      },
      "curvature_invariants": {
        "analogy": null
      },
      "local_observables": {
        "entropy_subsystem_A": 0.13174157758546792,
        "purity_subsystem_A": 0.9434173758656574
      }
    },
    {
      "causal_structure": {
        "note": "Reduced dynamics is non-unitary"
      },
      "coordinates": {
        "t": 5.6000000000000005
      },
      "curvature_invariants": {
        "analogy": null
      },
      "local_observables": {
        "entropy_subsystem_A": 0.12124402516135907,
        "purity_subsystem_A": 0.9489886101299794
      }
    },
    {
      "causal_structure": {
        "note": "Reduced dynamics is non-unitary"
      },
      "coordinates": {
        "t": 5.65
      },
      "curvature_invariants": {
        "analogy": null
      },
      "local_observables": {
        "entropy_subsystem_A": 0.11078799252086781,
        "purity_subsystem_A": 0.954399072807737
      }
    },
    {
      "causal_structure": {
        "note": "Reduced dynamics is non-unitary"
      },
      "coordinates": {
        "t": 5.7
      },
      "curvature_invariants": {
        "analogy": null
      },
      "local_observables": {
        "entropy_subsystem_A": 0.10050172464234369,
        "purity_subsystem_A": 0.9595808678400506
      }
    },
    {
      "causal_structure": {
        "note": "Reduced dynamics is non-unitary"
      },
      "coordinates": {
        "t": 5.75
      },
      "curvature_invariants": {
        "analogy": null
      },
      "local_observables": {
        "entropy_subsystem_A": 0.09052538587426678,
        "purity_subsystem_A": 0.9644668888517385
      }
    },
    {
      "causal_structure": {
        "note": "Reduced dynamics is non-unitary"
      },
      "coordinates": {
        "t": 5.800000000000001
      },
      "curvature_invariants": {
        "analogy": null
      },
      "local_observables": {
        "entropy_subsystem_A": 0.08101156229866131,
        "purity_subsystem_A": 0.9689917497446487
      }
    },
    {
      "causal_structure": {
        "note": "Reduced dynamics is non-unitary"
      },
      "coordinates": {
        "t": 5.8500000000000005
      },
      "curvature_invariants": {
        "analogy": null
      },
      "local_observables": {
        "entropy_subsystem_A": 0.07212550841481828,
        "purity_subsystem_A": 0.9730927409461707
      }
    },
    {
      "causal_structure": {
        "note": "Reduced dynamics is non-unitary"
      },
      "coordinates": {
        "t": 5.9
      },
      "curvature_invariants": {
        "analogy": null
      },
      "local_observables": {
        "entropy_subsystem_A": 0.06404476889957988,
        "purity_subsystem_A": 0.9767107913870607
      }
    },
    {
      "causal_structure": {
        "note": "Reduced dynamics is non-unitary"
      },
      "coordinates": {
        "t": 5.95
      },
      "curvature_invariants": {
        "analogy": null
      },
      "local_observables": {
        "entropy_subsystem_A": 0.05695746461131846,
        "purity_subsystem_A": 0.9797914147865849
      }
    },
    {
      "causal_structure": {
        "note": "Reduced dynamics is non-unitary"
      },
      "coordinates": {
        "t": 6.0
      },
      "curvature_invariants": {
        "analogy": null
      },
      "local_observables": {
        "entropy_subsystem_A": 0.05105802970466496,
        "purity_subsystem_A": 0.982285617990011
      }
    },
    {
      "causal_structure": {
        "note": "Reduced dynamics is non-unitary"
      },
      "coordinates": {
        "t": 6.050000000000001
      },
      "curvature_invariants": {
        "analogy": null
      },
      "local_observables": {
        "entropy_subsystem_A": 0.04653869666684741,
        "purity_subsystem_A": 0.9841507489908983
      }
    },
    {
      "causal_structure": {
        "note": "Reduced dynamics is non-unitary"
      },
      "coordinates": {
        "t": 6.1000000000000005
      },
      "curvature_invariants": {
        "analogy": null
      },
      "local_observables": {
        "entropy_subsystem_A": 0.04357517887577679,
        "purity_subsystem_A": 0.9853512629087846
      }
    },
    {
      "causal_structure": {
        "note": "Reduced dynamics is non-unitary"
      },
      "coordinates": {
        "t": 6.15
      },
      "curvature_invariants": {
        "analogy": null
      },
      "local_observables": {
        "entropy_subsystem_A": 0.04230692402845793,
        "purity_subsystem_A": 0.9858593855831217
      }
    },
    {
      "causal_structure": {
        "note": "Reduced dynamics is non-unitary"
      },
      "coordinates": {
        "t": 6.2
      },
      "curvature_invariants": {
        "analogy": null
      },
      "local_observables": {
        "entropy_subsystem_A": 0.04281645448058734,
        "purity_subsystem_A": 0.9856556565587709
      }
    },
    {
      "causal_structure": {
        "note": "Reduced dynamics is non-unitary"
      },
      "coordinates": {
        "t": 6.25
      },
      "curvature_invariants": {
        "analogy": null
      },
      "local_observables": {
        "entropy_subsystem_A": 0.04511605651787816,
        "purity_subsystem_A": 0.9847293360199014
      }
    },
    {
      "causal_structure": {
        "note": "Reduced dynamics is non-unitary"
      },
      "coordinates": {
        "t": 6.300000000000001
      },
      "curvature_invariants": {
        "analogy": null
      },
      "local_observables": {
        "entropy_subsystem_A": 0.049148440755567714,
        "purity_subsystem_A": 0.9830786635932454
      }
    },
    {
      "causal_structure": {
        "note": "Reduced dynamics is non-unitary"
      },
      "coordinates": {
        "t": 6.3500000000000005
      },
      "curvature_invariants": {
        "analogy": null
      },
      "local_observables": {
        "entropy_subsystem_A": 0.054800470944510585,
        "purity_subsystem_A": 0.9807109607792535
      }
    },
    {
      "causal_structure": {
        "note": "Reduced dynamics is non-unitary"
      },
      "coordinates": {
        "t": 6.4
      },
      "curvature_invariants": {
        "analogy": null
      },
      "local_observables": {
        "entropy_subsystem_A": 0.0619225712913856,
        "purity_subsystem_A": 0.9776425729510314
      }
    },
    {
      "causal_structure": {
        "note": "Reduced dynamics is non-unitary"
      },
      "coordinates": {
        "t": 6.45
      },
      "curvature_invariants": {
        "analogy": null
      },
      "local_observables": {
        "entropy_subsystem_A": 0.070346380909966,
        "purity_subsystem_A": 0.9738986512402619
      }
    },
    {
      "causal_structure": {
        "note": "Reduced dynamics is non-unitary"
      },
      "coordinates": {
        "t": 6.5
      },
      "curvature_invariants": {
        "analogy": null
      },
      "local_observables": {
        "entropy_subsystem_A": 0.07989728469149857,
        "purity_subsystem_A": 0.9695127790505933
      }
    },
    {
      "causal_structure": {
        "note": "Reduced dynamics is non-unitary"
      },
      "coordinates": {
        "t": 6.550000000000001
      },
      "curvature_invariants": {
        "analogy": null
      },
      "local_observables": {
        "entropy_subsystem_A": 0.09040195128413203,
        "purity_subsystem_A": 0.9645264522420294
      }
    },
    {
      "causal_structure": {
        "note": "Reduced dynamics is non-unitary"
      },
      "coordinates": {
        "t": 6.6000000000000005
      },
      "curvature_invariants": {
        "analogy": null
      },
      "local_observables": {
        "entropy_subsystem_A": 0.10169235894853777,
        "purity_subsystem_A": 0.9589884260563497
      }
    },
    {
      "causal_structure": {
        "note": "Reduced dynamics is non-unitary"
      },
      "coordinates": {
        "t": 6.65
      },
      "curvature_invariants": {
        "analogy": null
      },
      "local_observables": {
        "entropy_subsystem_A": 0.11360775167441985,
        "purity_subsystem_A": 0.9529539454540454
      }
    },
    {
      "causal_structure": {
        "note": "Reduced dynamics is non-unitary"
      },
      "coordinates": {
        "t": 6.7
      },
      "curvature_invariants": {
        "analogy": null
      },
      "local_observables": {
        "entropy_subsystem_A": 0.12599550935297277,
        "purity_subsystem_A": 0.9464838785725957
      }
    },
    {
      "causal_structure": {
        "note": "Reduced dynamics is non-unitary"
      },
      "coordinates": {
        "t": 6.75
      },
      "curvature_invariants": {
        "analogy": null
      },
      "local_observables": {
        "entropy_subsystem_A": 0.1387114969022395,
        "purity_subsystem_A": 0.9396437753796572
      }
    },
    {
      "causal_structure": {
        "note": "Reduced dynamics is non-unitary"
      },
      "coordinates": {
        "t": 6.800000000000001
      },
      "curvature_invariants": {
        "analogy": null
      },
      "local_observables": {
        "entropy_subsystem_A": 0.15162018211197545,
        "purity_subsystem_A": 0.9325028751934783
      }
    },
    {
      "causal_structure": {
        "note": "Reduced dynamics is non-unitary"
      },
      "coordinates": {
        "t": 6.8500000000000005
      },
      "curvature_invariants": {
        "analogy": null
      },
      "local_observables": {
        "entropy_subsystem_A": 0.16459465626112063,
        "purity_subsystem_A": 0.9251330875166992
      }
    },
    {
      "causal_structure": {
        "note": "Reduced dynamics is non-unitary"
      },
      "coordinates": {
        "t": 6.9
      },
      "curvature_invariants": {
        "analogy": null
      },
      "local_observables": {
        "entropy_subsystem_A": 0.17751661113132378,
        "purity_subsystem_A": 0.9176079705505995
      }
    },
    {
      "causal_structure": {
        "note": "Reduced dynamics is non-unitary"
      },
      "coordinates": {
        "t": 6.95
      },
      "curvature_invariants": {
        "analogy": null
      },
      "local_observables": {
        "entropy_subsystem_A": 0.19027628767606858,
        "purity_subsystem_A": 0.9100017308306931
      }
    },
    {
      "causal_structure": {
        "note": "Reduced dynamics is non-unitary"
      },
      "coordinates": {
        "t": 7.0
      },
      "curvature_invariants": {
        "analogy": null
      },
      "local_observables": {
        "entropy_subsystem_A": 0.20277239522796434,
        "purity_subsystem_A": 0.9023882656908293
      }
    },
    {
      "causal_structure": {
        "note": "Reduced dynamics is non-unitary"
      },
      "coordinates": {
        "t": 7.050000000000001
      },
      "curvature_invariants": {
        "analogy": null
      },
      "local_observables": {
        "entropy_subsystem_A": 0.21491199472202044,
        "purity_subsystem_A": 0.8948402677940246
      }
    },
    {
      "causal_structure": {
        "note": "Reduced dynamics is non-unitary"
      },
      "coordinates": {
        "t": 7.1000000000000005
      },
      "curvature_invariants": {
        "analogy": null
      },
      "local_observables": {
        "entropy_subsystem_A": 0.22661033923994503,
        "purity_subsystem_A": 0.8874284078663159
      }
    },
    {
      "causal_structure": {
        "note": "Reduced dynamics is non-unitary"
      },
      "coordinates": {
        "t": 7.15
      },
      "curvature_invariants": {
        "analogy": null
      },
      "local_observables": {
        "entropy_subsystem_A": 0.23779066733784787,
        "purity_subsystem_A": 0.8802206081637356
      }
    },
    {
      "causal_structure": {
        "note": "Reduced dynamics is non-unitary"
      },
      "coordinates": {
        "t": 7.2
      },
      "curvature_invariants": {
        "analogy": null
      },
      "local_observables": {
        "entropy_subsystem_A": 0.2483839476697367,
        "purity_subsystem_A": 0.8732814152416176
      }
    },
    {
      "causal_structure": {
        "note": "Reduced dynamics is non-unitary"
      },
      "coordinates": {
        "t": 7.25
      },
      "curvature_invariants": {
        "analogy": null
      },
      "local_observables": {
        "entropy_subsystem_A": 0.258328576659092,
        "purity_subsystem_A": 0.8666714764450567
      }
    },
    {
      "causal_structure": {
        "note": "Reduced dynamics is non-unitary"
      },
      "coordinates": {
        "t": 7.300000000000001
      },
      "curvature_invariants": {
        "analogy": null
      },
      "local_observables": {
        "entropy_subsystem_A": 0.267570034058361,
        "purity_subsystem_A": 0.8604471203728523
      }
    },
    {
      "causal_structure": {
        "note": "Reduced dynamics is non-unitary"
      },
      "coordinates": {
        "t": 7.3500000000000005
      },
      "curvature_invariants": {
        "analogy": null
      },
      "local_observables": {
        "entropy_subsystem_A": 0.2760605040015779,
        "purity_subsystem_A": 0.8546600375596769
      }
    },
    {
      "causal_structure": {
        "note": "Reduced dynamics is non-unitary"
      },
      "coordinates": {
        "t": 7.4
      },
      "curvature_invariants": {
        "analogy": null
      },
      "local_observables": {
        "entropy_subsystem_A": 0.2837584715089764,
        "purity_subsystem_A": 0.8493570539414917
      }
    },
    {
      "causal_structure": {
        "note": "Reduced dynamics is non-unitary"
      },
      "coordinates": {
        "t": 7.45
      },
      "curvature_invariants": {
        "analogy": null
      },
      "local_observables": {
        "entropy_subsystem_A": 0.2906283062916537,
        "purity_subsystem_A": 0.8445799864732766
      }
    },
    {
      "causal_structure": {
        "note": "Reduced dynamics is non-unitary"
      },
      "coordinates": {
        "t": 7.5
      },
      "curvature_invariants": {
        "analogy": null
      },
      "local_observables": {
        "entropy_subsystem_A": 0.2966398470939966,
        "purity_subsystem_A": 0.8403655676918667
      }
    },
    {
      "causal_structure": {
        "note": "Reduced dynamics is non-unitary"
      },
      "coordinates": {
        "t": 7.550000000000001
      },
      "curvature_invariants": {
        "analogy": null
      },
      "local_observables": {
        "entropy_subsystem_A": 0.30176800067735154,
        "purity_subsystem_A": 0.8367454241703616
      }
    },
    {
      "causal_structure": {
        "note": "Reduced dynamics is non-unitary"
      },
      "coordinates": {
        "t": 7.6000000000000005
      },
      "curvature_invariants": {
        "analogy": null
      },
      "local_observables": {
        "entropy_subsystem_A": 0.30599236987592016,
        "purity_subsystem_A": 0.8337460927732137
      }
    },
    {
      "causal_structure": {
        "note": "Reduced dynamics is non-unitary"
      },
      "coordinates": {
        "t": 7.65
      },
      "curvature_invariants": {
        "analogy": null
      },
      "local_observables": {
        "entropy_subsystem_A": 0.3092969249419975,
        "purity_subsystem_A": 0.8313890584374
      }
    },
    {
      "causal_structure": {
        "note": "Reduced dynamics is non-unitary"
      },
      "coordinates": {
        "t": 7.7
      },
      "curvature_invariants": {
        "analogy": null
      },
      "local_observables": {
        "entropy_subsystem_A": 0.3116697316532942,
        "purity_subsystem_A": 0.8296907978823456
      }
    },
    {
      "causal_structure": {
        "note": "Reduced dynamics is non-unitary"
      },
      "coordinates": {
        "t": 7.75
      },
      "curvature_invariants": {
        "analogy": null
      },
      "local_observables": {
        "entropy_subsystem_A": 0.31310274840700747,
        "purity_subsystem_A": 0.8286628151590523
      }
    },
    {
      "causal_structure": {
        "note": "Reduced dynamics is non-unitary"
      },
      "coordinates": {
        "t": 7.800000000000001
      },
      "curvature_invariants": {
        "analogy": null
      },
      "local_observables": {
        "entropy_subsystem_A": 0.31359170281768495,
        "purity_subsystem_A": 0.8283116572194221
      }
    },
    {
      "causal_structure": {
        "note": "Reduced dynamics is non-unitary"
      },
      "coordinates": {
        "t": 7.8500000000000005
      },
      "curvature_invariants": {
        "analogy": null
      },
      "local_observables": {
        "entropy_subsystem_A": 0.313136056230298,
        "purity_subsystem_A": 0.8286389006175499
      }
    },
    {
      "causal_structure": {
        "note": "Reduced dynamics is non-unitary"
      },
      "coordinates": {
        "t": 7.9
      },
      "curvature_invariants": {
        "analogy": null
      },
      "local_observables": {
        "entropy_subsystem_A": 0.31173906213403535,
        "purity_subsystem_A": 0.829641103912054
      }
    },
    {
      "causal_structure": {
        "note": "Reduced dynamics is non-unitary"
      },
      "coordinates": {
        "t": 7.95
      },
      "curvature_invariants": {
        "analogy": null
      },
      "local_observables": {
        "entropy_subsystem_A": 0.3094079218071184,
        "purity_subsystem_A": 0.8313097241630996
      }
    },
    {
      "causal_structure": {
        "note": "Reduced dynamics is non-unitary"
      },
      "coordinates": {
        "t": 8.0
      },
      "curvature_invariants": {
        "analogy": null
      },
      "local_observables": {
        "entropy_subsystem_A": 0.30615403773877814,
        "purity_subsystem_A": 0.8336309999307608
      }
    },
    {
      "causal_structure": {
        "note": "Reduced dynamics is non-unitary"
      },
      "coordinates": {
        "t": 8.05
      },
      "curvature_invariants": {
        "analogy": null
      },
      "local_observables": {
        "entropy_subsystem_A": 0.30199336256563314,
        "purity_subsystem_A": 0.8365858071922201
      }
    },
    {
      "causal_structure": {
        "note": "Reduced dynamics is non-unitary"
      },
      "coordinates": {
        "t": 8.1
      },
      "curvature_invariants": {
        "analogy": null
      },
      "local_observables": {
        "entropy_subsystem_A": 0.2969468385279538,
        "purity_subsystem_A": 0.8401494984093083
      }
    },
    {
      "causal_structure": {
        "note": "Reduced dynamics is non-unitary"
      },
      "coordinates": {
        "t": 8.15
      },
      "curvature_invariants": {
        "analogy": null
      },
      "local_observables": {
        "entropy_subsystem_A": 0.29104091988902664,
        "purity_subsystem_A": 0.8442917384048608
      }
    },
    {
      "causal_structure": {
        "note": "Reduced dynamics is non-unitary"
      },
      "coordinates": {
        "t": 8.200000000000001
      },
      "curvature_invariants": {
        "analogy": null
      },
      "local_observables": {
        "entropy_subsystem_A": 0.2843081684425687,
        "purity_subsystem_A": 0.8489763535689288
      }
    },
    {
      "causal_structure": {
        "note": "Reduced dynamics is non-unitary"
      },
      "coordinates": {
        "t": 8.25
      },
      "curvature_invariants": {
        "analogy": null
      },
      "local_observables": {
        "entropy_subsystem_A": 0.27678791020645876,
        "purity_subsystem_A": 0.8541612130571147
      }
    },
    {
      "causal_structure": {
        "note": "Reduced dynamics is non-unitary"
      },
      "coordinates": {
        "t": 8.3
      },
      "curvature_invariants": {
        "analogy": null
      },
      "local_observables": {
        "entropy_subsystem_A": 0.2685269396745832,
        "purity_subsystem_A": 0.8597981619345659
      }
    },
    {
      "causal_structure": {
        "note": "Reduced dynamics is non-unitary"
      },
      "coordinates": {
        "t": 8.35
      },
      "curvature_invariants": {
        "analogy": null
      },
      "local_observables": {
        "entropy_subsystem_A": 0.2595802565271536,
        "purity_subsystem_A": 0.8658330265655783
      }
    },
    {
      "causal_structure": {
        "note": "Reduced dynamics is non-unitary"
      },
      "coordinates": {
        "t": 8.4
      },
      "curvature_invariants": {
        "analogy": null
      },
      "local_observables": {
        "entropy_subsystem_A": 0.2500118183624022,
        "purity_subsystem_A": 0.8722057118946598
      }
    },
    {
      "causal_structure": {
        "note": "Reduced dynamics is non-unitary"
      },
      "coordinates": {
        "t": 8.450000000000001
      },
      "curvature_invariants": {
        "analogy": null
      },
      "local_observables": {
        "entropy_subsystem_A": 0.23989529158010273,
        "purity_subsystem_A": 0.8788504085969788
      }
    },
    {
      "causal_structure": {
        "note": "Reduced dynamics is non-unitary"
      },
      "coordinates": {
        "t": 8.5
      },
      "curvature_invariants": {
        "analogy": null
      },
      "local_observables": {
        "entropy_subsystem_A": 0.22931478063485938,
        "purity_subsystem_A": 0.8856959254246608
      }
    },
    {
      "causal_structure": {
        "note": "Reduced dynamics is non-unitary"
      },
      "coordinates": {
        "t": 8.55
      },
      "curvature_invariants": {
        "analogy": null
      },
      "local_observables": {
        "entropy_subsystem_A": 0.21836551287129033,
        "purity_subsystem_A": 0.8926661585148032
      }
    },
    {
      "causal_structure": {
        "note": "Reduced dynamics is non-unitary"
      },
      "coordinates": {
        "t": 8.6
      },
      "curvature_invariants": {
        "analogy": null
      },
      "local_observables": {
        "entropy_subsystem_A": 0.20715445111054184,
        "purity_subsystem_A": 0.8996807050709723
      }
    },
    {
      "causal_structure": {
        "note": "Reduced dynamics is non-unitary"
      },
      "coordinates": {
        "t": 8.65
      },
      "curvature_invariants": {
        "analogy": null
      },
      "local_observables": {
        "entropy_subsystem_A": 0.19580079766816796,
        "purity_subsystem_A": 0.9066556238359198
      }
    },
    {
      "causal_structure": {
        "note": "Reduced dynamics is non-unitary"
      },
      "coordinates": {
        "t": 8.700000000000001
      },
      "curvature_invariants": {
        "analogy": null
      },
      "local_observables": {
        "entropy_subsystem_A": 0.1844363395186044,
        "purity_subsystem_A": 0.9135043393249207
      }
    },
    {
      "causal_structure": {
        "note": "Reduced dynamics is non-unitary"
      },
      "coordinates": {
        "t": 8.75
      },
      "curvature_invariants": {
        "analogy": null
      },
      "local_observables": {
        "entropy_subsystem_A": 0.17320556212867413,
        "purity_subsystem_A": 0.9201386810973105
      }
    },
    {
      "causal_structure": {
        "note": "Reduced dynamics is non-unitary"
      },
      "coordinates": {
        "t": 8.8
      },
      "curvature_invariants": {
        "analogy": null
      },
      "local_observables": {
        "entropy_subsystem_A": 0.16226542570505215,
        "purity_subsystem_A": 0.9264700436360798
      }
    },
    {
      "causal_structure": {
        "note": "Reduced dynamics is non-unitary"
      },
      "coordinates": {
        "t": 8.85
      },
      "curvature_invariants": {
        "analogy": null
      },
      "local_observables": {
        "entropy_subsystem_A": 0.1517846490188917,
        "purity_subsystem_A": 0.9324106469173155
      }
    },
    {
      "causal_structure": {
        "note": "Reduced dynamics is non-unitary"
      },
      "coordinates": {
        "t": 8.9
      },
      "curvature_invariants": {
        "analogy": null
      },
      "local_observables": {
        "entropy_subsystem_A": 0.14194228162351377,
        "purity_subsystem_A": 0.9378748727161663
      }
    },
    {
      "causal_structure": {
        "note": "Reduced dynamics is non-unitary"
      },
      "coordinates": {
        "t": 8.950000000000001
      },
      "curvature_invariants": {
        "analogy": null
      },
      "local_observables": {
        "entropy_subsystem_A": 0.1329252711119048,
        "purity_subsystem_A": 0.9427806473358442
      }
    },
    {
      "causal_structure": {
        "note": "Reduced dynamics is non-unitary"
      },
      "coordinates": {
        "t": 9.0
      },
      "curvature_invariants": {
        "analogy": null
      },
      "local_observables": {
        "entropy_subsystem_A": 0.12492466909295352,
        "purity_subsystem_A": 0.9470508379614346
      }
    },
    {
      "causal_structure": {
        "note": "Reduced dynamics is non-unitary"
      },
      "coordinates": {
        "t": 9.05
      },
      "curvature_invariants": {
        "analogy": null
      },
      "local_observables": {
        "entropy_subsystem_A": 0.11813011438878945,
        "purity_subsystem_A": 0.9506146274015337
      }
    },
    {
      "causal_structure": {
        "note": "Reduced dynamics is non-unitary"
      },
      "coordinates": {
        "t": 9.1
      },
      "curvature_invariants": {
        "analogy": null
      },
      "local_observables": {
        "entropy_subsystem_A": 0.11272236162273863,
        "purity_subsystem_A": 0.9534088307208125
      }
    },
    {
      "causal_structure": {
        "note": "Reduced dynamics is non-unitary"
      },
      "coordinates": {
        "t": 9.15
      },
      "curvature_invariants": {
        "analogy": null
      },
      "local_observables": {
        "entropy_subsystem_A": 0.10886397555576546,
        "purity_subsystem_A": 0.9553791172740054
      }
    },
    {
      "causal_structure": {
        "note": "Reduced dynamics is non-unitary"
      },
      "coordinates": {
        "t": 9.200000000000001
      },
      "curvature_invariants": {
        "analogy": null
      },
      "local_observables": {
        "entropy_subsystem_A": 0.10668891656295154,
        "purity_subsystem_A": 0.9564811029663838
      }
    },
    {
      "causal_structure": {
        "note": "Reduced dynamics is non-unitary"
      },
      "coordinates": {
        "t": 9.25
      },
      "curvature_invariants": {
        "analogy": null
      },
      "local_observables": {
        "entropy_subsystem_A": 0.10629246638531206,
        "purity_subsystem_A": 0.9566812801758118
      }
    },
    {
      "causal_structure": {
        "note": "Reduced dynamics is non-unitary"
      },
      "coordinates": {
        "t": 9.3
      },
      "curvature_invariants": {
        "analogy": null
      },
      "local_observables": {
        "entropy_subsystem_A": 0.10772343501351367,
        "purity_subsystem_A": 0.955957756612954
      }
    },
    {
      "causal_structure": {
        "note": "Reduced dynamics is non-unitary"
      },
      "coordinates": {
        "t": 9.35
      },
      "curvature_invariants": {
        "analogy": null
      },
      "local_observables": {
        "entropy_subsystem_A": 0.11098043273120389,
        "purity_subsystem_A": 0.954300779354647
      }
    },
    {
      "causal_structure": {
        "note": "Reduced dynamics is non-unitary"
      },
      "coordinates": {
        "t": 9.4
      },
      "curvature_invariants": {
        "analogy": null
      },
      "local_observables": {
        "entropy_subsystem_A": 0.11601305392278694,
        "purity_subsystem_A": 0.9517130261992166
      }
    },
    {
      "causal_structure": {
        "note": "Reduced dynamics is non-unitary"
      },
      "coordinates": {
        "t": 9.450000000000001
      },
      "curvature_invariants": {
        "analogy": null
      },
      "local_observables": {
        "entropy_subsystem_A": 0.12272748560384597,
        "purity_subsystem_A": 0.9482096531585571
      }
    },
    {
      "causal_structure": {
        "note": "Reduced dynamics is non-unitary"
      },
      "coordinates": {
        "t": 9.5
      },
      "curvature_invariants": {
        "analogy": null
      },
      "local_observables": {
        "entropy_subsystem_A": 0.13099500040344364,
        "purity_subsystem_A": 0.9438180940832934
      }
    },
    {
      "causal_structure": {
        "note": "Reduced dynamics is non-unitary"
      },
      "coordinates": {
        "t": 9.55
      },
      "curvature_invariants": {
        "analogy": null
      },
      "local_observables": {
        "entropy_subsystem_A": 0.1406614703572882,
        "purity_subsystem_A": 0.9385776158524408
      }
    },
    {
      "causal_structure": {
        "note": "Reduced dynamics is non-unitary"
      },
      "coordinates": {
        "t": 9.600000000000001
      },
      "curvature_invariants": {
        "analogy": null
      },
      "local_observables": {
        "entropy_subsystem_A": 0.15155638937186394,
        "purity_subsystem_A": 0.9325386399711364
      }
    },
    {
      "causal_structure": {
        "note": "Reduced dynamics is non-unitary"
      },
      "coordinates": {
        "t": 9.65
      },
      "curvature_invariants": {
        "analogy": null
      },
      "local_observables": {
        "entropy_subsystem_A": 0.1635005416452067,
        "purity_subsystem_A": 0.9257618485291071
      }
    },
    {
      "causal_structure": {
        "note": "Reduced dynamics is non-unitary"
      },
      "coordinates": {
        "t": 9.700000000000001
      },
      "curvature_invariants": {
        "analogy": null
      },
      "local_observables": {
        "entropy_subsystem_A": 0.17631204527937622,
        "purity_subsystem_A": 0.9183170990059701
      }
    },
    {
      "causal_structure": {
        "note": "Reduced dynamics is non-unitary"
      },
      "coordinates": {
        "t": 9.75
      },
      "curvature_invariants": {
        "analogy": null
      },
      "local_observables": {
        "entropy_subsystem_A": 0.18981087479991438,
        "purity_subsystem_A": 0.9102821781134891
      }
    },
    {
      "causal_structure": {
        "note": "Reduced dynamics is non-unitary"
      },
      "coordinates": {
        "t": 9.8
      },
      "curvature_invariants": {
        "analogy": null
      },
      "local_observables": {
        "entropy_subsystem_A": 0.20382212922010207,
        "purity_subsystem_A": 0.9017414295155493
      }
    },
    {
      "causal_structure": {
        "note": "Reduced dynamics is non-unitary"
      },
      "coordinates": {
        "t": 9.850000000000001
      },
      "curvature_invariants": {
        "analogy": null
      },
      "local_observables": {
        "entropy_subsystem_A": 0.21817833728293975,
        "purity_subsystem_A": 0.8927842936786574
      }
    },
    {
      "causal_structure": {
        "note": "Reduced dynamics is non-unitary"
      },
      "coordinates": {
        "t": 9.9
      },
      "curvature_invariants": {
        "analogy": null
      },
      "local_observables": {
        "entropy_subsystem_A": 0.23272105077487593,
        "purity_subsystem_A": 0.8835038001415707
      }
    },
    {
      "causal_structure": {
        "note": "Reduced dynamics is non-unitary"
      },
      "coordinates": {
        "t": 9.950000000000001
      },
      "curvature_invariants": {
        "analogy": null
      },
      "local_observables": {
        "entropy_subsystem_A": 0.24730191711497387,
        "purity_subsystem_A": 0.8739950530680898
      }
    },
    {
      "causal_structure": {
        "note": "Reduced dynamics is non-unitary"
      },
      "coordinates": {
        "t": 10.0
      },
      "curvature_invariants": {
        "analogy": null
      },
      "local_observables": {
        "entropy_subsystem_A": 0.2617833667838023,
        "purity_subsystem_A": 0.8643537500356219
      }
    }
  ],
  "spacetime": "Coupled quantum oscillators",
  "theory": "Quantum Field Theory (open-system proxy)",
  "toy_id": "042",
  "units": {
    "hbar": 1
  }
}