{
  "notes": {
    "assumptions": [
      "Periodic spatial boundary conditions",
      "Finite-volume quantization"
    ],
    "pressure_point": "Finite volume effects can qualitatively alter QFT behavior. The thermodynamic limit is subtle and non-uniform."
  },
  "observables": {
    "failure_flags": {
      "infinite_volume_assumption": false,
      "uniform_limit": false
    },
    "regime_classification": {
      "large_L": "slow_approach_to_continuum",
      "small_L": "discrete_spectrum_dominant"
    }
  },
  "parameters": {
    "lengths": [
      5.0,
      10.0,
      20.0,
      50.0
    ],
    "mass": 1.0
  },
  "sample_points": [
    {
      "causal_structure": {
        "continuum_limit_reached": false
      },
      "coordinates": {
        "box_length_L": 5.0
      },
      "curvature_invariants": {
        "spatial_topology": "circle"
      },
      "local_observables": {
        "mode_spacing": 1.2566370614359172,
        "vacuum_energy_density_proxy": 0.8
      }
    },
    {
      "causal_structure": {
        "continuum_limit_reached": false
      },
      "coordinates": {
        "box_length_L": 10.0
      },
      "curvature_invariants": {
        "spatial_topology": "circle"
      },
      "local_observables": {
        "mode_spacing": 0.6283185307179586,
        "vacuum_energy_density_proxy": 0.9
      }
    },
    {
      "causal_structure": {
        "continuum_limit_reached": false
      },
      "coordinates": {
        "box_length_L": 20.0
      },
      "curvature_invariants": {
        "spatial_topology": "circle"
      },
      "local_observables": {
        "mode_spacing": 0.3141592653589793,
        "vacuum_energy_density_proxy": 0.95
      }
    },
    {
      "causal_structure": {
        "continuum_limit_reached": false
      },
      "coordinates": {
        "box_length_L": 50.0
      },
      "curvature_invariants": {
        "spatial_topology": "circle"
      },
      "local_observables": {
        "mode_spacing": 0.12566370614359174,
        "vacuum_energy_density_proxy": 0.98
      }
    }
  ],
  "spacetime": "Flat Minkowski \u00d7 S\u00b9 (finite volume)",
  "theory": "Quantum Field Theory",
  "toy_id": "038",
  "units": {
    "c": 1,
    "hbar": 1
  }
}