{
  "notes": {
    "assumptions": [
      "One-loop beta function proxy",
      "Single coupling",
      "Logarithmic running captured"
    ],
    "pressure_point": "Coupling strength depends on scale. Effective field theories have bounded domains of validity."
  },
  "observables": {
    "failure_flags": {
      "global_perturbativity": false,
      "scale_independent_coupling": false
    },
    "regime_classification": {
      "high_scale": "strong_coupling_or_breakdown",
      "low_scale": "weakly_coupled"
    }
  },
  "parameters": {
    "beta0": 0.2,
    "g0": 0.5,
    "mu0": 1.0,
    "perturbative_threshold": 1.0,
    "scales_mu": [
      0.5,
      1.0,
      2.0,
      5.0,
      10.0
    ]
  },
  "sample_points": [
    {
      "causal_structure": {
        "single_scale_description_valid": false
      },
      "coordinates": {
        "scale_mu": 0.5
      },
      "curvature_invariants": {
        "reference_scale_mu0": 1.0
      },
      "local_observables": {
        "perturbative_regime": true,
        "running_coupling_g": 0.5182849302143878
      }
    },
    {
      "causal_structure": {
        "single_scale_description_valid": false
      },
      "coordinates": {
        "scale_mu": 1.0
      },
      "curvature_invariants": {
        "reference_scale_mu0": 1.0
      },
      "local_observables": {
        "perturbative_regime": true,
        "running_coupling_g": 0.5
      }
    },
    {
      "causal_structure": {
        "single_scale_description_valid": false
      },
      "coordinates": {
        "scale_mu": 2.0
      },
      "curvature_invariants": {
        "reference_scale_mu0": 1.0
      },
      "local_observables": {
        "perturbative_regime": true,
        "running_coupling_g": 0.4835231056088294
      }
    },
    {
      "causal_structure": {
        "single_scale_description_valid": false
      },
      "coordinates": {
        "scale_mu": 5.0
      },
      "curvature_invariants": {
        "reference_scale_mu0": 1.0
      },
      "local_observables": {
        "perturbative_regime": true,
        "running_coupling_g": 0.46404960539668627
      }
    },
    {
      "causal_structure": {
        "single_scale_description_valid": false
      },
      "coordinates": {
        "scale_mu": 10.0
      },
      "curvature_invariants": {
        "reference_scale_mu0": 1.0
      },
      "local_observables": {
        "perturbative_regime": true,
        "running_coupling_g": 0.4507874487868531
      }
    }
  ],
  "spacetime": "Flat Minkowski (scale space)",
  "theory": "Quantum Field Theory",
  "toy_id": "026",
  "units": {
    "c": 1,
    "hbar": 1
  }
}