{
  "notes": {
    "pressure_point": "Semiclassical mean-field evolution ignores stress-tensor fluctuations. Treating fluctuations as noise yields growing metric variance; when SNR<1, mean-field predictivity is lost."
  },
  "observables": {
    "summary": {
      "first_time_SNR_below_1": 6.0,
      "max_Var_h_over_samples": 0.6238722671469823
    }
  },
  "parameters": {
    "T_mean": 1.0,
    "dt_for_variance_quadrature": 0.05,
    "gamma": 0.05,
    "kappa": 1.0,
    "omega0": 1.0,
    "sigma": 0.5,
    "t_samples": [
      0.0,
      0.5,
      1.0,
      1.5,
      2.0,
      3.0,
      4.0,
      5.0,
      6.0,
      8.0,
      10.0
    ],
    "tau_c": 0.5
  },
  "sample_points": [
    {
      "causal_structure": {
        "note": "Predictivity fails when stress-tensor noise dominates mean response (SNR<1)."
      },
      "coordinates": {
        "t": 0.0
      },
      "curvature_invariants": {
        "kretschmann": null,
        "note": "Semiclassical-gravity proxy; metric perturbation treated as 1D linear mode.",
        "ricci_scalar": null
      },
      "local_observables": {
        "fluctuations": {
          "SNR_abs_h_mean_over_sqrt_Var": null,
          "Var_h": 0.0,
          "sigma": 0.5,
          "tau_c": 0.5
        },
        "mean_field": {
          "T_mean": 1.0,
          "h_mean": 0.0
        }
      }
    },
    {
      "causal_structure": {
        "note": "Predictivity fails when stress-tensor noise dominates mean response (SNR<1)."
      },
      "coordinates": {
        "t": 0.5
      },
      "curvature_invariants": {
        "kretschmann": null,
        "note": "Semiclassical-gravity proxy; metric perturbation treated as 1D linear mode.",
        "ricci_scalar": null
      },
      "local_observables": {
        "fluctuations": {
          "SNR_abs_h_mean_over_sqrt_Var": 2.0717568495309013,
          "Var_h": 0.0033779546759753554,
          "sigma": 0.5,
          "tau_c": 0.5
        },
        "mean_field": {
          "T_mean": 1.0,
          "h_mean": 0.12041086947487868
        }
      }
    },
    {
      "causal_structure": {
        "note": "Predictivity fails when stress-tensor noise dominates mean response (SNR<1)."
      },
      "coordinates": {
        "t": 1.0
      },
      "curvature_invariants": {
        "kretschmann": null,
        "note": "Semiclassical-gravity proxy; metric perturbation treated as 1D linear mode.",
        "ricci_scalar": null
      },
      "local_observables": {
        "fluctuations": {
          "SNR_abs_h_mean_over_sqrt_Var": 2.4293048031042823,
          "Var_h": 0.033556152894872196,
          "sigma": 0.5,
          "tau_c": 0.5
        },
        "mean_field": {
          "T_mean": 1.0,
          "h_mean": 0.4450082793821014
        }
      }
    },
    {
      "causal_structure": {
        "note": "Predictivity fails when stress-tensor noise dominates mean response (SNR<1)."
      },
      "coordinates": {
        "t": 1.5
      },
      "curvature_invariants": {
        "kretschmann": null,
        "note": "Semiclassical-gravity proxy; metric perturbation treated as 1D linear mode.",
        "ricci_scalar": null
      },
      "local_observables": {
        "fluctuations": {
          "SNR_abs_h_mean_over_sqrt_Var": 2.73152608838641,
          "Var_h": 0.1052848067509858,
          "sigma": 0.5,
          "tau_c": 0.5
        },
        "mean_field": {
          "T_mean": 1.0,
          "h_mean": 0.8863152153973536
        }
      }
    },
    {
      "causal_structure": {
        "note": "Predictivity fails when stress-tensor noise dominates mean response (SNR<1)."
      },
      "coordinates": {
        "t": 2.0
      },
      "curvature_invariants": {
        "kretschmann": null,
        "note": "Semiclassical-gravity proxy; metric perturbation treated as 1D linear mode.",
        "ricci_scalar": null
      },
      "local_observables": {
        "fluctuations": {
          "SNR_abs_h_mean_over_sqrt_Var": 3.0175412678127547,
          "Var_h": 0.19521630474401222,
          "sigma": 0.5,
          "tau_c": 0.5
        },
        "mean_field": {
          "T_mean": 1.0,
          "h_mean": 1.3332489860805186
        }
      }
    },
    {
      "causal_structure": {
        "note": "Predictivity fails when stress-tensor noise dominates mean response (SNR<1)."
      },
      "coordinates": {
        "t": 3.0
      },
      "curvature_invariants": {
        "kretschmann": null,
        "note": "Semiclassical-gravity proxy; metric perturbation treated as 1D linear mode.",
        "ricci_scalar": null
      },
      "local_observables": {
        "fluctuations": {
          "SNR_abs_h_mean_over_sqrt_Var": 3.446065688779694,
          "Var_h": 0.28676761773976184,
          "sigma": 0.5,
          "tau_c": 0.5
        },
        "mean_field": {
          "T_mean": 1.0,
          "h_mean": 1.8453918827393923
        }
      }
    },
    {
      "causal_structure": {
        "note": "Predictivity fails when stress-tensor noise dominates mean response (SNR<1)."
      },
      "coordinates": {
        "t": 4.0
      },
      "curvature_invariants": {
        "kretschmann": null,
        "note": "Semiclassical-gravity proxy; metric perturbation treated as 1D linear mode.",
        "ricci_scalar": null
      },
      "local_observables": {
        "fluctuations": {
          "SNR_abs_h_mean_over_sqrt_Var": 2.8986734149133024,
          "Var_h": 0.2930373523205934,
          "sigma": 0.5,
          "tau_c": 0.5
        },
        "mean_field": {
          "T_mean": 1.0,
          "h_mean": 1.569136693414315
        }
      }
    },
    {
      "causal_structure": {
        "note": "Predictivity fails when stress-tensor noise dominates mean response (SNR<1)."
      },
      "coordinates": {
        "t": 5.0
      },
      "curvature_invariants": {
        "kretschmann": null,
        "note": "Semiclassical-gravity proxy; metric perturbation treated as 1D linear mode.",
        "ricci_scalar": null
      },
      "local_observables": {
        "fluctuations": {
          "SNR_abs_h_mean_over_sqrt_Var": 1.3031348571130412,
          "Var_h": 0.39713134858611304,
          "sigma": 0.5,
          "tau_c": 0.5
        },
        "mean_field": {
          "T_mean": 1.0,
          "h_mean": 0.8212141937013795
        }
      }
    },
    {
      "causal_structure": {
        "note": "Predictivity fails when stress-tensor noise dominates mean response (SNR<1)."
      },
      "coordinates": {
        "t": 6.0
      },
      "curvature_invariants": {
        "kretschmann": null,
        "note": "Semiclassical-gravity proxy; metric perturbation treated as 1D linear mode.",
        "ricci_scalar": null
      },
      "local_observables": {
        "fluctuations": {
          "SNR_abs_h_mean_over_sqrt_Var": 0.4343261279921534,
          "Var_h": 0.4799411770604484,
          "sigma": 0.5,
          "tau_c": 0.5
        },
        "mean_field": {
          "T_mean": 1.0,
          "h_mean": 0.3008915298040008
        }
      }
    },
    {
      "causal_structure": {
        "note": "Predictivity fails when stress-tensor noise dominates mean response (SNR<1)."
      },
      "coordinates": {
        "t": 8.0
      },
      "curvature_invariants": {
        "kretschmann": null,
        "note": "Semiclassical-gravity proxy; metric perturbation treated as 1D linear mode.",
        "ricci_scalar": null
      },
      "local_observables": {
        "fluctuations": {
          "SNR_abs_h_mean_over_sqrt_Var": 1.4277903065263597,
          "Var_h": 0.5487179050383028,
          "sigma": 0.5,
          "tau_c": 0.5
        },
        "mean_field": {
          "T_mean": 1.0,
          "h_mean": 1.0576427458806583
        }
      }
    },
    {
      "causal_structure": {
        "note": "Predictivity fails when stress-tensor noise dominates mean response (SNR<1)."
      },
      "coordinates": {
        "t": 10.0
      },
      "curvature_invariants": {
        "kretschmann": null,
        "note": "Semiclassical-gravity proxy; metric perturbation treated as 1D linear mode.",
        "ricci_scalar": null
      },
      "local_observables": {
        "fluctuations": {
          "SNR_abs_h_mean_over_sqrt_Var": 1.9360606302841172,
          "Var_h": 0.6238722671469823,
          "sigma": 0.5,
          "tau_c": 0.5
        },
        "mean_field": {
          "T_mean": 1.0,
          "h_mean": 1.5292088189120512
        }
      }
    }
  ],
  "spacetime": "N/A (single perturbation mode)",
  "theory": "Semiclassical gravity (toy): Einstein\u2013Langevin / stress-tensor noise proxy",
  "toy_id": "069",
  "units": {
    "G": 1,
    "c": 1
  }
}