{
  "notes": {
    "assumptions": [
      "Boundary (edge) modes included",
      "Local algebra treated as proxy"
    ],
    "pressure_point": "Haag duality can fail due to boundary degrees of freedom. The observable content of a region is not fully captured by its naive local algebra."
  },
  "observables": {
    "failure_flags": {
      "haag_duality": false,
      "local_completeness": false
    },
    "regime_classification": {
      "edge_modes_present": "duality_failure",
      "no_edge_modes": "haag_duality_holds"
    }
  },
  "parameters": {
    "boundary_mode_strength": 1.0,
    "region_sizes": [
      1.0,
      2.0,
      5.0
    ]
  },
  "sample_points": [
    {
      "causal_structure": {
        "haag_duality_exact": false
      },
      "coordinates": {
        "region_size": 1.0
      },
      "curvature_invariants": {
        "boundary_modes_present": true
      },
      "local_observables": {
        "commutant_algebra_dimension_proxy": 2.0,
        "local_algebra_dimension_proxy": 1.0
      }
    },
    {
      "causal_structure": {
        "haag_duality_exact": false
      },
      "coordinates": {
        "region_size": 2.0
      },
      "curvature_invariants": {
        "boundary_modes_present": true
      },
      "local_observables": {
        "commutant_algebra_dimension_proxy": 3.0,
        "local_algebra_dimension_proxy": 2.0
      }
    },
    {
      "causal_structure": {
        "haag_duality_exact": false
      },
      "coordinates": {
        "region_size": 5.0
      },
      "curvature_invariants": {
        "boundary_modes_present": true
      },
      "local_observables": {
        "commutant_algebra_dimension_proxy": 6.0,
        "local_algebra_dimension_proxy": 5.0
      }
    }
  ],
  "spacetime": "Flat Minkowski (interval algebra)",
  "theory": "Quantum Field Theory",
  "toy_id": "035",
  "units": {
    "c": 1,
    "hbar": 1
  }
}