{
  "notes": {
    "assumptions": [
      "Unruh\u2013DeWitt detector",
      "Uniform acceleration",
      "Finite-time interaction"
    ],
    "pressure_point": "The Unruh effect is asymptotic in detector runtime. Finite-time detectors do not observe exact thermality."
  },
  "observables": {
    "failure_flags": {
      "instantaneous_thermality": false,
      "observer_independent_particles": false
    },
    "regime_classification": {
      "tau_approx_1_over_a": "transient",
      "tau_less_than_1_over_a": "nonthermal",
      "tau_much_greater_than_1_over_a": "quasi_thermal"
    }
  },
  "parameters": {
    "acceleration": 1.0,
    "gap": 1.0,
    "tau_max_values": [
      2.0,
      4.0,
      6.0,
      10.0
    ]
  },
  "sample_points": [
    {
      "causal_structure": {
        "exact_thermality": false
      },
      "coordinates": {
        "tau_max": 2.0
      },
      "curvature_invariants": {
        "acceleration": 1.0
      },
      "local_observables": {
        "detailed_balance_ratio": 0.0016147118406841347,
        "excitation_probability_proxy": 0.0016177328641631616
      }
    },
    {
      "causal_structure": {
        "exact_thermality": false
      },
      "coordinates": {
        "tau_max": 4.0
      },
      "curvature_invariants": {
        "acceleration": 1.0
      },
      "local_observables": {
        "detailed_balance_ratio": 0.0018332393249886345,
        "excitation_probability_proxy": 0.0018366691995358596
      }
    },
    {
      "causal_structure": {
        "exact_thermality": false
      },
      "coordinates": {
        "tau_max": 6.0
      },
      "curvature_invariants": {
        "acceleration": 1.0
      },
      "local_observables": {
        "detailed_balance_ratio": 0.0018628138039719683,
        "excitation_probability_proxy": 0.0018662990104943097
      }
    },
    {
      "causal_structure": {
        "exact_thermality": false
      },
      "coordinates": {
        "tau_max": 10.0
      },
      "curvature_invariants": {
        "acceleration": 1.0
      },
      "local_observables": {
        "detailed_balance_ratio": 0.0018673579499391343,
        "excitation_probability_proxy": 0.0018708516582704754
      }
    }
  ],
  "spacetime": "Flat Minkowski (accelerated observer)",
  "theory": "Quantum Field Theory",
  "toy_id": "024",
  "units": {
    "c": 1,
    "hbar": 1
  }
}