{
  "notes": {
    "model": "Bloch\u2013Nordsieck infrared dressing proxy",
    "pressure_point": "In the presence of long-range interactions, asymptotic states are infraparticles. Bare Fock particle number is not a physical observable."
  },
  "observables": {
    "summary": {
      "min_overlap": 0.7411344491069477
    }
  },
  "parameters": {
    "alpha": 0.1,
    "ir_cutoffs": [
      1.0,
      0.5,
      0.2,
      0.1,
      0.05
    ]
  },
  "sample_points": [
    {
      "causal_structure": {
        "note": "Sharp particle number fails in IR"
      },
      "coordinates": {
        "ir_cutoff": 1.0
      },
      "curvature_invariants": {
        "analogy": null
      },
      "local_observables": {
        "bare_vs_dressed_overlap": 1.0
      }
    },
    {
      "causal_structure": {
        "note": "Sharp particle number fails in IR"
      },
      "coordinates": {
        "ir_cutoff": 0.5
      },
      "curvature_invariants": {
        "analogy": null
      },
      "local_observables": {
        "bare_vs_dressed_overlap": 0.9330329915368074
      }
    },
    {
      "causal_structure": {
        "note": "Sharp particle number fails in IR"
      },
      "coordinates": {
        "ir_cutoff": 0.2
      },
      "curvature_invariants": {
        "analogy": null
      },
      "local_observables": {
        "bare_vs_dressed_overlap": 0.8513399225207846
      }
    },
    {
      "causal_structure": {
        "note": "Sharp particle number fails in IR"
      },
      "coordinates": {
        "ir_cutoff": 0.1
      },
      "curvature_invariants": {
        "analogy": null
      },
      "local_observables": {
        "bare_vs_dressed_overlap": 0.7943282347242815
      }
    },
    {
      "causal_structure": {
        "note": "Sharp particle number fails in IR"
      },
      "coordinates": {
        "ir_cutoff": 0.05
      },
      "curvature_invariants": {
        "analogy": null
      },
      "local_observables": {
        "bare_vs_dressed_overlap": 0.7411344491069477
      }
    }
  ],
  "spacetime": "Long-range interacting field (IR limit)",
  "theory": "Quantum Field Theory (infrared structure proxy)",
  "toy_id": "049",
  "units": {
    "c": 1,
    "hbar": 1
  }
}