{
  "notes": {
    "assumptions": [
      "Free scalar field",
      "Attempted localization of particle concept"
    ],
    "pressure_point": "Particles are not local observables in QFT. They emerge only asymptotically or in special states."
  },
  "observables": {
    "failure_flags": {
      "local_particle_operator": false,
      "particles_fundamental": false
    },
    "regime_classification": {
      "asymptotic_limit": "particle_interpretation_valid",
      "sharp_localization": "ill_defined"
    }
  },
  "parameters": {
    "asymptotic_particle_number": 1.0,
    "smearing_widths": [
      0.2,
      0.5,
      1.0,
      2.0
    ]
  },
  "sample_points": [
    {
      "causal_structure": {
        "local_particle_concept_valid": false
      },
      "coordinates": {
        "smearing_width_sigma": 0.2
      },
      "curvature_invariants": {
        "asymptotic_particle_number": 1.0
      },
      "local_observables": {
        "local_fluctuation_variance": 24.999999999999996,
        "local_particle_number_attempt": null
      }
    },
    {
      "causal_structure": {
        "local_particle_concept_valid": false
      },
      "coordinates": {
        "smearing_width_sigma": 0.5
      },
      "curvature_invariants": {
        "asymptotic_particle_number": 1.0
      },
      "local_observables": {
        "local_fluctuation_variance": 4.0,
        "local_particle_number_attempt": 2.0
      }
    },
    {
      "causal_structure": {
        "local_particle_concept_valid": false
      },
      "coordinates": {
        "smearing_width_sigma": 1.0
      },
      "curvature_invariants": {
        "asymptotic_particle_number": 1.0
      },
      "local_observables": {
        "local_fluctuation_variance": 1.0,
        "local_particle_number_attempt": 1.0
      }
    },
    {
      "causal_structure": {
        "local_particle_concept_valid": false
      },
      "coordinates": {
        "smearing_width_sigma": 2.0
      },
      "curvature_invariants": {
        "asymptotic_particle_number": 1.0
      },
      "local_observables": {
        "local_fluctuation_variance": 0.25,
        "local_particle_number_attempt": 0.5
      }
    }
  ],
  "spacetime": "Flat Minkowski (1+1D)",
  "theory": "Quantum Field Theory",
  "toy_id": "030",
  "units": {
    "c": 1,
    "hbar": 1
  }
}