{
  "notes": {
    "assumptions": [
      "Unitary global evolution",
      "Fixed bipartition into observed/unobserved modes",
      "Entropy computed after tracing out unobserved modes (proxy)"
    ],
    "pressure_point": "Entropy increase in QFT is observer- and coarse-graining-dependent. Irreversibility is not fundamental but emergent."
  },
  "observables": {
    "statement": "Local entropy grows despite exact global unitarity."
  },
  "parameters": {
    "coupling_eps": 0.05,
    "observed_modes": 10,
    "time_samples": [
      0.0,
      1.0,
      2.0,
      5.0,
      10.0
    ],
    "total_modes": 20
  },
  "sample_points": [
    {
      "causal_structure": {
        "global_unitarity_preserved": true,
        "local_irreversibility": true
      },
      "coordinates": {
        "time_t": 0.0
      },
      "curvature_invariants": {
        "total_modes": 20
      },
      "local_observables": {
        "entropy_monotonic": true,
        "reduced_entropy": 0.0
      }
    },
    {
      "causal_structure": {
        "global_unitarity_preserved": true,
        "local_irreversibility": true
      },
      "coordinates": {
        "time_t": 1.0
      },
      "curvature_invariants": {
        "total_modes": 20
      },
      "local_observables": {
        "entropy_monotonic": true,
        "reduced_entropy": 0.11229840012139655
      }
    },
    {
      "causal_structure": {
        "global_unitarity_preserved": true,
        "local_irreversibility": true
      },
      "coordinates": {
        "time_t": 2.0
      },
      "curvature_invariants": {
        "total_modes": 20
      },
      "local_observables": {
        "entropy_monotonic": true,
        "reduced_entropy": 0.21911994264122367
      }
    },
    {
      "causal_structure": {
        "global_unitarity_preserved": true,
        "local_irreversibility": true
      },
      "coordinates": {
        "time_t": 5.0
      },
      "curvature_invariants": {
        "total_modes": 20
      },
      "local_observables": {
        "entropy_monotonic": true,
        "reduced_entropy": 0.5093300194817393
      }
    },
    {
      "causal_structure": {
        "global_unitarity_preserved": true,
        "local_irreversibility": true
      },
      "coordinates": {
        "time_t": 10.0
      },
      "curvature_invariants": {
        "total_modes": 20
      },
      "local_observables": {
        "entropy_monotonic": true,
        "reduced_entropy": 0.9059966374958919
      }
    }
  ],
  "spacetime": "Flat Minkowski (mode space, coarse-grained)",
  "theory": "Quantum Field Theory",
  "toy_id": "014",
  "units": {
    "c": 1,
    "hbar": 1
  }
}