{
  "notes": {
    "amplitude": "A(s)=(s/\u039b^2)(1+c s/\u039b^2),  a0=A/(16\u03c0),  A_cut=A*(1+\u03b4 \u0398(s-\u039b_cut^2))",
    "pressure_point": "Unitarity can be violated by inconsistent regulation/truncation. Partial-wave bounds give a sharp diagnostic for when an effective amplitude stops being physical."
  },
  "observables": {
    "summary": {
      "first_s_violation_cut": null,
      "first_s_violation_uncut": null,
      "max_violation_cut_over_samples": 0.0
    }
  },
  "parameters": {
    "Lambda": 10.0,
    "Lambda_cut": 8.0,
    "c": 0.25,
    "delta_cutoff_mismatch": 0.5,
    "s_samples": [
      1.0,
      4.0,
      9.0,
      16.0,
      25.0,
      36.0,
      49.0,
      64.0,
      81.0,
      100.0,
      121.0,
      144.0,
      169.0,
      196.0
    ],
    "unitarity_bound": "|a0| <= 1/2 (elastic proxy)"
  },
  "sample_points": [
    {
      "causal_structure": {
        "note": "Hard cutoffs/truncations can violate optical theorem/unitarity bounds at high energy."
      },
      "coordinates": {
        "s": 1.0
      },
      "curvature_invariants": {
        "kretschmann": null,
        "note": "Scattering proxy (no spacetime curvature).",
        "ricci_scalar": null
      },
      "local_observables": {
        "a0_cut": 0.00019944103806203133,
        "a0_uncut": 0.00019944103806203133,
        "unitarity_bound": 0.5,
        "violation_cut": 0.0,
        "violation_uncut": 0.0
      }
    },
    {
      "causal_structure": {
        "note": "Hard cutoffs/truncations can violate optical theorem/unitarity bounds at high energy."
      },
      "coordinates": {
        "s": 4.0
      },
      "curvature_invariants": {
        "kretschmann": null,
        "note": "Scattering proxy (no spacetime curvature).",
        "ricci_scalar": null
      },
      "local_observables": {
        "a0_cut": 0.0008037324626140714,
        "a0_uncut": 0.0008037324626140714,
        "unitarity_bound": 0.5,
        "violation_cut": 0.0,
        "violation_uncut": 0.0
      }
    },
    {
      "causal_structure": {
        "note": "Hard cutoffs/truncations can violate optical theorem/unitarity bounds at high energy."
      },
      "coordinates": {
        "s": 9.0
      },
      "curvature_invariants": {
        "kretschmann": null,
        "note": "Scattering proxy (no spacetime curvature).",
        "ricci_scalar": null
      },
      "local_observables": {
        "a0_cut": 0.0018307792047539586,
        "a0_uncut": 0.0018307792047539586,
        "unitarity_bound": 0.5,
        "violation_cut": 0.0,
        "violation_uncut": 0.0
      }
    },
    {
      "causal_structure": {
        "note": "Hard cutoffs/truncations can violate optical theorem/unitarity bounds at high energy."
      },
      "coordinates": {
        "s": 16.0
      },
      "curvature_invariants": {
        "kretschmann": null,
        "note": "Scattering proxy (no spacetime curvature).",
        "ricci_scalar": null
      },
      "local_observables": {
        "a0_cut": 0.0033104228163114233,
        "a0_uncut": 0.0033104228163114233,
        "unitarity_bound": 0.5,
        "violation_cut": 0.0,
        "violation_uncut": 0.0
      }
    },
    {
      "causal_structure": {
        "note": "Hard cutoffs/truncations can violate optical theorem/unitarity bounds at high energy."
      },
      "coordinates": {
        "s": 25.0
      },
      "curvature_invariants": {
        "kretschmann": null,
        "note": "Scattering proxy (no spacetime curvature).",
        "ricci_scalar": null
      },
      "local_observables": {
        "a0_cut": 0.0052844414698480875,
        "a0_uncut": 0.0052844414698480875,
        "unitarity_bound": 0.5,
        "violation_cut": 0.0,
        "violation_uncut": 0.0
      }
    },
    {
      "causal_structure": {
        "note": "Hard cutoffs/truncations can violate optical theorem/unitarity bounds at high energy."
      },
      "coordinates": {
        "s": 36.0
      },
      "curvature_invariants": {
        "kretschmann": null,
        "note": "Scattering proxy (no spacetime curvature).",
        "ricci_scalar": null
      },
      "local_observables": {
        "a0_cut": 0.007806549958657467,
        "a0_uncut": 0.007806549958657467,
        "unitarity_bound": 0.5,
        "violation_cut": 0.0,
        "violation_uncut": 0.0
      }
    },
    {
      "causal_structure": {
        "note": "Hard cutoffs/truncations can violate optical theorem/unitarity bounds at high energy."
      },
      "coordinates": {
        "s": 49.0
      },
      "curvature_invariants": {
        "kretschmann": null,
        "note": "Scattering proxy (no spacetime curvature).",
        "ricci_scalar": null
      },
      "local_observables": {
        "a0_cut": 0.010942399696764967,
        "a0_uncut": 0.010942399696764967,
        "unitarity_bound": 0.5,
        "violation_cut": 0.0,
        "violation_uncut": 0.0
      }
    },
    {
      "causal_structure": {
        "note": "Hard cutoffs/truncations can violate optical theorem/unitarity bounds at high energy."
      },
      "coordinates": {
        "s": 64.0
      },
      "curvature_invariants": {
        "kretschmann": null,
        "note": "Scattering proxy (no spacetime curvature).",
        "ricci_scalar": null
      },
      "local_observables": {
        "a0_cut": 0.014769578718927886,
        "a0_uncut": 0.014769578718927886,
        "unitarity_bound": 0.5,
        "violation_cut": 0.0,
        "violation_uncut": 0.0
      }
    },
    {
      "causal_structure": {
        "note": "Hard cutoffs/truncations can violate optical theorem/unitarity bounds at high energy."
      },
      "coordinates": {
        "s": 81.0
      },
      "curvature_invariants": {
        "kretschmann": null,
        "note": "Scattering proxy (no spacetime curvature).",
        "ricci_scalar": null
      },
      "local_observables": {
        "a0_cut": 0.029066417520953135,
        "a0_uncut": 0.019377611680635422,
        "unitarity_bound": 0.5,
        "violation_cut": 0.0,
        "violation_uncut": 0.0
      }
    },
    {
      "causal_structure": {
        "note": "Hard cutoffs/truncations can violate optical theorem/unitarity bounds at high energy."
      },
      "coordinates": {
        "s": 100.0
      },
      "curvature_invariants": {
        "kretschmann": null,
        "note": "Scattering proxy (no spacetime curvature).",
        "ricci_scalar": null
      },
      "local_observables": {
        "a0_cut": 0.03730193978716297,
        "a0_uncut": 0.02486795985810865,
        "unitarity_bound": 0.5,
        "violation_cut": 0.0,
        "violation_uncut": 0.0
      }
    },
    {
      "causal_structure": {
        "note": "Hard cutoffs/truncations can violate optical theorem/unitarity bounds at high energy."
      },
      "coordinates": {
        "s": 121.0
      },
      "curvature_invariants": {
        "kretschmann": null,
        "note": "Scattering proxy (no spacetime curvature).",
        "ricci_scalar": null
      },
      "local_observables": {
        "a0_cut": 0.04703103172245082,
        "a0_uncut": 0.03135402114830054,
        "unitarity_bound": 0.5,
        "violation_cut": 0.0,
        "violation_uncut": 0.0
      }
    },
    {
      "causal_structure": {
        "note": "Hard cutoffs/truncations can violate optical theorem/unitarity bounds at high energy."
      },
      "coordinates": {
        "s": 144.0
      },
      "curvature_invariants": {
        "kretschmann": null,
        "note": "Scattering proxy (no spacetime curvature).",
        "ricci_scalar": null
      },
      "local_observables": {
        "a0_cut": 0.05844169510334397,
        "a0_uncut": 0.038961130068895976,
        "unitarity_bound": 0.5,
        "violation_cut": 0.0,
        "violation_uncut": 0.0
      }
    },
    {
      "causal_structure": {
        "note": "Hard cutoffs/truncations can violate optical theorem/unitarity bounds at high energy."
      },
      "coordinates": {
        "s": 169.0
      },
      "curvature_invariants": {
        "kretschmann": null,
        "note": "Scattering proxy (no spacetime curvature).",
        "ricci_scalar": null
      },
      "local_observables": {
        "a0_cut": 0.07173983663746757,
        "a0_uncut": 0.04782655775831171,
        "unitarity_bound": 0.5,
        "violation_cut": 0.0,
        "violation_uncut": 0.0
      }
    },
    {
      "causal_structure": {
        "note": "Hard cutoffs/truncations can violate optical theorem/unitarity bounds at high energy."
      },
      "coordinates": {
        "s": 196.0
      },
      "curvature_invariants": {
        "kretschmann": null,
        "note": "Scattering proxy (no spacetime curvature).",
        "ricci_scalar": null
      },
      "local_observables": {
        "a0_cut": 0.08714926796354458,
        "a0_uncut": 0.05809951197569639,
        "unitarity_bound": 0.5,
        "violation_cut": 0.0,
        "violation_uncut": 0.0
      }
    }
  ],
  "spacetime": "Minkowski scattering (partial-wave proxy)",
  "theory": "Quantum Field Theory (toy): S-matrix unitarity bound vs hard cutoff",
  "toy_id": "076",
  "units": {
    "G": 1,
    "c": 1
  }
}