{
  "notes": {
    "pressure_point": "Expectation values in superposition states do not correspond to classical mixtures. Semiclassical sourcing fails for coherent states."
  },
  "observables": {
    "summary": {
      "interference_term": 0.0
    }
  },
  "parameters": {
    "energy_gap": 2.0
  },
  "sample_points": [
    {
      "causal_structure": {
        "note": "Superpositions do not source classical fields linearly"
      },
      "coordinates": {
        "state": "comparison"
      },
      "curvature_invariants": {
        "analogy": null
      },
      "local_observables": {
        "expectation_classical_mixture": 0.0,
        "expectation_eigenstate_0": 1.0,
        "expectation_eigenstate_1": -1.0,
        "expectation_superposition": 0.0,
        "interference_term": 0.0
      }
    }
  ],
  "spacetime": "Two-level system",
  "theory": "Quantum Field Theory (semiclassical source proxy)",
  "toy_id": "045",
  "units": {
    "hbar": 1
  }
}