{
  "notes": {
    "pressure_point": "Renormalized parameters depend on the scale at which they are defined. There is no invariant notion of mass or coupling without a reference scale."
  },
  "observables": {
    "summary": {
      "max_coupling": 1.2625372380776363,
      "min_coupling": 0.6743855152487007
    }
  },
  "parameters": {
    "beta": 0.3,
    "g0": 1.0,
    "mu0": 1.0,
    "scales": [
      0.5,
      1.0,
      2.0,
      5.0
    ]
  },
  "sample_points": [
    {
      "causal_structure": {
        "note": "Coupling depends on renormalization scale"
      },
      "coordinates": {
        "scale": 0.5
      },
      "curvature_invariants": {
        "analogy": null
      },
      "local_observables": {
        "running_coupling": 1.2625372380776363
      }
    },
    {
      "causal_structure": {
        "note": "Coupling depends on renormalization scale"
      },
      "coordinates": {
        "scale": 1.0
      },
      "curvature_invariants": {
        "analogy": null
      },
      "local_observables": {
        "running_coupling": 1.0
      }
    },
    {
      "causal_structure": {
        "note": "Coupling depends on renormalization scale"
      },
      "coordinates": {
        "scale": 2.0
      },
      "curvature_invariants": {
        "analogy": null
      },
      "local_observables": {
        "running_coupling": 0.8278528411677998
      }
    },
    {
      "causal_structure": {
        "note": "Coupling depends on renormalization scale"
      },
      "coordinates": {
        "scale": 5.0
      },
      "curvature_invariants": {
        "analogy": null
      },
      "local_observables": {
        "running_coupling": 0.6743855152487007
      }
    }
  ],
  "spacetime": "Scale space",
  "theory": "Quantum Field Theory (renormalization ambiguity)",
  "toy_id": "058",
  "units": {
    "hbar": 1
  }
}