{
  "notes": {
    "assumptions": [
      "Free real scalar field",
      "Ground state",
      "Sharp spatial bipartition"
    ],
    "pressure_point": "Vacuum entanglement entropy diverges as lattice spacing \u2192 0. Area-law behavior reflects UV structure, not dynamical degrees of freedom."
  },
  "observables": {
    "trend": "Entropy increases monotonically as UV cutoff increases (a \u2192 0)."
  },
  "parameters": {
    "lattice_spacings": [
      0.5,
      0.25,
      0.125
    ],
    "mass": 1.0,
    "region_size": 10,
    "total_sites": 40
  },
  "sample_points": [
    {
      "causal_structure": {
        "note": "Entropy dominated by short-distance correlations at boundary.",
        "region_boundary_count": 2
      },
      "coordinates": {
        "lattice_spacing_a": 0.5,
        "region_size_sites": 10
      },
      "curvature_invariants": {
        "uv_cutoff_1_over_a": 2.0
      },
      "local_observables": {
        "entanglement_entropy": 0.14275900988045462,
        "entropy_per_site": 0.014275900988045463
      }
    },
    {
      "causal_structure": {
        "note": "Entropy dominated by short-distance correlations at boundary.",
        "region_boundary_count": 2
      },
      "coordinates": {
        "lattice_spacing_a": 0.25,
        "region_size_sites": 10
      },
      "curvature_invariants": {
        "uv_cutoff_1_over_a": 4.0
      },
      "local_observables": {
        "entanglement_entropy": 0.26301135364914596,
        "entropy_per_site": 0.026301135364914595
      }
    },
    {
      "causal_structure": {
        "note": "Entropy dominated by short-distance correlations at boundary.",
        "region_boundary_count": 2
      },
      "coordinates": {
        "lattice_spacing_a": 0.125,
        "region_size_sites": 10
      },
      "curvature_invariants": {
        "uv_cutoff_1_over_a": 8.0
      },
      "local_observables": {
        "entanglement_entropy": 0.39510293551602044,
        "entropy_per_site": 0.039510293551602044
      }
    }
  ],
  "spacetime": "Flat lattice (1+1D)",
  "theory": "Quantum Field Theory",
  "toy_id": "004",
  "units": {
    "c": 1,
    "hbar": 1
  }
}