{
  "notes": {
    "pressure_point": "Analyticity, causality, and unitarity impose positivity bounds that sharply restrict EFT parameter space. UV-completable theories form a narrow cone."
  },
  "observables": {
    "summary": {
      "fractions": {
        "allowed": 0.648,
        "boundary": 0.104,
        "strictly_inside": 0.544
      },
      "n_allowed": 81,
      "n_boundary_saturated": 13,
      "n_strictly_inside": 68,
      "n_total": 125
    }
  },
  "parameters": {
    "beta_dispersion_strength": 4.0,
    "c2_samples": [
      0.0,
      0.25,
      0.5,
      0.75,
      1.0
    ],
    "c4_samples": [
      0.0,
      0.25,
      0.5,
      0.75,
      1.0
    ],
    "c6_samples": [
      0.0,
      0.25,
      0.5,
      0.75,
      1.0
    ]
  },
  "sample_points": [
    {
      "causal_structure": {
        "note": "Positivity/analyticity restrict EFT coefficients to a narrow cone. Most naive choices violate UV-completability."
      },
      "coordinates": {
        "c2": 0.0,
        "c4": 0.0,
        "c6": 0.0
      },
      "curvature_invariants": {
        "kretschmann": null,
        "note": "Wilson-coefficient space; no spacetime curvature.",
        "ricci_scalar": null
      },
      "local_observables": {
        "classification": "boundary_saturated",
        "dispersion_lhs": 0.0,
        "dispersion_rhs": 0.0,
        "positivity_basic": true
      }
    },
    {
      "causal_structure": {
        "note": "Positivity/analyticity restrict EFT coefficients to a narrow cone. Most naive choices violate UV-completability."
      },
      "coordinates": {
        "c2": 0.0,
        "c4": 0.0,
        "c6": 0.25
      },
      "curvature_invariants": {
        "kretschmann": null,
        "note": "Wilson-coefficient space; no spacetime curvature.",
        "ricci_scalar": null
      },
      "local_observables": {
        "classification": "boundary_saturated",
        "dispersion_lhs": 0.0,
        "dispersion_rhs": 0.0,
        "positivity_basic": true
      }
    },
    {
      "causal_structure": {
        "note": "Positivity/analyticity restrict EFT coefficients to a narrow cone. Most naive choices violate UV-completability."
      },
      "coordinates": {
        "c2": 0.0,
        "c4": 0.0,
        "c6": 0.5
      },
      "curvature_invariants": {
        "kretschmann": null,
        "note": "Wilson-coefficient space; no spacetime curvature.",
        "ricci_scalar": null
      },
      "local_observables": {
        "classification": "boundary_saturated",
        "dispersion_lhs": 0.0,
        "dispersion_rhs": 0.0,
        "positivity_basic": true
      }
    },
    {
      "causal_structure": {
        "note": "Positivity/analyticity restrict EFT coefficients to a narrow cone. Most naive choices violate UV-completability."
      },
      "coordinates": {
        "c2": 0.0,
        "c4": 0.0,
        "c6": 0.75
      },
      "curvature_invariants": {
        "kretschmann": null,
        "note": "Wilson-coefficient space; no spacetime curvature.",
        "ricci_scalar": null
      },
      "local_observables": {
        "classification": "boundary_saturated",
        "dispersion_lhs": 0.0,
        "dispersion_rhs": 0.0,
        "positivity_basic": true
      }
    },
    {
      "causal_structure": {
        "note": "Positivity/analyticity restrict EFT coefficients to a narrow cone. Most naive choices violate UV-completability."
      },
      "coordinates": {
        "c2": 0.0,
        "c4": 0.0,
        "c6": 1.0
      },
      "curvature_invariants": {
        "kretschmann": null,
        "note": "Wilson-coefficient space; no spacetime curvature.",
        "ricci_scalar": null
      },
      "local_observables": {
        "classification": "boundary_saturated",
        "dispersion_lhs": 0.0,
        "dispersion_rhs": 0.0,
        "positivity_basic": true
      }
    },
    {
      "causal_structure": {
        "note": "Positivity/analyticity restrict EFT coefficients to a narrow cone. Most naive choices violate UV-completability."
      },
      "coordinates": {
        "c2": 0.0,
        "c4": 0.25,
        "c6": 0.0
      },
      "curvature_invariants": {
        "kretschmann": null,
        "note": "Wilson-coefficient space; no spacetime curvature.",
        "ricci_scalar": null
      },
      "local_observables": {
        "classification": "violates_dispersion_bound",
        "dispersion_lhs": 0.0625,
        "dispersion_rhs": 0.0,
        "positivity_basic": true
      }
    },
    {
      "causal_structure": {
        "note": "Positivity/analyticity restrict EFT coefficients to a narrow cone. Most naive choices violate UV-completability."
      },
      "coordinates": {
        "c2": 0.0,
        "c4": 0.25,
        "c6": 0.25
      },
      "curvature_invariants": {
        "kretschmann": null,
        "note": "Wilson-coefficient space; no spacetime curvature.",
        "ricci_scalar": null
      },
      "local_observables": {
        "classification": "violates_dispersion_bound",
        "dispersion_lhs": 0.0625,
        "dispersion_rhs": 0.0,
        "positivity_basic": true
      }
    },
    {
      "causal_structure": {
        "note": "Positivity/analyticity restrict EFT coefficients to a narrow cone. Most naive choices violate UV-completability."
      },
      "coordinates": {
        "c2": 0.0,
        "c4": 0.25,
        "c6": 0.5
      },
      "curvature_invariants": {
        "kretschmann": null,
        "note": "Wilson-coefficient space; no spacetime curvature.",
        "ricci_scalar": null
      },
      "local_observables": {
        "classification": "violates_dispersion_bound",
        "dispersion_lhs": 0.0625,
        "dispersion_rhs": 0.0,
        "positivity_basic": true
      }
    },
    {
      "causal_structure": {
        "note": "Positivity/analyticity restrict EFT coefficients to a narrow cone. Most naive choices violate UV-completability."
      },
      "coordinates": {
        "c2": 0.0,
        "c4": 0.25,
        "c6": 0.75
      },
      "curvature_invariants": {
        "kretschmann": null,
        "note": "Wilson-coefficient space; no spacetime curvature.",
        "ricci_scalar": null
      },
      "local_observables": {
        "classification": "violates_dispersion_bound",
        "dispersion_lhs": 0.0625,
        "dispersion_rhs": 0.0,
        "positivity_basic": true
      }
    },
    {
      "causal_structure": {
        "note": "Positivity/analyticity restrict EFT coefficients to a narrow cone. Most naive choices violate UV-completability."
      },
      "coordinates": {
        "c2": 0.0,
        "c4": 0.25,
        "c6": 1.0
      },
      "curvature_invariants": {
        "kretschmann": null,
        "note": "Wilson-coefficient space; no spacetime curvature.",
        "ricci_scalar": null
      },
      "local_observables": {
        "classification": "violates_dispersion_bound",
        "dispersion_lhs": 0.0625,
        "dispersion_rhs": 0.0,
        "positivity_basic": true
      }
    },
    {
      "causal_structure": {
        "note": "Positivity/analyticity restrict EFT coefficients to a narrow cone. Most naive choices violate UV-completability."
      },
      "coordinates": {
        "c2": 0.0,
        "c4": 0.5,
        "c6": 0.0
      },
      "curvature_invariants": {
        "kretschmann": null,
        "note": "Wilson-coefficient space; no spacetime curvature.",
        "ricci_scalar": null
      },
      "local_observables": {
        "classification": "violates_dispersion_bound",
        "dispersion_lhs": 0.25,
        "dispersion_rhs": 0.0,
        "positivity_basic": true
      }
    },
    {
      "causal_structure": {
        "note": "Positivity/analyticity restrict EFT coefficients to a narrow cone. Most naive choices violate UV-completability."
      },
      "coordinates": {
        "c2": 0.0,
        "c4": 0.5,
        "c6": 0.25
      },
      "curvature_invariants": {
        "kretschmann": null,
        "note": "Wilson-coefficient space; no spacetime curvature.",
        "ricci_scalar": null
      },
      "local_observables": {
        "classification": "violates_dispersion_bound",
        "dispersion_lhs": 0.25,
        "dispersion_rhs": 0.0,
        "positivity_basic": true
      }
    },
    {
      "causal_structure": {
        "note": "Positivity/analyticity restrict EFT coefficients to a narrow cone. Most naive choices violate UV-completability."
      },
      "coordinates": {
        "c2": 0.0,
        "c4": 0.5,
        "c6": 0.5
      },
      "curvature_invariants": {
        "kretschmann": null,
        "note": "Wilson-coefficient space; no spacetime curvature.",
        "ricci_scalar": null
      },
      "local_observables": {
        "classification": "violates_dispersion_bound",
        "dispersion_lhs": 0.25,
        "dispersion_rhs": 0.0,
        "positivity_basic": true
      }
    },
    {
      "causal_structure": {
        "note": "Positivity/analyticity restrict EFT coefficients to a narrow cone. Most naive choices violate UV-completability."
      },
      "coordinates": {
        "c2": 0.0,
        "c4": 0.5,
        "c6": 0.75
      },
      "curvature_invariants": {
        "kretschmann": null,
        "note": "Wilson-coefficient space; no spacetime curvature.",
        "ricci_scalar": null
      },
      "local_observables": {
        "classification": "violates_dispersion_bound",
        "dispersion_lhs": 0.25,
        "dispersion_rhs": 0.0,
        "positivity_basic": true
      }
    },
    {
      "causal_structure": {
        "note": "Positivity/analyticity restrict EFT coefficients to a narrow cone. Most naive choices violate UV-completability."
      },
      "coordinates": {
        "c2": 0.0,
        "c4": 0.5,
        "c6": 1.0
      },
      "curvature_invariants": {
        "kretschmann": null,
        "note": "Wilson-coefficient space; no spacetime curvature.",
        "ricci_scalar": null
      },
      "local_observables": {
        "classification": "violates_dispersion_bound",
        "dispersion_lhs": 0.25,
        "dispersion_rhs": 0.0,
        "positivity_basic": true
      }
    },
    {
      "causal_structure": {
        "note": "Positivity/analyticity restrict EFT coefficients to a narrow cone. Most naive choices violate UV-completability."
      },
      "coordinates": {
        "c2": 0.0,
        "c4": 0.75,
        "c6": 0.0
      },
      "curvature_invariants": {
        "kretschmann": null,
        "note": "Wilson-coefficient space; no spacetime curvature.",
        "ricci_scalar": null
      },
      "local_observables": {
        "classification": "violates_dispersion_bound",
        "dispersion_lhs": 0.5625,
        "dispersion_rhs": 0.0,
        "positivity_basic": true
      }
    },
    {
      "causal_structure": {
        "note": "Positivity/analyticity restrict EFT coefficients to a narrow cone. Most naive choices violate UV-completability."
      },
      "coordinates": {
        "c2": 0.0,
        "c4": 0.75,
        "c6": 0.25
      },
      "curvature_invariants": {
        "kretschmann": null,
        "note": "Wilson-coefficient space; no spacetime curvature.",
        "ricci_scalar": null
      },
      "local_observables": {
        "classification": "violates_dispersion_bound",
        "dispersion_lhs": 0.5625,
        "dispersion_rhs": 0.0,
        "positivity_basic": true
      }
    },
    {
      "causal_structure": {
        "note": "Positivity/analyticity restrict EFT coefficients to a narrow cone. Most naive choices violate UV-completability."
      },
      "coordinates": {
        "c2": 0.0,
        "c4": 0.75,
        "c6": 0.5
      },
      "curvature_invariants": {
        "kretschmann": null,
        "note": "Wilson-coefficient space; no spacetime curvature.",
        "ricci_scalar": null
      },
      "local_observables": {
        "classification": "violates_dispersion_bound",
        "dispersion_lhs": 0.5625,
        "dispersion_rhs": 0.0,
        "positivity_basic": true
      }
    },
    {
      "causal_structure": {
        "note": "Positivity/analyticity restrict EFT coefficients to a narrow cone. Most naive choices violate UV-completability."
      },
      "coordinates": {
        "c2": 0.0,
        "c4": 0.75,
        "c6": 0.75
      },
      "curvature_invariants": {
        "kretschmann": null,
        "note": "Wilson-coefficient space; no spacetime curvature.",
        "ricci_scalar": null
      },
      "local_observables": {
        "classification": "violates_dispersion_bound",
        "dispersion_lhs": 0.5625,
        "dispersion_rhs": 0.0,
        "positivity_basic": true
      }
    },
    {
      "causal_structure": {
        "note": "Positivity/analyticity restrict EFT coefficients to a narrow cone. Most naive choices violate UV-completability."
      },
      "coordinates": {
        "c2": 0.0,
        "c4": 0.75,
        "c6": 1.0
      },
      "curvature_invariants": {
        "kretschmann": null,
        "note": "Wilson-coefficient space; no spacetime curvature.",
        "ricci_scalar": null
      },
      "local_observables": {
        "classification": "violates_dispersion_bound",
        "dispersion_lhs": 0.5625,
        "dispersion_rhs": 0.0,
        "positivity_basic": true
      }
    },
    {
      "causal_structure": {
        "note": "Positivity/analyticity restrict EFT coefficients to a narrow cone. Most naive choices violate UV-completability."
      },
      "coordinates": {
        "c2": 0.0,
        "c4": 1.0,
        "c6": 0.0
      },
      "curvature_invariants": {
        "kretschmann": null,
        "note": "Wilson-coefficient space; no spacetime curvature.",
        "ricci_scalar": null
      },
      "local_observables": {
        "classification": "violates_dispersion_bound",
        "dispersion_lhs": 1.0,
        "dispersion_rhs": 0.0,
        "positivity_basic": true
      }
    },
    {
      "causal_structure": {
        "note": "Positivity/analyticity restrict EFT coefficients to a narrow cone. Most naive choices violate UV-completability."
      },
      "coordinates": {
        "c2": 0.0,
        "c4": 1.0,
        "c6": 0.25
      },
      "curvature_invariants": {
        "kretschmann": null,
        "note": "Wilson-coefficient space; no spacetime curvature.",
        "ricci_scalar": null
      },
      "local_observables": {
        "classification": "violates_dispersion_bound",
        "dispersion_lhs": 1.0,
        "dispersion_rhs": 0.0,
        "positivity_basic": true
      }
    },
    {
      "causal_structure": {
        "note": "Positivity/analyticity restrict EFT coefficients to a narrow cone. Most naive choices violate UV-completability."
      },
      "coordinates": {
        "c2": 0.0,
        "c4": 1.0,
        "c6": 0.5
      },
      "curvature_invariants": {
        "kretschmann": null,
        "note": "Wilson-coefficient space; no spacetime curvature.",
        "ricci_scalar": null
      },
      "local_observables": {
        "classification": "violates_dispersion_bound",
        "dispersion_lhs": 1.0,
        "dispersion_rhs": 0.0,
        "positivity_basic": true
      }
    },
    {
      "causal_structure": {
        "note": "Positivity/analyticity restrict EFT coefficients to a narrow cone. Most naive choices violate UV-completability."
      },
      "coordinates": {
        "c2": 0.0,
        "c4": 1.0,
        "c6": 0.75
      },
      "curvature_invariants": {
        "kretschmann": null,
        "note": "Wilson-coefficient space; no spacetime curvature.",
        "ricci_scalar": null
      },
      "local_observables": {
        "classification": "violates_dispersion_bound",
        "dispersion_lhs": 1.0,
        "dispersion_rhs": 0.0,
        "positivity_basic": true
      }
    },
    {
      "causal_structure": {
        "note": "Positivity/analyticity restrict EFT coefficients to a narrow cone. Most naive choices violate UV-completability."
      },
      "coordinates": {
        "c2": 0.0,
        "c4": 1.0,
        "c6": 1.0
      },
      "curvature_invariants": {
        "kretschmann": null,
        "note": "Wilson-coefficient space; no spacetime curvature.",
        "ricci_scalar": null
      },
      "local_observables": {
        "classification": "violates_dispersion_bound",
        "dispersion_lhs": 1.0,
        "dispersion_rhs": 0.0,
        "positivity_basic": true
      }
    },
    {
      "causal_structure": {
        "note": "Positivity/analyticity restrict EFT coefficients to a narrow cone. Most naive choices violate UV-completability."
      },
      "coordinates": {
        "c2": 0.25,
        "c4": 0.0,
        "c6": 0.0
      },
      "curvature_invariants": {
        "kretschmann": null,
        "note": "Wilson-coefficient space; no spacetime curvature.",
        "ricci_scalar": null
      },
      "local_observables": {
        "classification": "boundary_saturated",
        "dispersion_lhs": 0.0,
        "dispersion_rhs": 0.0,
        "positivity_basic": true
      }
    },
    {
      "causal_structure": {
        "note": "Positivity/analyticity restrict EFT coefficients to a narrow cone. Most naive choices violate UV-completability."
      },
      "coordinates": {
        "c2": 0.25,
        "c4": 0.0,
        "c6": 0.25
      },
      "curvature_invariants": {
        "kretschmann": null,
        "note": "Wilson-coefficient space; no spacetime curvature.",
        "ricci_scalar": null
      },
      "local_observables": {
        "classification": "strictly_inside_cone",
        "dispersion_lhs": 0.0,
        "dispersion_rhs": 0.25,
        "positivity_basic": true
      }
    },
    {
      "causal_structure": {
        "note": "Positivity/analyticity restrict EFT coefficients to a narrow cone. Most naive choices violate UV-completability."
      },
      "coordinates": {
        "c2": 0.25,
        "c4": 0.0,
        "c6": 0.5
      },
      "curvature_invariants": {
        "kretschmann": null,
        "note": "Wilson-coefficient space; no spacetime curvature.",
        "ricci_scalar": null
      },
      "local_observables": {
        "classification": "strictly_inside_cone",
        "dispersion_lhs": 0.0,
        "dispersion_rhs": 0.5,
        "positivity_basic": true
      }
    },
    {
      "causal_structure": {
        "note": "Positivity/analyticity restrict EFT coefficients to a narrow cone. Most naive choices violate UV-completability."
      },
      "coordinates": {
        "c2": 0.25,
        "c4": 0.0,
        "c6": 0.75
      },
      "curvature_invariants": {
        "kretschmann": null,
        "note": "Wilson-coefficient space; no spacetime curvature.",
        "ricci_scalar": null
      },
      "local_observables": {
        "classification": "strictly_inside_cone",
        "dispersion_lhs": 0.0,
        "dispersion_rhs": 0.75,
        "positivity_basic": true
      }
    },
    {
      "causal_structure": {
        "note": "Positivity/analyticity restrict EFT coefficients to a narrow cone. Most naive choices violate UV-completability."
      },
      "coordinates": {
        "c2": 0.25,
        "c4": 0.0,
        "c6": 1.0
      },
      "curvature_invariants": {
        "kretschmann": null,
        "note": "Wilson-coefficient space; no spacetime curvature.",
        "ricci_scalar": null
      },
      "local_observables": {
        "classification": "strictly_inside_cone",
        "dispersion_lhs": 0.0,
        "dispersion_rhs": 1.0,
        "positivity_basic": true
      }
    },
    {
      "causal_structure": {
        "note": "Positivity/analyticity restrict EFT coefficients to a narrow cone. Most naive choices violate UV-completability."
      },
      "coordinates": {
        "c2": 0.25,
        "c4": 0.25,
        "c6": 0.0
      },
      "curvature_invariants": {
        "kretschmann": null,
        "note": "Wilson-coefficient space; no spacetime curvature.",
        "ricci_scalar": null
      },
      "local_observables": {
        "classification": "violates_dispersion_bound",
        "dispersion_lhs": 0.0625,
        "dispersion_rhs": 0.0,
        "positivity_basic": true
      }
    },
    {
      "causal_structure": {
        "note": "Positivity/analyticity restrict EFT coefficients to a narrow cone. Most naive choices violate UV-completability."
      },
      "coordinates": {
        "c2": 0.25,
        "c4": 0.25,
        "c6": 0.25
      },
      "curvature_invariants": {
        "kretschmann": null,
        "note": "Wilson-coefficient space; no spacetime curvature.",
        "ricci_scalar": null
      },
      "local_observables": {
        "classification": "strictly_inside_cone",
        "dispersion_lhs": 0.0625,
        "dispersion_rhs": 0.25,
        "positivity_basic": true
      }
    },
    {
      "causal_structure": {
        "note": "Positivity/analyticity restrict EFT coefficients to a narrow cone. Most naive choices violate UV-completability."
      },
      "coordinates": {
        "c2": 0.25,
        "c4": 0.25,
        "c6": 0.5
      },
      "curvature_invariants": {
        "kretschmann": null,
        "note": "Wilson-coefficient space; no spacetime curvature.",
        "ricci_scalar": null
      },
      "local_observables": {
        "classification": "strictly_inside_cone",
        "dispersion_lhs": 0.0625,
        "dispersion_rhs": 0.5,
        "positivity_basic": true
      }
    },
    {
      "causal_structure": {
        "note": "Positivity/analyticity restrict EFT coefficients to a narrow cone. Most naive choices violate UV-completability."
      },
      "coordinates": {
        "c2": 0.25,
        "c4": 0.25,
        "c6": 0.75
      },
      "curvature_invariants": {
        "kretschmann": null,
        "note": "Wilson-coefficient space; no spacetime curvature.",
        "ricci_scalar": null
      },
      "local_observables": {
        "classification": "strictly_inside_cone",
        "dispersion_lhs": 0.0625,
        "dispersion_rhs": 0.75,
        "positivity_basic": true
      }
    },
    {
      "causal_structure": {
        "note": "Positivity/analyticity restrict EFT coefficients to a narrow cone. Most naive choices violate UV-completability."
      },
      "coordinates": {
        "c2": 0.25,
        "c4": 0.25,
        "c6": 1.0
      },
      "curvature_invariants": {
        "kretschmann": null,
        "note": "Wilson-coefficient space; no spacetime curvature.",
        "ricci_scalar": null
      },
      "local_observables": {
        "classification": "strictly_inside_cone",
        "dispersion_lhs": 0.0625,
        "dispersion_rhs": 1.0,
        "positivity_basic": true
      }
    },
    {
      "causal_structure": {
        "note": "Positivity/analyticity restrict EFT coefficients to a narrow cone. Most naive choices violate UV-completability."
      },
      "coordinates": {
        "c2": 0.25,
        "c4": 0.5,
        "c6": 0.0
      },
      "curvature_invariants": {
        "kretschmann": null,
        "note": "Wilson-coefficient space; no spacetime curvature.",
        "ricci_scalar": null
      },
      "local_observables": {
        "classification": "violates_dispersion_bound",
        "dispersion_lhs": 0.25,
        "dispersion_rhs": 0.0,
        "positivity_basic": true
      }
    },
    {
      "causal_structure": {
        "note": "Positivity/analyticity restrict EFT coefficients to a narrow cone. Most naive choices violate UV-completability."
      },
      "coordinates": {
        "c2": 0.25,
        "c4": 0.5,
        "c6": 0.25
      },
      "curvature_invariants": {
        "kretschmann": null,
        "note": "Wilson-coefficient space; no spacetime curvature.",
        "ricci_scalar": null
      },
      "local_observables": {
        "classification": "boundary_saturated",
        "dispersion_lhs": 0.25,
        "dispersion_rhs": 0.25,
        "positivity_basic": true
      }
    },
    {
      "causal_structure": {
        "note": "Positivity/analyticity restrict EFT coefficients to a narrow cone. Most naive choices violate UV-completability."
      },
      "coordinates": {
        "c2": 0.25,
        "c4": 0.5,
        "c6": 0.5
      },
      "curvature_invariants": {
        "kretschmann": null,
        "note": "Wilson-coefficient space; no spacetime curvature.",
        "ricci_scalar": null
      },
      "local_observables": {
        "classification": "strictly_inside_cone",
        "dispersion_lhs": 0.25,
        "dispersion_rhs": 0.5,
        "positivity_basic": true
      }
    },
    {
      "causal_structure": {
        "note": "Positivity/analyticity restrict EFT coefficients to a narrow cone. Most naive choices violate UV-completability."
      },
      "coordinates": {
        "c2": 0.25,
        "c4": 0.5,
        "c6": 0.75
      },
      "curvature_invariants": {
        "kretschmann": null,
        "note": "Wilson-coefficient space; no spacetime curvature.",
        "ricci_scalar": null
      },
      "local_observables": {
        "classification": "strictly_inside_cone",
        "dispersion_lhs": 0.25,
        "dispersion_rhs": 0.75,
        "positivity_basic": true
      }
    },
    {
      "causal_structure": {
        "note": "Positivity/analyticity restrict EFT coefficients to a narrow cone. Most naive choices violate UV-completability."
      },
      "coordinates": {
        "c2": 0.25,
        "c4": 0.5,
        "c6": 1.0
      },
      "curvature_invariants": {
        "kretschmann": null,
        "note": "Wilson-coefficient space; no spacetime curvature.",
        "ricci_scalar": null
      },
      "local_observables": {
        "classification": "strictly_inside_cone",
        "dispersion_lhs": 0.25,
        "dispersion_rhs": 1.0,
        "positivity_basic": true
      }
    },
    {
      "causal_structure": {
        "note": "Positivity/analyticity restrict EFT coefficients to a narrow cone. Most naive choices violate UV-completability."
      },
      "coordinates": {
        "c2": 0.25,
        "c4": 0.75,
        "c6": 0.0
      },
      "curvature_invariants": {
        "kretschmann": null,
        "note": "Wilson-coefficient space; no spacetime curvature.",
        "ricci_scalar": null
      },
      "local_observables": {
        "classification": "violates_dispersion_bound",
        "dispersion_lhs": 0.5625,
        "dispersion_rhs": 0.0,
        "positivity_basic": true
      }
    },
    {
      "causal_structure": {
        "note": "Positivity/analyticity restrict EFT coefficients to a narrow cone. Most naive choices violate UV-completability."
      },
      "coordinates": {
        "c2": 0.25,
        "c4": 0.75,
        "c6": 0.25
      },
      "curvature_invariants": {
        "kretschmann": null,
        "note": "Wilson-coefficient space; no spacetime curvature.",
        "ricci_scalar": null
      },
      "local_observables": {
        "classification": "violates_dispersion_bound",
        "dispersion_lhs": 0.5625,
        "dispersion_rhs": 0.25,
        "positivity_basic": true
      }
    },
    {
      "causal_structure": {
        "note": "Positivity/analyticity restrict EFT coefficients to a narrow cone. Most naive choices violate UV-completability."
      },
      "coordinates": {
        "c2": 0.25,
        "c4": 0.75,
        "c6": 0.5
      },
      "curvature_invariants": {
        "kretschmann": null,
        "note": "Wilson-coefficient space; no spacetime curvature.",
        "ricci_scalar": null
      },
      "local_observables": {
        "classification": "violates_dispersion_bound",
        "dispersion_lhs": 0.5625,
        "dispersion_rhs": 0.5,
        "positivity_basic": true
      }
    },
    {
      "causal_structure": {
        "note": "Positivity/analyticity restrict EFT coefficients to a narrow cone. Most naive choices violate UV-completability."
      },
      "coordinates": {
        "c2": 0.25,
        "c4": 0.75,
        "c6": 0.75
      },
      "curvature_invariants": {
        "kretschmann": null,
        "note": "Wilson-coefficient space; no spacetime curvature.",
        "ricci_scalar": null
      },
      "local_observables": {
        "classification": "strictly_inside_cone",
        "dispersion_lhs": 0.5625,
        "dispersion_rhs": 0.75,
        "positivity_basic": true
      }
    },
    {
      "causal_structure": {
        "note": "Positivity/analyticity restrict EFT coefficients to a narrow cone. Most naive choices violate UV-completability."
      },
      "coordinates": {
        "c2": 0.25,
        "c4": 0.75,
        "c6": 1.0
      },
      "curvature_invariants": {
        "kretschmann": null,
        "note": "Wilson-coefficient space; no spacetime curvature.",
        "ricci_scalar": null
      },
      "local_observables": {
        "classification": "strictly_inside_cone",
        "dispersion_lhs": 0.5625,
        "dispersion_rhs": 1.0,
        "positivity_basic": true
      }
    },
    {
      "causal_structure": {
        "note": "Positivity/analyticity restrict EFT coefficients to a narrow cone. Most naive choices violate UV-completability."
      },
      "coordinates": {
        "c2": 0.25,
        "c4": 1.0,
        "c6": 0.0
      },
      "curvature_invariants": {
        "kretschmann": null,
        "note": "Wilson-coefficient space; no spacetime curvature.",
        "ricci_scalar": null
      },
      "local_observables": {
        "classification": "violates_dispersion_bound",
        "dispersion_lhs": 1.0,
        "dispersion_rhs": 0.0,
        "positivity_basic": true
      }
    },
    {
      "causal_structure": {
        "note": "Positivity/analyticity restrict EFT coefficients to a narrow cone. Most naive choices violate UV-completability."
      },
      "coordinates": {
        "c2": 0.25,
        "c4": 1.0,
        "c6": 0.25
      },
      "curvature_invariants": {
        "kretschmann": null,
        "note": "Wilson-coefficient space; no spacetime curvature.",
        "ricci_scalar": null
      },
      "local_observables": {
        "classification": "violates_dispersion_bound",
        "dispersion_lhs": 1.0,
        "dispersion_rhs": 0.25,
        "positivity_basic": true
      }
    },
    {
      "causal_structure": {
        "note": "Positivity/analyticity restrict EFT coefficients to a narrow cone. Most naive choices violate UV-completability."
      },
      "coordinates": {
        "c2": 0.25,
        "c4": 1.0,
        "c6": 0.5
      },
      "curvature_invariants": {
        "kretschmann": null,
        "note": "Wilson-coefficient space; no spacetime curvature.",
        "ricci_scalar": null
      },
      "local_observables": {
        "classification": "violates_dispersion_bound",
        "dispersion_lhs": 1.0,
        "dispersion_rhs": 0.5,
        "positivity_basic": true
      }
    },
    {
      "causal_structure": {
        "note": "Positivity/analyticity restrict EFT coefficients to a narrow cone. Most naive choices violate UV-completability."
      },
      "coordinates": {
        "c2": 0.25,
        "c4": 1.0,
        "c6": 0.75
      },
      "curvature_invariants": {
        "kretschmann": null,
        "note": "Wilson-coefficient space; no spacetime curvature.",
        "ricci_scalar": null
      },
      "local_observables": {
        "classification": "violates_dispersion_bound",
        "dispersion_lhs": 1.0,
        "dispersion_rhs": 0.75,
        "positivity_basic": true
      }
    },
    {
      "causal_structure": {
        "note": "Positivity/analyticity restrict EFT coefficients to a narrow cone. Most naive choices violate UV-completability."
      },
      "coordinates": {
        "c2": 0.25,
        "c4": 1.0,
        "c6": 1.0
      },
      "curvature_invariants": {
        "kretschmann": null,
        "note": "Wilson-coefficient space; no spacetime curvature.",
        "ricci_scalar": null
      },
      "local_observables": {
        "classification": "boundary_saturated",
        "dispersion_lhs": 1.0,
        "dispersion_rhs": 1.0,
        "positivity_basic": true
      }
    },
    {
      "causal_structure": {
        "note": "Positivity/analyticity restrict EFT coefficients to a narrow cone. Most naive choices violate UV-completability."
      },
      "coordinates": {
        "c2": 0.5,
        "c4": 0.0,
        "c6": 0.0
      },
      "curvature_invariants": {
        "kretschmann": null,
        "note": "Wilson-coefficient space; no spacetime curvature.",
        "ricci_scalar": null
      },
      "local_observables": {
        "classification": "boundary_saturated",
        "dispersion_lhs": 0.0,
        "dispersion_rhs": 0.0,
        "positivity_basic": true
      }
    },
    {
      "causal_structure": {
        "note": "Positivity/analyticity restrict EFT coefficients to a narrow cone. Most naive choices violate UV-completability."
      },
      "coordinates": {
        "c2": 0.5,
        "c4": 0.0,
        "c6": 0.25
      },
      "curvature_invariants": {
        "kretschmann": null,
        "note": "Wilson-coefficient space; no spacetime curvature.",
        "ricci_scalar": null
      },
      "local_observables": {
        "classification": "strictly_inside_cone",
        "dispersion_lhs": 0.0,
        "dispersion_rhs": 0.5,
        "positivity_basic": true
      }
    },
    {
      "causal_structure": {
        "note": "Positivity/analyticity restrict EFT coefficients to a narrow cone. Most naive choices violate UV-completability."
      },
      "coordinates": {
        "c2": 0.5,
        "c4": 0.0,
        "c6": 0.5
      },
      "curvature_invariants": {
        "kretschmann": null,
        "note": "Wilson-coefficient space; no spacetime curvature.",
        "ricci_scalar": null
      },
      "local_observables": {
        "classification": "strictly_inside_cone",
        "dispersion_lhs": 0.0,
        "dispersion_rhs": 1.0,
        "positivity_basic": true
      }
    },
    {
      "causal_structure": {
        "note": "Positivity/analyticity restrict EFT coefficients to a narrow cone. Most naive choices violate UV-completability."
      },
      "coordinates": {
        "c2": 0.5,
        "c4": 0.0,
        "c6": 0.75
      },
      "curvature_invariants": {
        "kretschmann": null,
        "note": "Wilson-coefficient space; no spacetime curvature.",
        "ricci_scalar": null
      },
      "local_observables": {
        "classification": "strictly_inside_cone",
        "dispersion_lhs": 0.0,
        "dispersion_rhs": 1.5,
        "positivity_basic": true
      }
    },
    {
      "causal_structure": {
        "note": "Positivity/analyticity restrict EFT coefficients to a narrow cone. Most naive choices violate UV-completability."
      },
      "coordinates": {
        "c2": 0.5,
        "c4": 0.0,
        "c6": 1.0
      },
      "curvature_invariants": {
        "kretschmann": null,
        "note": "Wilson-coefficient space; no spacetime curvature.",
        "ricci_scalar": null
      },
      "local_observables": {
        "classification": "strictly_inside_cone",
        "dispersion_lhs": 0.0,
        "dispersion_rhs": 2.0,
        "positivity_basic": true
      }
    },
    {
      "causal_structure": {
        "note": "Positivity/analyticity restrict EFT coefficients to a narrow cone. Most naive choices violate UV-completability."
      },
      "coordinates": {
        "c2": 0.5,
        "c4": 0.25,
        "c6": 0.0
      },
      "curvature_invariants": {
        "kretschmann": null,
        "note": "Wilson-coefficient space; no spacetime curvature.",
        "ricci_scalar": null
      },
      "local_observables": {
        "classification": "violates_dispersion_bound",
        "dispersion_lhs": 0.0625,
        "dispersion_rhs": 0.0,
        "positivity_basic": true
      }
    },
    {
      "causal_structure": {
        "note": "Positivity/analyticity restrict EFT coefficients to a narrow cone. Most naive choices violate UV-completability."
      },
      "coordinates": {
        "c2": 0.5,
        "c4": 0.25,
        "c6": 0.25
      },
      "curvature_invariants": {
        "kretschmann": null,
        "note": "Wilson-coefficient space; no spacetime curvature.",
        "ricci_scalar": null
      },
      "local_observables": {
        "classification": "strictly_inside_cone",
        "dispersion_lhs": 0.0625,
        "dispersion_rhs": 0.5,
        "positivity_basic": true
      }
    },
    {
      "causal_structure": {
        "note": "Positivity/analyticity restrict EFT coefficients to a narrow cone. Most naive choices violate UV-completability."
      },
      "coordinates": {
        "c2": 0.5,
        "c4": 0.25,
        "c6": 0.5
      },
      "curvature_invariants": {
        "kretschmann": null,
        "note": "Wilson-coefficient space; no spacetime curvature.",
        "ricci_scalar": null
      },
      "local_observables": {
        "classification": "strictly_inside_cone",
        "dispersion_lhs": 0.0625,
        "dispersion_rhs": 1.0,
        "positivity_basic": true
      }
    },
    {
      "causal_structure": {
        "note": "Positivity/analyticity restrict EFT coefficients to a narrow cone. Most naive choices violate UV-completability."
      },
      "coordinates": {
        "c2": 0.5,
        "c4": 0.25,
        "c6": 0.75
      },
      "curvature_invariants": {
        "kretschmann": null,
        "note": "Wilson-coefficient space; no spacetime curvature.",
        "ricci_scalar": null
      },
      "local_observables": {
        "classification": "strictly_inside_cone",
        "dispersion_lhs": 0.0625,
        "dispersion_rhs": 1.5,
        "positivity_basic": true
      }
    },
    {
      "causal_structure": {
        "note": "Positivity/analyticity restrict EFT coefficients to a narrow cone. Most naive choices violate UV-completability."
      },
      "coordinates": {
        "c2": 0.5,
        "c4": 0.25,
        "c6": 1.0
      },
      "curvature_invariants": {
        "kretschmann": null,
        "note": "Wilson-coefficient space; no spacetime curvature.",
        "ricci_scalar": null
      },
      "local_observables": {
        "classification": "strictly_inside_cone",
        "dispersion_lhs": 0.0625,
        "dispersion_rhs": 2.0,
        "positivity_basic": true
      }
    },
    {
      "causal_structure": {
        "note": "Positivity/analyticity restrict EFT coefficients to a narrow cone. Most naive choices violate UV-completability."
      },
      "coordinates": {
        "c2": 0.5,
        "c4": 0.5,
        "c6": 0.0
      },
      "curvature_invariants": {
        "kretschmann": null,
        "note": "Wilson-coefficient space; no spacetime curvature.",
        "ricci_scalar": null
      },
      "local_observables": {
        "classification": "violates_dispersion_bound",
        "dispersion_lhs": 0.25,
        "dispersion_rhs": 0.0,
        "positivity_basic": true
      }
    },
    {
      "causal_structure": {
        "note": "Positivity/analyticity restrict EFT coefficients to a narrow cone. Most naive choices violate UV-completability."
      },
      "coordinates": {
        "c2": 0.5,
        "c4": 0.5,
        "c6": 0.25
      },
      "curvature_invariants": {
        "kretschmann": null,
        "note": "Wilson-coefficient space; no spacetime curvature.",
        "ricci_scalar": null
      },
      "local_observables": {
        "classification": "strictly_inside_cone",
        "dispersion_lhs": 0.25,
        "dispersion_rhs": 0.5,
        "positivity_basic": true
      }
    },
    {
      "causal_structure": {
        "note": "Positivity/analyticity restrict EFT coefficients to a narrow cone. Most naive choices violate UV-completability."
      },
      "coordinates": {
        "c2": 0.5,
        "c4": 0.5,
        "c6": 0.5
      },
      "curvature_invariants": {
        "kretschmann": null,
        "note": "Wilson-coefficient space; no spacetime curvature.",
        "ricci_scalar": null
      },
      "local_observables": {
        "classification": "strictly_inside_cone",
        "dispersion_lhs": 0.25,
        "dispersion_rhs": 1.0,
        "positivity_basic": true
      }
    },
    {
      "causal_structure": {
        "note": "Positivity/analyticity restrict EFT coefficients to a narrow cone. Most naive choices violate UV-completability."
      },
      "coordinates": {
        "c2": 0.5,
        "c4": 0.5,
        "c6": 0.75
      },
      "curvature_invariants": {
        "kretschmann": null,
        "note": "Wilson-coefficient space; no spacetime curvature.",
        "ricci_scalar": null
      },
      "local_observables": {
        "classification": "strictly_inside_cone",
        "dispersion_lhs": 0.25,
        "dispersion_rhs": 1.5,
        "positivity_basic": true
      }
    },
    {
      "causal_structure": {
        "note": "Positivity/analyticity restrict EFT coefficients to a narrow cone. Most naive choices violate UV-completability."
      },
      "coordinates": {
        "c2": 0.5,
        "c4": 0.5,
        "c6": 1.0
      },
      "curvature_invariants": {
        "kretschmann": null,
        "note": "Wilson-coefficient space; no spacetime curvature.",
        "ricci_scalar": null
      },
      "local_observables": {
        "classification": "strictly_inside_cone",
        "dispersion_lhs": 0.25,
        "dispersion_rhs": 2.0,
        "positivity_basic": true
      }
    },
    {
      "causal_structure": {
        "note": "Positivity/analyticity restrict EFT coefficients to a narrow cone. Most naive choices violate UV-completability."
      },
      "coordinates": {
        "c2": 0.5,
        "c4": 0.75,
        "c6": 0.0
      },
      "curvature_invariants": {
        "kretschmann": null,
        "note": "Wilson-coefficient space; no spacetime curvature.",
        "ricci_scalar": null
      },
      "local_observables": {
        "classification": "violates_dispersion_bound",
        "dispersion_lhs": 0.5625,
        "dispersion_rhs": 0.0,
        "positivity_basic": true
      }
    },
    {
      "causal_structure": {
        "note": "Positivity/analyticity restrict EFT coefficients to a narrow cone. Most naive choices violate UV-completability."
      },
      "coordinates": {
        "c2": 0.5,
        "c4": 0.75,
        "c6": 0.25
      },
      "curvature_invariants": {
        "kretschmann": null,
        "note": "Wilson-coefficient space; no spacetime curvature.",
        "ricci_scalar": null
      },
      "local_observables": {
        "classification": "violates_dispersion_bound",
        "dispersion_lhs": 0.5625,
        "dispersion_rhs": 0.5,
        "positivity_basic": true
      }
    },
    {
      "causal_structure": {
        "note": "Positivity/analyticity restrict EFT coefficients to a narrow cone. Most naive choices violate UV-completability."
      },
      "coordinates": {
        "c2": 0.5,
        "c4": 0.75,
        "c6": 0.5
      },
      "curvature_invariants": {
        "kretschmann": null,
        "note": "Wilson-coefficient space; no spacetime curvature.",
        "ricci_scalar": null
      },
      "local_observables": {
        "classification": "strictly_inside_cone",
        "dispersion_lhs": 0.5625,
        "dispersion_rhs": 1.0,
        "positivity_basic": true
      }
    },
    {
      "causal_structure": {
        "note": "Positivity/analyticity restrict EFT coefficients to a narrow cone. Most naive choices violate UV-completability."
      },
      "coordinates": {
        "c2": 0.5,
        "c4": 0.75,
        "c6": 0.75
      },
      "curvature_invariants": {
        "kretschmann": null,
        "note": "Wilson-coefficient space; no spacetime curvature.",
        "ricci_scalar": null
      },
      "local_observables": {
        "classification": "strictly_inside_cone",
        "dispersion_lhs": 0.5625,
        "dispersion_rhs": 1.5,
        "positivity_basic": true
      }
    },
    {
      "causal_structure": {
        "note": "Positivity/analyticity restrict EFT coefficients to a narrow cone. Most naive choices violate UV-completability."
      },
      "coordinates": {
        "c2": 0.5,
        "c4": 0.75,
        "c6": 1.0
      },
      "curvature_invariants": {
        "kretschmann": null,
        "note": "Wilson-coefficient space; no spacetime curvature.",
        "ricci_scalar": null
      },
      "local_observables": {
        "classification": "strictly_inside_cone",
        "dispersion_lhs": 0.5625,
        "dispersion_rhs": 2.0,
        "positivity_basic": true
      }
    },
    {
      "causal_structure": {
        "note": "Positivity/analyticity restrict EFT coefficients to a narrow cone. Most naive choices violate UV-completability."
      },
      "coordinates": {
        "c2": 0.5,
        "c4": 1.0,
        "c6": 0.0
      },
      "curvature_invariants": {
        "kretschmann": null,
        "note": "Wilson-coefficient space; no spacetime curvature.",
        "ricci_scalar": null
      },
      "local_observables": {
        "classification": "violates_dispersion_bound",
        "dispersion_lhs": 1.0,
        "dispersion_rhs": 0.0,
        "positivity_basic": true
      }
    },
    {
      "causal_structure": {
        "note": "Positivity/analyticity restrict EFT coefficients to a narrow cone. Most naive choices violate UV-completability."
      },
      "coordinates": {
        "c2": 0.5,
        "c4": 1.0,
        "c6": 0.25
      },
      "curvature_invariants": {
        "kretschmann": null,
        "note": "Wilson-coefficient space; no spacetime curvature.",
        "ricci_scalar": null
      },
      "local_observables": {
        "classification": "violates_dispersion_bound",
        "dispersion_lhs": 1.0,
        "dispersion_rhs": 0.5,
        "positivity_basic": true
      }
    },
    {
      "causal_structure": {
        "note": "Positivity/analyticity restrict EFT coefficients to a narrow cone. Most naive choices violate UV-completability."
      },
      "coordinates": {
        "c2": 0.5,
        "c4": 1.0,
        "c6": 0.5
      },
      "curvature_invariants": {
        "kretschmann": null,
        "note": "Wilson-coefficient space; no spacetime curvature.",
        "ricci_scalar": null
      },
      "local_observables": {
        "classification": "boundary_saturated",
        "dispersion_lhs": 1.0,
        "dispersion_rhs": 1.0,
        "positivity_basic": true
      }
    },
    {
      "causal_structure": {
        "note": "Positivity/analyticity restrict EFT coefficients to a narrow cone. Most naive choices violate UV-completability."
      },
      "coordinates": {
        "c2": 0.5,
        "c4": 1.0,
        "c6": 0.75
      },
      "curvature_invariants": {
        "kretschmann": null,
        "note": "Wilson-coefficient space; no spacetime curvature.",
        "ricci_scalar": null
      },
      "local_observables": {
        "classification": "strictly_inside_cone",
        "dispersion_lhs": 1.0,
        "dispersion_rhs": 1.5,
        "positivity_basic": true
      }
    },
    {
      "causal_structure": {
        "note": "Positivity/analyticity restrict EFT coefficients to a narrow cone. Most naive choices violate UV-completability."
      },
      "coordinates": {
        "c2": 0.5,
        "c4": 1.0,
        "c6": 1.0
      },
      "curvature_invariants": {
        "kretschmann": null,
        "note": "Wilson-coefficient space; no spacetime curvature.",
        "ricci_scalar": null
      },
      "local_observables": {
        "classification": "strictly_inside_cone",
        "dispersion_lhs": 1.0,
        "dispersion_rhs": 2.0,
        "positivity_basic": true
      }
    },
    {
      "causal_structure": {
        "note": "Positivity/analyticity restrict EFT coefficients to a narrow cone. Most naive choices violate UV-completability."
      },
      "coordinates": {
        "c2": 0.75,
        "c4": 0.0,
        "c6": 0.0
      },
      "curvature_invariants": {
        "kretschmann": null,
        "note": "Wilson-coefficient space; no spacetime curvature.",
        "ricci_scalar": null
      },
      "local_observables": {
        "classification": "boundary_saturated",
        "dispersion_lhs": 0.0,
        "dispersion_rhs": 0.0,
        "positivity_basic": true
      }
    },
    {
      "causal_structure": {
        "note": "Positivity/analyticity restrict EFT coefficients to a narrow cone. Most naive choices violate UV-completability."
      },
      "coordinates": {
        "c2": 0.75,
        "c4": 0.0,
        "c6": 0.25
      },
      "curvature_invariants": {
        "kretschmann": null,
        "note": "Wilson-coefficient space; no spacetime curvature.",
        "ricci_scalar": null
      },
      "local_observables": {
        "classification": "strictly_inside_cone",
        "dispersion_lhs": 0.0,
        "dispersion_rhs": 0.75,
        "positivity_basic": true
      }
    },
    {
      "causal_structure": {
        "note": "Positivity/analyticity restrict EFT coefficients to a narrow cone. Most naive choices violate UV-completability."
      },
      "coordinates": {
        "c2": 0.75,
        "c4": 0.0,
        "c6": 0.5
      },
      "curvature_invariants": {
        "kretschmann": null,
        "note": "Wilson-coefficient space; no spacetime curvature.",
        "ricci_scalar": null
      },
      "local_observables": {
        "classification": "strictly_inside_cone",
        "dispersion_lhs": 0.0,
        "dispersion_rhs": 1.5,
        "positivity_basic": true
      }
    },
    {
      "causal_structure": {
        "note": "Positivity/analyticity restrict EFT coefficients to a narrow cone. Most naive choices violate UV-completability."
      },
      "coordinates": {
        "c2": 0.75,
        "c4": 0.0,
        "c6": 0.75
      },
      "curvature_invariants": {
        "kretschmann": null,
        "note": "Wilson-coefficient space; no spacetime curvature.",
        "ricci_scalar": null
      },
      "local_observables": {
        "classification": "strictly_inside_cone",
        "dispersion_lhs": 0.0,
        "dispersion_rhs": 2.25,
        "positivity_basic": true
      }
    },
    {
      "causal_structure": {
        "note": "Positivity/analyticity restrict EFT coefficients to a narrow cone. Most naive choices violate UV-completability."
      },
      "coordinates": {
        "c2": 0.75,
        "c4": 0.0,
        "c6": 1.0
      },
      "curvature_invariants": {
        "kretschmann": null,
        "note": "Wilson-coefficient space; no spacetime curvature.",
        "ricci_scalar": null
      },
      "local_observables": {
        "classification": "strictly_inside_cone",
        "dispersion_lhs": 0.0,
        "dispersion_rhs": 3.0,
        "positivity_basic": true
      }
    },
    {
      "causal_structure": {
        "note": "Positivity/analyticity restrict EFT coefficients to a narrow cone. Most naive choices violate UV-completability."
      },
      "coordinates": {
        "c2": 0.75,
        "c4": 0.25,
        "c6": 0.0
      },
      "curvature_invariants": {
        "kretschmann": null,
        "note": "Wilson-coefficient space; no spacetime curvature.",
        "ricci_scalar": null
      },
      "local_observables": {
        "classification": "violates_dispersion_bound",
        "dispersion_lhs": 0.0625,
        "dispersion_rhs": 0.0,
        "positivity_basic": true
      }
    },
    {
      "causal_structure": {
        "note": "Positivity/analyticity restrict EFT coefficients to a narrow cone. Most naive choices violate UV-completability."
      },
      "coordinates": {
        "c2": 0.75,
        "c4": 0.25,
        "c6": 0.25
      },
      "curvature_invariants": {
        "kretschmann": null,
        "note": "Wilson-coefficient space; no spacetime curvature.",
        "ricci_scalar": null
      },
      "local_observables": {
        "classification": "strictly_inside_cone",
        "dispersion_lhs": 0.0625,
        "dispersion_rhs": 0.75,
        "positivity_basic": true
      }
    },
    {
      "causal_structure": {
        "note": "Positivity/analyticity restrict EFT coefficients to a narrow cone. Most naive choices violate UV-completability."
      },
      "coordinates": {
        "c2": 0.75,
        "c4": 0.25,
        "c6": 0.5
      },
      "curvature_invariants": {
        "kretschmann": null,
        "note": "Wilson-coefficient space; no spacetime curvature.",
        "ricci_scalar": null
      },
      "local_observables": {
        "classification": "strictly_inside_cone",
        "dispersion_lhs": 0.0625,
        "dispersion_rhs": 1.5,
        "positivity_basic": true
      }
    },
    {
      "causal_structure": {
        "note": "Positivity/analyticity restrict EFT coefficients to a narrow cone. Most naive choices violate UV-completability."
      },
      "coordinates": {
        "c2": 0.75,
        "c4": 0.25,
        "c6": 0.75
      },
      "curvature_invariants": {
        "kretschmann": null,
        "note": "Wilson-coefficient space; no spacetime curvature.",
        "ricci_scalar": null
      },
      "local_observables": {
        "classification": "strictly_inside_cone",
        "dispersion_lhs": 0.0625,
        "dispersion_rhs": 2.25,
        "positivity_basic": true
      }
    },
    {
      "causal_structure": {
        "note": "Positivity/analyticity restrict EFT coefficients to a narrow cone. Most naive choices violate UV-completability."
      },
      "coordinates": {
        "c2": 0.75,
        "c4": 0.25,
        "c6": 1.0
      },
      "curvature_invariants": {
        "kretschmann": null,
        "note": "Wilson-coefficient space; no spacetime curvature.",
        "ricci_scalar": null
      },
      "local_observables": {
        "classification": "strictly_inside_cone",
        "dispersion_lhs": 0.0625,
        "dispersion_rhs": 3.0,
        "positivity_basic": true
      }
    },
    {
      "causal_structure": {
        "note": "Positivity/analyticity restrict EFT coefficients to a narrow cone. Most naive choices violate UV-completability."
      },
      "coordinates": {
        "c2": 0.75,
        "c4": 0.5,
        "c6": 0.0
      },
      "curvature_invariants": {
        "kretschmann": null,
        "note": "Wilson-coefficient space; no spacetime curvature.",
        "ricci_scalar": null
      },
      "local_observables": {
        "classification": "violates_dispersion_bound",
        "dispersion_lhs": 0.25,
        "dispersion_rhs": 0.0,
        "positivity_basic": true
      }
    },
    {
      "causal_structure": {
        "note": "Positivity/analyticity restrict EFT coefficients to a narrow cone. Most naive choices violate UV-completability."
      },
      "coordinates": {
        "c2": 0.75,
        "c4": 0.5,
        "c6": 0.25
      },
      "curvature_invariants": {
        "kretschmann": null,
        "note": "Wilson-coefficient space; no spacetime curvature.",
        "ricci_scalar": null
      },
      "local_observables": {
        "classification": "strictly_inside_cone",
        "dispersion_lhs": 0.25,
        "dispersion_rhs": 0.75,
        "positivity_basic": true
      }
    },
    {
      "causal_structure": {
        "note": "Positivity/analyticity restrict EFT coefficients to a narrow cone. Most naive choices violate UV-completability."
      },
      "coordinates": {
        "c2": 0.75,
        "c4": 0.5,
        "c6": 0.5
      },
      "curvature_invariants": {
        "kretschmann": null,
        "note": "Wilson-coefficient space; no spacetime curvature.",
        "ricci_scalar": null
      },
      "local_observables": {
        "classification": "strictly_inside_cone",
        "dispersion_lhs": 0.25,
        "dispersion_rhs": 1.5,
        "positivity_basic": true
      }
    },
    {
      "causal_structure": {
        "note": "Positivity/analyticity restrict EFT coefficients to a narrow cone. Most naive choices violate UV-completability."
      },
      "coordinates": {
        "c2": 0.75,
        "c4": 0.5,
        "c6": 0.75
      },
      "curvature_invariants": {
        "kretschmann": null,
        "note": "Wilson-coefficient space; no spacetime curvature.",
        "ricci_scalar": null
      },
      "local_observables": {
        "classification": "strictly_inside_cone",
        "dispersion_lhs": 0.25,
        "dispersion_rhs": 2.25,
        "positivity_basic": true
      }
    },
    {
      "causal_structure": {
        "note": "Positivity/analyticity restrict EFT coefficients to a narrow cone. Most naive choices violate UV-completability."
      },
      "coordinates": {
        "c2": 0.75,
        "c4": 0.5,
        "c6": 1.0
      },
      "curvature_invariants": {
        "kretschmann": null,
        "note": "Wilson-coefficient space; no spacetime curvature.",
        "ricci_scalar": null
      },
      "local_observables": {
        "classification": "strictly_inside_cone",
        "dispersion_lhs": 0.25,
        "dispersion_rhs": 3.0,
        "positivity_basic": true
      }
    },
    {
      "causal_structure": {
        "note": "Positivity/analyticity restrict EFT coefficients to a narrow cone. Most naive choices violate UV-completability."
      },
      "coordinates": {
        "c2": 0.75,
        "c4": 0.75,
        "c6": 0.0
      },
      "curvature_invariants": {
        "kretschmann": null,
        "note": "Wilson-coefficient space; no spacetime curvature.",
        "ricci_scalar": null
      },
      "local_observables": {
        "classification": "violates_dispersion_bound",
        "dispersion_lhs": 0.5625,
        "dispersion_rhs": 0.0,
        "positivity_basic": true
      }
    },
    {
      "causal_structure": {
        "note": "Positivity/analyticity restrict EFT coefficients to a narrow cone. Most naive choices violate UV-completability."
      },
      "coordinates": {
        "c2": 0.75,
        "c4": 0.75,
        "c6": 0.25
      },
      "curvature_invariants": {
        "kretschmann": null,
        "note": "Wilson-coefficient space; no spacetime curvature.",
        "ricci_scalar": null
      },
      "local_observables": {
        "classification": "strictly_inside_cone",
        "dispersion_lhs": 0.5625,
        "dispersion_rhs": 0.75,
        "positivity_basic": true
      }
    },
    {
      "causal_structure": {
        "note": "Positivity/analyticity restrict EFT coefficients to a narrow cone. Most naive choices violate UV-completability."
      },
      "coordinates": {
        "c2": 0.75,
        "c4": 0.75,
        "c6": 0.5
      },
      "curvature_invariants": {
        "kretschmann": null,
        "note": "Wilson-coefficient space; no spacetime curvature.",
        "ricci_scalar": null
      },
      "local_observables": {
        "classification": "strictly_inside_cone",
        "dispersion_lhs": 0.5625,
        "dispersion_rhs": 1.5,
        "positivity_basic": true
      }
    },
    {
      "causal_structure": {
        "note": "Positivity/analyticity restrict EFT coefficients to a narrow cone. Most naive choices violate UV-completability."
      },
      "coordinates": {
        "c2": 0.75,
        "c4": 0.75,
        "c6": 0.75
      },
      "curvature_invariants": {
        "kretschmann": null,
        "note": "Wilson-coefficient space; no spacetime curvature.",
        "ricci_scalar": null
      },
      "local_observables": {
        "classification": "strictly_inside_cone",
        "dispersion_lhs": 0.5625,
        "dispersion_rhs": 2.25,
        "positivity_basic": true
      }
    },
    {
      "causal_structure": {
        "note": "Positivity/analyticity restrict EFT coefficients to a narrow cone. Most naive choices violate UV-completability."
      },
      "coordinates": {
        "c2": 0.75,
        "c4": 0.75,
        "c6": 1.0
      },
      "curvature_invariants": {
        "kretschmann": null,
        "note": "Wilson-coefficient space; no spacetime curvature.",
        "ricci_scalar": null
      },
      "local_observables": {
        "classification": "strictly_inside_cone",
        "dispersion_lhs": 0.5625,
        "dispersion_rhs": 3.0,
        "positivity_basic": true
      }
    },
    {
      "causal_structure": {
        "note": "Positivity/analyticity restrict EFT coefficients to a narrow cone. Most naive choices violate UV-completability."
      },
      "coordinates": {
        "c2": 0.75,
        "c4": 1.0,
        "c6": 0.0
      },
      "curvature_invariants": {
        "kretschmann": null,
        "note": "Wilson-coefficient space; no spacetime curvature.",
        "ricci_scalar": null
      },
      "local_observables": {
        "classification": "violates_dispersion_bound",
        "dispersion_lhs": 1.0,
        "dispersion_rhs": 0.0,
        "positivity_basic": true
      }
    },
    {
      "causal_structure": {
        "note": "Positivity/analyticity restrict EFT coefficients to a narrow cone. Most naive choices violate UV-completability."
      },
      "coordinates": {
        "c2": 0.75,
        "c4": 1.0,
        "c6": 0.25
      },
      "curvature_invariants": {
        "kretschmann": null,
        "note": "Wilson-coefficient space; no spacetime curvature.",
        "ricci_scalar": null
      },
      "local_observables": {
        "classification": "violates_dispersion_bound",
        "dispersion_lhs": 1.0,
        "dispersion_rhs": 0.75,
        "positivity_basic": true
      }
    },
    {
      "causal_structure": {
        "note": "Positivity/analyticity restrict EFT coefficients to a narrow cone. Most naive choices violate UV-completability."
      },
      "coordinates": {
        "c2": 0.75,
        "c4": 1.0,
        "c6": 0.5
      },
      "curvature_invariants": {
        "kretschmann": null,
        "note": "Wilson-coefficient space; no spacetime curvature.",
        "ricci_scalar": null
      },
      "local_observables": {
        "classification": "strictly_inside_cone",
        "dispersion_lhs": 1.0,
        "dispersion_rhs": 1.5,
        "positivity_basic": true
      }
    },
    {
      "causal_structure": {
        "note": "Positivity/analyticity restrict EFT coefficients to a narrow cone. Most naive choices violate UV-completability."
      },
      "coordinates": {
        "c2": 0.75,
        "c4": 1.0,
        "c6": 0.75
      },
      "curvature_invariants": {
        "kretschmann": null,
        "note": "Wilson-coefficient space; no spacetime curvature.",
        "ricci_scalar": null
      },
      "local_observables": {
        "classification": "strictly_inside_cone",
        "dispersion_lhs": 1.0,
        "dispersion_rhs": 2.25,
        "positivity_basic": true
      }
    },
    {
      "causal_structure": {
        "note": "Positivity/analyticity restrict EFT coefficients to a narrow cone. Most naive choices violate UV-completability."
      },
      "coordinates": {
        "c2": 0.75,
        "c4": 1.0,
        "c6": 1.0
      },
      "curvature_invariants": {
        "kretschmann": null,
        "note": "Wilson-coefficient space; no spacetime curvature.",
        "ricci_scalar": null
      },
      "local_observables": {
        "classification": "strictly_inside_cone",
        "dispersion_lhs": 1.0,
        "dispersion_rhs": 3.0,
        "positivity_basic": true
      }
    },
    {
      "causal_structure": {
        "note": "Positivity/analyticity restrict EFT coefficients to a narrow cone. Most naive choices violate UV-completability."
      },
      "coordinates": {
        "c2": 1.0,
        "c4": 0.0,
        "c6": 0.0
      },
      "curvature_invariants": {
        "kretschmann": null,
        "note": "Wilson-coefficient space; no spacetime curvature.",
        "ricci_scalar": null
      },
      "local_observables": {
        "classification": "boundary_saturated",
        "dispersion_lhs": 0.0,
        "dispersion_rhs": 0.0,
        "positivity_basic": true
      }
    },
    {
      "causal_structure": {
        "note": "Positivity/analyticity restrict EFT coefficients to a narrow cone. Most naive choices violate UV-completability."
      },
      "coordinates": {
        "c2": 1.0,
        "c4": 0.0,
        "c6": 0.25
      },
      "curvature_invariants": {
        "kretschmann": null,
        "note": "Wilson-coefficient space; no spacetime curvature.",
        "ricci_scalar": null
      },
      "local_observables": {
        "classification": "strictly_inside_cone",
        "dispersion_lhs": 0.0,
        "dispersion_rhs": 1.0,
        "positivity_basic": true
      }
    },
    {
      "causal_structure": {
        "note": "Positivity/analyticity restrict EFT coefficients to a narrow cone. Most naive choices violate UV-completability."
      },
      "coordinates": {
        "c2": 1.0,
        "c4": 0.0,
        "c6": 0.5
      },
      "curvature_invariants": {
        "kretschmann": null,
        "note": "Wilson-coefficient space; no spacetime curvature.",
        "ricci_scalar": null
      },
      "local_observables": {
        "classification": "strictly_inside_cone",
        "dispersion_lhs": 0.0,
        "dispersion_rhs": 2.0,
        "positivity_basic": true
      }
    },
    {
      "causal_structure": {
        "note": "Positivity/analyticity restrict EFT coefficients to a narrow cone. Most naive choices violate UV-completability."
      },
      "coordinates": {
        "c2": 1.0,
        "c4": 0.0,
        "c6": 0.75
      },
      "curvature_invariants": {
        "kretschmann": null,
        "note": "Wilson-coefficient space; no spacetime curvature.",
        "ricci_scalar": null
      },
      "local_observables": {
        "classification": "strictly_inside_cone",
        "dispersion_lhs": 0.0,
        "dispersion_rhs": 3.0,
        "positivity_basic": true
      }
    },
    {
      "causal_structure": {
        "note": "Positivity/analyticity restrict EFT coefficients to a narrow cone. Most naive choices violate UV-completability."
      },
      "coordinates": {
        "c2": 1.0,
        "c4": 0.0,
        "c6": 1.0
      },
      "curvature_invariants": {
        "kretschmann": null,
        "note": "Wilson-coefficient space; no spacetime curvature.",
        "ricci_scalar": null
      },
      "local_observables": {
        "classification": "strictly_inside_cone",
        "dispersion_lhs": 0.0,
        "dispersion_rhs": 4.0,
        "positivity_basic": true
      }
    },
    {
      "causal_structure": {
        "note": "Positivity/analyticity restrict EFT coefficients to a narrow cone. Most naive choices violate UV-completability."
      },
      "coordinates": {
        "c2": 1.0,
        "c4": 0.25,
        "c6": 0.0
      },
      "curvature_invariants": {
        "kretschmann": null,
        "note": "Wilson-coefficient space; no spacetime curvature.",
        "ricci_scalar": null
      },
      "local_observables": {
        "classification": "violates_dispersion_bound",
        "dispersion_lhs": 0.0625,
        "dispersion_rhs": 0.0,
        "positivity_basic": true
      }
    },
    {
      "causal_structure": {
        "note": "Positivity/analyticity restrict EFT coefficients to a narrow cone. Most naive choices violate UV-completability."
      },
      "coordinates": {
        "c2": 1.0,
        "c4": 0.25,
        "c6": 0.25
      },
      "curvature_invariants": {
        "kretschmann": null,
        "note": "Wilson-coefficient space; no spacetime curvature.",
        "ricci_scalar": null
      },
      "local_observables": {
        "classification": "strictly_inside_cone",
        "dispersion_lhs": 0.0625,
        "dispersion_rhs": 1.0,
        "positivity_basic": true
      }
    },
    {
      "causal_structure": {
        "note": "Positivity/analyticity restrict EFT coefficients to a narrow cone. Most naive choices violate UV-completability."
      },
      "coordinates": {
        "c2": 1.0,
        "c4": 0.25,
        "c6": 0.5
      },
      "curvature_invariants": {
        "kretschmann": null,
        "note": "Wilson-coefficient space; no spacetime curvature.",
        "ricci_scalar": null
      },
      "local_observables": {
        "classification": "strictly_inside_cone",
        "dispersion_lhs": 0.0625,
        "dispersion_rhs": 2.0,
        "positivity_basic": true
      }
    },
    {
      "causal_structure": {
        "note": "Positivity/analyticity restrict EFT coefficients to a narrow cone. Most naive choices violate UV-completability."
      },
      "coordinates": {
        "c2": 1.0,
        "c4": 0.25,
        "c6": 0.75
      },
      "curvature_invariants": {
        "kretschmann": null,
        "note": "Wilson-coefficient space; no spacetime curvature.",
        "ricci_scalar": null
      },
      "local_observables": {
        "classification": "strictly_inside_cone",
        "dispersion_lhs": 0.0625,
        "dispersion_rhs": 3.0,
        "positivity_basic": true
      }
    },
    {
      "causal_structure": {
        "note": "Positivity/analyticity restrict EFT coefficients to a narrow cone. Most naive choices violate UV-completability."
      },
      "coordinates": {
        "c2": 1.0,
        "c4": 0.25,
        "c6": 1.0
      },
      "curvature_invariants": {
        "kretschmann": null,
        "note": "Wilson-coefficient space; no spacetime curvature.",
        "ricci_scalar": null
      },
      "local_observables": {
        "classification": "strictly_inside_cone",
        "dispersion_lhs": 0.0625,
        "dispersion_rhs": 4.0,
        "positivity_basic": true
      }
    },
    {
      "causal_structure": {
        "note": "Positivity/analyticity restrict EFT coefficients to a narrow cone. Most naive choices violate UV-completability."
      },
      "coordinates": {
        "c2": 1.0,
        "c4": 0.5,
        "c6": 0.0
      },
      "curvature_invariants": {
        "kretschmann": null,
        "note": "Wilson-coefficient space; no spacetime curvature.",
        "ricci_scalar": null
      },
      "local_observables": {
        "classification": "violates_dispersion_bound",
        "dispersion_lhs": 0.25,
        "dispersion_rhs": 0.0,
        "positivity_basic": true
      }
    },
    {
      "causal_structure": {
        "note": "Positivity/analyticity restrict EFT coefficients to a narrow cone. Most naive choices violate UV-completability."
      },
      "coordinates": {
        "c2": 1.0,
        "c4": 0.5,
        "c6": 0.25
      },
      "curvature_invariants": {
        "kretschmann": null,
        "note": "Wilson-coefficient space; no spacetime curvature.",
        "ricci_scalar": null
      },
      "local_observables": {
        "classification": "strictly_inside_cone",
        "dispersion_lhs": 0.25,
        "dispersion_rhs": 1.0,
        "positivity_basic": true
      }
    },
    {
      "causal_structure": {
        "note": "Positivity/analyticity restrict EFT coefficients to a narrow cone. Most naive choices violate UV-completability."
      },
      "coordinates": {
        "c2": 1.0,
        "c4": 0.5,
        "c6": 0.5
      },
      "curvature_invariants": {
        "kretschmann": null,
        "note": "Wilson-coefficient space; no spacetime curvature.",
        "ricci_scalar": null
      },
      "local_observables": {
        "classification": "strictly_inside_cone",
        "dispersion_lhs": 0.25,
        "dispersion_rhs": 2.0,
        "positivity_basic": true
      }
    },
    {
      "causal_structure": {
        "note": "Positivity/analyticity restrict EFT coefficients to a narrow cone. Most naive choices violate UV-completability."
      },
      "coordinates": {
        "c2": 1.0,
        "c4": 0.5,
        "c6": 0.75
      },
      "curvature_invariants": {
        "kretschmann": null,
        "note": "Wilson-coefficient space; no spacetime curvature.",
        "ricci_scalar": null
      },
      "local_observables": {
        "classification": "strictly_inside_cone",
        "dispersion_lhs": 0.25,
        "dispersion_rhs": 3.0,
        "positivity_basic": true
      }
    },
    {
      "causal_structure": {
        "note": "Positivity/analyticity restrict EFT coefficients to a narrow cone. Most naive choices violate UV-completability."
      },
      "coordinates": {
        "c2": 1.0,
        "c4": 0.5,
        "c6": 1.0
      },
      "curvature_invariants": {
        "kretschmann": null,
        "note": "Wilson-coefficient space; no spacetime curvature.",
        "ricci_scalar": null
      },
      "local_observables": {
        "classification": "strictly_inside_cone",
        "dispersion_lhs": 0.25,
        "dispersion_rhs": 4.0,
        "positivity_basic": true
      }
    },
    {
      "causal_structure": {
        "note": "Positivity/analyticity restrict EFT coefficients to a narrow cone. Most naive choices violate UV-completability."
      },
      "coordinates": {
        "c2": 1.0,
        "c4": 0.75,
        "c6": 0.0
      },
      "curvature_invariants": {
        "kretschmann": null,
        "note": "Wilson-coefficient space; no spacetime curvature.",
        "ricci_scalar": null
      },
      "local_observables": {
        "classification": "violates_dispersion_bound",
        "dispersion_lhs": 0.5625,
        "dispersion_rhs": 0.0,
        "positivity_basic": true
      }
    },
    {
      "causal_structure": {
        "note": "Positivity/analyticity restrict EFT coefficients to a narrow cone. Most naive choices violate UV-completability."
      },
      "coordinates": {
        "c2": 1.0,
        "c4": 0.75,
        "c6": 0.25
      },
      "curvature_invariants": {
        "kretschmann": null,
        "note": "Wilson-coefficient space; no spacetime curvature.",
        "ricci_scalar": null
      },
      "local_observables": {
        "classification": "strictly_inside_cone",
        "dispersion_lhs": 0.5625,
        "dispersion_rhs": 1.0,
        "positivity_basic": true
      }
    },
    {
      "causal_structure": {
        "note": "Positivity/analyticity restrict EFT coefficients to a narrow cone. Most naive choices violate UV-completability."
      },
      "coordinates": {
        "c2": 1.0,
        "c4": 0.75,
        "c6": 0.5
      },
      "curvature_invariants": {
        "kretschmann": null,
        "note": "Wilson-coefficient space; no spacetime curvature.",
        "ricci_scalar": null
      },
      "local_observables": {
        "classification": "strictly_inside_cone",
        "dispersion_lhs": 0.5625,
        "dispersion_rhs": 2.0,
        "positivity_basic": true
      }
    },
    {
      "causal_structure": {
        "note": "Positivity/analyticity restrict EFT coefficients to a narrow cone. Most naive choices violate UV-completability."
      },
      "coordinates": {
        "c2": 1.0,
        "c4": 0.75,
        "c6": 0.75
      },
      "curvature_invariants": {
        "kretschmann": null,
        "note": "Wilson-coefficient space; no spacetime curvature.",
        "ricci_scalar": null
      },
      "local_observables": {
        "classification": "strictly_inside_cone",
        "dispersion_lhs": 0.5625,
        "dispersion_rhs": 3.0,
        "positivity_basic": true
      }
    },
    {
      "causal_structure": {
        "note": "Positivity/analyticity restrict EFT coefficients to a narrow cone. Most naive choices violate UV-completability."
      },
      "coordinates": {
        "c2": 1.0,
        "c4": 0.75,
        "c6": 1.0
      },
      "curvature_invariants": {
        "kretschmann": null,
        "note": "Wilson-coefficient space; no spacetime curvature.",
        "ricci_scalar": null
      },
      "local_observables": {
        "classification": "strictly_inside_cone",
        "dispersion_lhs": 0.5625,
        "dispersion_rhs": 4.0,
        "positivity_basic": true
      }
    },
    {
      "causal_structure": {
        "note": "Positivity/analyticity restrict EFT coefficients to a narrow cone. Most naive choices violate UV-completability."
      },
      "coordinates": {
        "c2": 1.0,
        "c4": 1.0,
        "c6": 0.0
      },
      "curvature_invariants": {
        "kretschmann": null,
        "note": "Wilson-coefficient space; no spacetime curvature.",
        "ricci_scalar": null
      },
      "local_observables": {
        "classification": "violates_dispersion_bound",
        "dispersion_lhs": 1.0,
        "dispersion_rhs": 0.0,
        "positivity_basic": true
      }
    },
    {
      "causal_structure": {
        "note": "Positivity/analyticity restrict EFT coefficients to a narrow cone. Most naive choices violate UV-completability."
      },
      "coordinates": {
        "c2": 1.0,
        "c4": 1.0,
        "c6": 0.25
      },
      "curvature_invariants": {
        "kretschmann": null,
        "note": "Wilson-coefficient space; no spacetime curvature.",
        "ricci_scalar": null
      },
      "local_observables": {
        "classification": "boundary_saturated",
        "dispersion_lhs": 1.0,
        "dispersion_rhs": 1.0,
        "positivity_basic": true
      }
    },
    {
      "causal_structure": {
        "note": "Positivity/analyticity restrict EFT coefficients to a narrow cone. Most naive choices violate UV-completability."
      },
      "coordinates": {
        "c2": 1.0,
        "c4": 1.0,
        "c6": 0.5
      },
      "curvature_invariants": {
        "kretschmann": null,
        "note": "Wilson-coefficient space; no spacetime curvature.",
        "ricci_scalar": null
      },
      "local_observables": {
        "classification": "strictly_inside_cone",
        "dispersion_lhs": 1.0,
        "dispersion_rhs": 2.0,
        "positivity_basic": true
      }
    },
    {
      "causal_structure": {
        "note": "Positivity/analyticity restrict EFT coefficients to a narrow cone. Most naive choices violate UV-completability."
      },
      "coordinates": {
        "c2": 1.0,
        "c4": 1.0,
        "c6": 0.75
      },
      "curvature_invariants": {
        "kretschmann": null,
        "note": "Wilson-coefficient space; no spacetime curvature.",
        "ricci_scalar": null
      },
      "local_observables": {
        "classification": "strictly_inside_cone",
        "dispersion_lhs": 1.0,
        "dispersion_rhs": 3.0,
        "positivity_basic": true
      }
    },
    {
      "causal_structure": {
        "note": "Positivity/analyticity restrict EFT coefficients to a narrow cone. Most naive choices violate UV-completability."
      },
      "coordinates": {
        "c2": 1.0,
        "c4": 1.0,
        "c6": 1.0
      },
      "curvature_invariants": {
        "kretschmann": null,
        "note": "Wilson-coefficient space; no spacetime curvature.",
        "ricci_scalar": null
      },
      "local_observables": {
        "classification": "strictly_inside_cone",
        "dispersion_lhs": 1.0,
        "dispersion_rhs": 4.0,
        "positivity_basic": true
      }
    }
  ],
  "spacetime": "EFT coefficient space (forward scattering)",
  "theory": "Quantum Field Theory (toy): positivity bounds / analyticity bootstrap",
  "toy_id": "096",
  "units": {
    "G": 1,
    "c": 1
  }
}