{
  "notes": {
    "assumptions": [
      "Free charged scalar field",
      "Classical, constant external electric field",
      "Semiclassical Schwinger formula used as proxy"
    ],
    "pressure_point": "The QFT vacuum is unstable in sufficiently strong classical backgrounds. Particle production occurs without particle\u2013particle interactions."
  },
  "observables": {
    "trend": "Pair production rate increases rapidly once qE \u2273 m^2."
  },
  "parameters": {
    "charge": 1.0,
    "electric_fields": [
      0.1,
      0.2,
      0.5,
      1.0,
      2.0
    ],
    "mass": 1.0
  },
  "sample_points": [
    {
      "causal_structure": {
        "unitarity_violation": false,
        "vacuum_decay": true
      },
      "coordinates": {
        "electric_field_E": 0.1
      },
      "curvature_invariants": {
        "external_field_strength": 0.1
      },
      "local_observables": {
        "pair_production_rate_density": 3.614569612850643e-16,
        "vacuum_stable": false
      }
    },
    {
      "causal_structure": {
        "unitarity_violation": false,
        "vacuum_decay": true
      },
      "coordinates": {
        "electric_field_E": 0.2
      },
      "curvature_invariants": {
        "external_field_strength": 0.2
      },
      "local_observables": {
        "pair_production_rate_density": 4.7969849740641804e-09,
        "vacuum_stable": false
      }
    },
    {
      "causal_structure": {
        "unitarity_violation": false,
        "vacuum_decay": true
      },
      "coordinates": {
        "electric_field_E": 0.5
      },
      "curvature_invariants": {
        "external_field_strength": 0.5
      },
      "local_observables": {
        "pair_production_rate_density": 0.0001486063708461793,
        "vacuum_stable": false
      }
    },
    {
      "causal_structure": {
        "unitarity_violation": false,
        "vacuum_decay": true
      },
      "coordinates": {
        "electric_field_E": 1.0
      },
      "curvature_invariants": {
        "external_field_strength": 1.0
      },
      "local_observables": {
        "pair_production_rate_density": 0.00687770870204849,
        "vacuum_stable": false
      }
    },
    {
      "causal_structure": {
        "unitarity_violation": false,
        "vacuum_decay": true
      },
      "coordinates": {
        "electric_field_E": 2.0
      },
      "curvature_invariants": {
        "external_field_strength": 2.0
      },
      "local_observables": {
        "pair_production_rate_density": 0.06617012428814566,
        "vacuum_stable": false
      }
    }
  ],
  "spacetime": "Flat Minkowski (1+1D, external field background)",
  "theory": "Quantum Field Theory",
  "toy_id": "011",
  "units": {
    "c": 1,
    "hbar": 1
  }
}