{
  "notes": {
    "assumptions": [
      "Free real scalar field",
      "Different quantum states on same background",
      "Energy density computed as regulated proxy"
    ],
    "pressure_point": "Local observables depend strongly on quantum state. Geometry and field content alone do not fix physical measurements."
  },
  "observables": {
    "comparison": "\u27e8T_tt\u27e9 differs by state despite identical theory and spacetime."
  },
  "parameters": {
    "cutoff_Lambda": 20.0,
    "mass": 1.0,
    "squeeze_r": 0.8,
    "temperature": 1.0
  },
  "sample_points": [
    {
      "causal_structure": {
        "state_unique": false
      },
      "coordinates": {
        "state": "vacuum"
      },
      "curvature_invariants": {
        "cutoff_Lambda": 20.0
      },
      "local_observables": {
        "energy_density_T_tt": null
      }
    },
    {
      "causal_structure": {
        "state_unique": false
      },
      "coordinates": {
        "state": "thermal"
      },
      "curvature_invariants": {
        "temperature": 1.0
      },
      "local_observables": {
        "energy_density_T_tt": 0.40612348554202604
      }
    },
    {
      "causal_structure": {
        "state_unique": false
      },
      "coordinates": {
        "state": "squeezed"
      },
      "curvature_invariants": {
        "squeeze_parameter_r": 0.8
      },
      "local_observables": {
        "energy_density_T_tt": 50.788408864288805
      }
    }
  ],
  "spacetime": "Flat Minkowski (1+1D)",
  "theory": "Quantum Field Theory",
  "toy_id": "016",
  "units": {
    "c": 1,
    "hbar": 1
  }
}